Peptide,-10lgP,Mass,Length,ppm,m/z,RT,Area Trocas7-302-Bay-DUP,Fraction,Scan,Source File,#Spec,#Spec Trocas7-302-Bay-DUP,Accession,PTM,AScore
SC(+57.02)AAAGTEC(+57.02)LISGWGNTK,90.90,1881.8350,18,1.0,941.9257,90.29,2.45E6,103,14370,20210410_Trocas7_650_Bay302_DDA_120min_2.raw,6,6,,Carbamidomethylation,C2:Carbamidomethylation:1000.00;C9:Carbamidomethylation:1000.00
LGEHNIDVLEGNEQFINAAK,78.28,2210.0967,20,0.4,737.7065,93.90,3.05E6,103,15115,20210410_Trocas7_650_Bay302_DDA_120min_2.raw,5,5,,,
SSGSSYPSLLQC(+57.02)LK,73.99,1525.7446,14,1.1,763.8804,98.64,4.17E5,103,16059,20210410_Trocas7_650_Bay302_DDA_120min_2.raw,3,3,,Carbamidomethylation,C12:Carbamidomethylation:1000.00
SC(+57.02)AAAGTEC(+57.02)LISGWGN(+.98)TK,49.71,1882.8190,18,2.8,942.4194,91.56,2.82E4,103,14631,20210410_Trocas7_650_Bay302_DDA_120min_2.raw,2,2,,Carbamidomethylation; Deamidation (NQ),C2:Carbamidomethylation:1000.00;C9:Carbamidomethylation:1000.00;N16:Deamidation (NQ):1000.00
LSSPATLNSR,47.62,1044.5564,10,1.0,523.2860,46.21,1.78E7,103,7522,20210410_Trocas7_650_Bay302_DDA_120min_2.raw,3,3,,,
IVGGYTC(+57.02)AANSIPYQVSLNSG,46.43,2170.0364,21,1.4,724.3538,98.71,5.48E6,103,16078,20210410_Trocas7_650_Bay302_DDA_120min_2.raw,3,3,,Carbamidomethylation,C7:Carbamidomethylation:1000.00
LGEHNIDVLEGNEQ,45.99,1565.7322,14,0.3,783.8736,73.97,2.56E5,103,11780,20210410_Trocas7_650_Bay302_DDA_120min_2.raw,2,2,,,
LGEHNIDVLEGNEQ(+.98)FINAAK,44.49,2211.0808,20,5.1,738.0380,95.50,7.75E3,103,15439,20210410_Trocas7_650_Bay302_DDA_120min_2.raw,1,1,,Deamidation (NQ),Q14:Deamidation (NQ):8.22
APVLSDSSC(+57.02)K,43.63,1062.5016,10,0.6,532.2584,35.62,2.01E4,103,5819,20210410_Trocas7_650_Bay302_DDA_120min_2.raw,1,1,,Carbamidomethylation,C9:Carbamidomethylation:1000.00
LGEHNIDVLEGN(+.98)EQFINAAK,36.55,2211.0808,20,5.7,738.0384,94.90,1.5E5,103,15310,20210410_Trocas7_650_Bay302_DDA_120min_2.raw,1,1,,Deamidation (NQ),N12:Deamidation (NQ):0.00
IVGGYTC(+57.02)AANSIPYQVSLNS,34.75,2113.0149,20,1.2,1057.5160,99.57,1.58E6,103,16253,20210410_Trocas7_650_Bay302_DDA_120min_2.raw,2,2,,Carbamidomethylation,C7:Carbamidomethylation:1000.00
IVGGYTC(+57.02)AANSIPY,33.87,1484.6969,14,1.1,743.3566,89.90,3.21E5,103,14297,20210410_Trocas7_650_Bay302_DDA_120min_2.raw,1,1,,Carbamidomethylation,C7:Carbamidomethylation:1000.00
VATVSLPR,33.16,841.5021,8,2.3,421.7593,58.82,3.84E7,103,9511,20210410_Trocas7_650_Bay302_DDA_120min_2.raw,3,3,,,
LSSPATARN(+.98)R,32.00,1072.5625,10,-9.7,537.2833,51.02,1.61E5,103,8309,20210410_Trocas7_650_Bay302_DDA_120min_2.raw,2,2,GROUPS_12647683_PROKKA_470485,Deamidation (NQ),N9:Deamidation (NQ):1000.00
SLVNLGGSK,30.85,873.4919,9,-0.2,437.7531,58.37,4.03E4,103,9443,20210410_Trocas7_650_Bay302_DDA_120min_2.raw,1,1,,,
LGEHNIDVLEGNEQF,30.58,1712.8005,15,1.1,857.4084,94.62,5.9E4,103,15250,20210410_Trocas7_650_Bay302_DDA_120min_2.raw,1,1,,,
GSDSSYESILIDIR,28.59,1553.7573,14,13.3,777.8963,99.23,1.65E5,103,16183,20210410_Trocas7_650_Bay302_DDA_120min_2.raw,2,2,KNOT_4036266_PROKKA_278136,,
VVTVTVPR,27.83,869.5334,8,0.3,435.7741,60.84,3.29E7,103,9824,20210410_Trocas7_650_Bay302_DDA_120min_2.raw,6,6,GROUPS_9140978_PROKKA_212107,,
IVGGYTC(+57.02)GANTVPYQVSLNSG,26.38,2156.0208,21,1.9,1079.0197,92.83,3.23E6,103,14889,20210410_Trocas7_650_Bay302_DDA_120min_2.raw,2,2,,Carbamidomethylation,C7:Carbamidomethylation:1000.00
VPVIFLTAKDAVEDR,24.58,1671.9196,15,-5.2,558.3109,95.64,1.34E4,103,15466,20210410_Trocas7_650_Bay302_DDA_120min_2.raw,1,1,KNOT_31401360_PROKKA_826286,,
IVGGYTC(+57.02)AANSIPYQ(+.98)VSLNSG,23.82,2171.0205,21,2.5,724.6826,101.97,4.66E4,103,16734,20210410_Trocas7_650_Bay302_DDA_120min_2.raw,1,1,,Carbamidomethylation; Deamidation (NQ),C7:Carbamidomethylation:1000.00;Q15:Deamidation (NQ):17.91
LATVSLPR,23.10,855.5178,8,1.7,428.7669,59.61,1.17E7,103,9637,20210410_Trocas7_650_Bay302_DDA_120min_2.raw,3,3,KNOT_5879241_PROKKA_348517,,
KLAISSTK,22.61,846.5175,8,8.5,424.2696,141.94,5.19E4,103,23649,20210410_Trocas7_650_Bay302_DDA_120min_2.raw,1,1,KNOT_29726032_PROKKA_799506:KNOT_12836099_PROKKA_572768:KNOT_5847720_PROKKA_347557:GROUPS_9901789_PROKKA_249652:KNOT_6201773_PROKKA_359797,,
VPRSLPR,22.27,823.5028,7,-12.3,412.7536,58.50,1.43E6,103,9463,20210410_Trocas7_650_Bay302_DDA_120min_2.raw,1,1,KNOT_14573911_PROKKA_604957:KNOT_2166087_PROKKA_146631:KNOT_2519828_PROKKA_172943,,
LGEHNID,21.71,796.3715,7,0.5,399.1932,33.93,2.98E4,103,5554,20210410_Trocas7_650_Bay302_DDA_120min_2.raw,1,1,,,
NIDVLEGNEQFINAAK,21.49,1773.8896,16,1.8,887.9537,96.55,5.71E3,103,15649,20210410_Trocas7_650_Bay302_DDA_120min_2.raw,1,1,,,
EPGLYKLTAK,21.25,1118.6335,10,-1.9,560.3230,104.11,2.96E4,103,17165,20210410_Trocas7_650_Bay302_DDA_120min_2.raw,1,1,GROUPS_13093622_PROKKA_521291,,
RILARNK,20.60,869.5559,7,1.0,435.7857,116.79,8.48E3,103,19449,20210410_Trocas7_650_Bay302_DDA_120min_2.raw,1,1,GROUPS_8541875_PROKKA_174966:KNOT_2247314_PROKKA_152657,,
RIIARNK,20.60,869.5559,7,1.0,435.7857,116.79,8.48E3,103,19449,20210410_Trocas7_650_Bay302_DDA_120min_2.raw,1,1,GROUPS_10534177_PROKKA_311610:GROUPS_14204990_PROKKA_606634:KNOT_25202437_PROKKA_765468,,
RLLARNK,20.60,869.5559,7,1.0,435.7857,116.79,8.48E3,103,19449,20210410_Trocas7_650_Bay302_DDA_120min_2.raw,1,1,KNOT_3636637_PROKKA_252301:KNOT_3597267_PROKKA_249546,,
LFTAVGAPFVR,20.50,1176.6655,11,6.3,589.3438,95.93,1.11E6,103,15527,20210410_Trocas7_650_Bay302_DDA_120min_2.raw,5,5,GROUPS_10019017_PROKKA_271181,,
NPDNLVK,20.50,798.4235,7,-3.2,400.2178,142.19,3.94E3,103,23716,20210410_Trocas7_650_Bay302_DDA_120min_2.raw,1,1,GROUPS_9875403_PROKKA_244296,,
KNGVVKSLTK,20.17,1072.6604,10,0.5,537.3378,126.80,2.76E4,103,21159,20210410_Trocas7_650_Bay302_DDA_120min_2.raw,1,1,KNOT_1752617_PROKKA_116883,,
LESVAPKKK,20.00,998.6124,9,12.3,500.3196,125.15,2.68E4,103,20875,20210410_Trocas7_650_Bay302_DDA_120min_2.raw,1,1,GROUPS_9108485_PROKKA_209966,,
LFLLPQSR,19.86,972.5756,8,-3.7,487.2933,95.67,2.5E5,103,15475,20210410_Trocas7_650_Bay302_DDA_120min_2.raw,1,1,,,
AARKGSSATAR,19.76,1074.5894,11,13.8,538.3094,94.67,2.24E5,103,15260,20210410_Trocas7_650_Bay302_DDA_120min_2.raw,1,1,,,
MKAGLKPEK,19.74,1000.5739,9,-7.2,501.2906,90.78,3.65E5,103,14470,20210410_Trocas7_650_Bay302_DDA_120min_2.raw,1,1,,,
FASIGHVPTPR,19.69,1180.6353,11,12.3,394.5572,90.53,2.75E5,103,14421,20210410_Trocas7_650_Bay302_DDA_120min_2.raw,1,1,,,
ILWHEK,19.47,824.4545,6,9.1,413.2383,95.45,2.03E5,103,15428,20210410_Trocas7_650_Bay302_DDA_120min_2.raw,1,1,,,
FPIANSR,19.36,803.4290,7,-4.4,402.7200,135.29,3.08E5,103,22573,20210410_Trocas7_650_Bay302_DDA_120min_2.raw,1,1,,,
RLVVQQGK,18.87,926.5661,8,1.2,464.2909,113.44,8.94E4,103,18866,20210410_Trocas7_650_Bay302_DDA_120min_2.raw,1,1,,,
LDRFLALSK,18.79,1061.6233,9,-2.7,531.8175,93.53,6.81E4,103,15042,20210410_Trocas7_650_Bay302_DDA_120min_2.raw,3,3,,,
TDLANAVVAR,18.40,1028.5614,10,-10.2,515.2827,100.87,2.88E5,103,16526,20210410_Trocas7_650_Bay302_DDA_120min_2.raw,1,1,,,
GKIQKAGTLK,17.99,1042.6499,10,1.3,522.3329,127.54,2.64E4,103,21283,20210410_Trocas7_650_Bay302_DDA_120min_2.raw,1,1,,,
MLILPNLK,17.74,940.5779,8,3.7,471.2980,117.21,4.83E4,103,19525,20210410_Trocas7_650_Bay302_DDA_120min_2.raw,1,1,,,
M(+15.99)TTPKC(+57.02)SQSGVC(+57.02)LKTC(+57.02)VAR,17.29,2199.0269,19,4.5,734.0195,102.35,3.05E3,103,16821,20210410_Trocas7_650_Bay302_DDA_120min_2.raw,1,1,,Oxidation (M); Carbamidomethylation,M1:Oxidation (M):1000.00;C6:Carbamidomethylation:1000.00;C12:Carbamidomethylation:1000.00;C16:Carbamidomethylation:1000.00
SC(+57.02)ASAGTQ(+.98)C(+57.02)LISGWGNTK,17.26,1897.8298,18,-0.3,949.9219,87.58,2.34E4,103,13878,20210410_Trocas7_650_Bay302_DDA_120min_2.raw,1,1,,Carbamidomethylation; Deamidation (NQ),C2:Carbamidomethylation:1000.00;Q8:Deamidation (NQ):36.20;C9:Carbamidomethylation:1000.00
LQ(+.98)VPVDFTR,17.23,1074.5709,9,6.1,538.2960,104.41,6.64E3,103,17223,20210410_Trocas7_650_Bay302_DDA_120min_2.raw,1,1,,Deamidation (NQ),Q2:Deamidation (NQ):1000.00
AHILFIR,16.97,868.5283,7,-3.5,435.2699,101.78,5.25E4,103,16697,20210410_Trocas7_650_Bay302_DDA_120min_2.raw,2,2,,,
LQLLLIIIL,16.71,1050.7416,9,-9.6,526.3730,117.07,2.25E5,103,19496,20210410_Trocas7_650_Bay302_DDA_120min_2.raw,1,1,,,
MARILLIN,16.62,942.5684,8,-7.9,472.2878,100.20,1.8E6,103,16386,20210410_Trocas7_650_Bay302_DDA_120min_2.raw,1,1,,,
VYRSMLLK,16.52,1008.5790,8,9.5,505.3015,101.99,0,103,16740,20210410_Trocas7_650_Bay302_DDA_120min_2.raw,2,2,,,
GVIGGSLIAR,16.11,941.5658,10,-3.5,471.7885,141.25,2.13E4,103,23497,20210410_Trocas7_650_Bay302_DDA_120min_2.raw,1,1,,,
HLMHLI,15.84,762.4211,6,-3.6,382.2165,92.21,8.67E5,103,14754,20210410_Trocas7_650_Bay302_DDA_120min_2.raw,2,2,,,
Q(+.98)ILLIFGGSSK,15.68,1162.6598,11,-2.3,582.3358,99.13,2.62E5,103,16159,20210410_Trocas7_650_Bay302_DDA_120min_2.raw,1,1,,Deamidation (NQ),Q1:Deamidation (NQ):1000.00
VATAIIAPR,15.66,910.5599,9,13.5,456.2934,122.65,1.15E5,103,20452,20210410_Trocas7_650_Bay302_DDA_120min_2.raw,1,1,,,
VAHALFVLGG,15.65,982.5599,10,-2.8,492.2859,103.25,6.25E3,103,16999,20210410_Trocas7_650_Bay302_DDA_120min_2.raw,1,1,,,
QRAPISFSLI,15.52,1130.6448,10,-13.1,566.3223,101.55,1.04E5,103,16654,20210410_Trocas7_650_Bay302_DDA_120min_2.raw,1,1,,,
SPGSGFISVSK,15.49,1064.5502,11,8.6,533.2869,94.86,1.16E4,103,15299,20210410_Trocas7_650_Bay302_DDA_120min_2.raw,1,1,,,
YGALQ(+.98)GSRSK,15.37,1066.5406,10,4.0,534.2797,100.30,2.99E4,103,16413,20210410_Trocas7_650_Bay302_DDA_120min_2.raw,1,1,,Deamidation (NQ),Q5:Deamidation (NQ):1000.00
LFLSHVNK,15.05,956.5443,8,-2.8,479.2781,102.31,4.37E5,103,16813,20210410_Trocas7_650_Bay302_DDA_120min_2.raw,1,1,,,
NIGLIPK,15.00,753.4749,7,-3.1,377.7435,96.92,4.07E3,103,15720,20210410_Trocas7_650_Bay302_DDA_120min_2.raw,1,1,,,
