peptide,lca,superkingdom,kingdom,subkingdom,superphylum,phylum,subphylum,superclass,class,subclass,infraclass,superorder,order,suborder,infraorder,parvorder,superfamily,family,subfamily,tribe,subtribe,genus,subgenus,species group,species subgroup,species,subspecies,varietas,forma,EC,EC - names,GO (cellular component),GO (molecular function),GO (biological process),GO (cellular component) - names,GO (molecular function) - names,GO (biological process) - names,InterPro,InterPro - names
LSSPATLNSR,Mammalia,Eukaryota,Metazoa,,,Chordata,Craniata,Sarcopterygii,Mammalia,,,,,,,,,,,,,,,,,,,,,3.4.21.4 (100%),Trypsin (100%),GO:0005615 (11%);GO:0016021 (2%),extracellular space (11%);integral component of membrane (2%),GO:0004252 (100%);GO:0046872 (4%),serine-type endopeptidase activity (100%);metal ion binding (4%),GO:0006508 (11%);GO:0007586 (4%),proteolysis (11%);digestion (4%),IPR001254 (100%);IPR009003 (100%);IPR043504 (100%),Serine proteases, trypsin domain (100%);Peptidase S1, PA clan (100%);Peptidase S1, PA clan, chymotrypsin-like fold (100%)
SLQVR,root,,,,,,,,,,,,,,,,,,,,,,,,,,,,,2.7.13.3 (31%);7.1.1.- (6%);3.1.4.53 (4%),Histidine kinase (31%);Hydron translocation or charge separation linked to oxidoreductase reactions (6%);3',5'-cyclic-AMP phosphodiesterase (4%),GO:0016021 (29%);GO:0005886 (7%);GO:0005737 (5%),integral component of membrane (29%);plasma membrane (7%);cytoplasm (5%),GO:0005524 (19%);GO:0046872 (11%);GO:0016787 (9%),ATP binding (19%);metal ion binding (11%);hydrolase activity (9%),GO:0005975 (5%);GO:0006355 (2%);GO:0009058 (2%),carbohydrate metabolic process (5%);regulation of transcription, DNA-templated (2%);biosynthetic process (2%),IPR027417 (7%);IPR036890 (7%);IPR003594 (7%),P-loop containing nucleoside triphosphate hydrolase (7%);Histidine kinase/HSP90-like ATPase superfamily (7%);Histidine kinase/HSP90-like ATPase (7%)
LSSPATLDSR,,,,,,,,,,,,,,,,,,,,,,,,,,,,,,,,,,,,,,,
LNSPATLNSR,Myomorpha,Eukaryota,Metazoa,,,Chordata,Craniata,Sarcopterygii,Mammalia,,Euarchontoglires,Rodentia,Myomorpha,,,,,,,,,,,,,,,,,3.4.21.4 (100%),Trypsin (100%),GO:0005615 (25%),extracellular space (25%),GO:0004252 (100%);GO:0046872 (25%),serine-type endopeptidase activity (100%);metal ion binding (25%),GO:0006508 (25%);GO:0007586 (25%),proteolysis (25%);digestion (25%),IPR001254 (100%);IPR001314 (100%);IPR009003 (100%),Serine proteases, trypsin domain (100%);Peptidase S1A, chymotrypsin family (100%);Peptidase S1, PA clan (100%)
VVTVDLPR,root,,,,,,,,,,,,,,,,,,,,,,,,,,,,,1.1.1.103 (100%),L-threonine 3-dehydrogenase (100%),GO:0005886 (50%),plasma membrane (50%),GO:0008270 (50%);GO:0008743 (50%),zinc ion binding (50%);L-threonine 3-dehydrogenase activity (50%),,,IPR001107 (50%);IPR001972 (50%);IPR002328 (50%),Band 7 domain (50%);Stomatin/HflK/HflC family (50%);Alcohol dehydrogenase, zinc-type, conserved site (50%)
VVTVSLPR,root,,,,,,,,,,,,,,,,,,,,,,,,,,,,,,,,,GO:0005524 (100%);GO:0008134 (100%);GO:0043565 (100%),ATP binding (100%);transcription factor binding (100%);sequence-specific DNA binding (100%),GO:0000160 (100%);GO:0006355 (100%),phosphorelay signal transduction system (100%);regulation of transcription, DNA-templated (100%),IPR001789 (100%);IPR002078 (100%);IPR002197 (100%),Signal transduction response regulator, receiver domain (100%);RNA polymerase sigma factor 54 interaction domain (100%);DNA binding HTH domain,  Fis-type (100%)
VATVSPLR,Solirubrobacteraceae,Bacteria,,,,Actinobacteria,,,Thermoleophilia,,,Solirubrobacterales,,,,Solirubrobacteraceae,,,,,,,,,,,,,,,,GO:0005886 (100%);GO:0016021 (100%),plasma membrane (100%);integral component of membrane (100%),,,,,IPR003838 (100%);IPR025857 (100%),ABC3 transporter permease protein domain (100%);MacB-like periplasmic core domain (100%)
VVEVSLPR,Planctomycetales,Bacteria,,,,Planctomycetes,,,Planctomycetia,,,Planctomycetales,,,,,,,,,,,,,,,,,,,,,,,,,,,
APVLSDSSCK,Mammalia,Eukaryota,Metazoa,,,Chordata,Craniata,Sarcopterygii,Mammalia,,,,,,,,,,,,,,,,,,,,,3.4.21.4 (100%),Trypsin (100%),GO:0005615 (33%),extracellular space (33%),GO:0004252 (100%);GO:0046872 (17%),serine-type endopeptidase activity (100%);metal ion binding (17%),GO:0006508 (33%);GO:0007586 (17%),proteolysis (33%);digestion (17%),IPR001254 (100%);IPR001314 (100%);IPR009003 (100%),Serine proteases, trypsin domain (100%);Peptidase S1A, chymotrypsin family (100%);Peptidase S1, PA clan (100%)
VAEVSLPR,,,,,,,,,,,,,,,,,,,,,,,,,,,,,,,,,,,,,,,
LATVLSPR,Gammaproteobacteria,Bacteria,,,,Proteobacteria,,,Gammaproteobacteria,,,,,,,,,,,,,,,,,,,,,,,,,,,,,IPR002634 (100%);IPR036065 (100%),BolA protein (100%);BolA-like superfamily (100%)
VVTVLSPR,root,,,,,,,,,,,,,,,,,,,,,,,,,,,,,,,,,,,GO:0007165 (100%),signal transduction (100%),IPR000157 (100%);IPR035897 (100%),Toll/interleukin-1 receptor homology (TIR) domain (100%);Toll/interleukin-1 receptor homology (TIR) domain superfamily (100%)
LSSPATLNDR,Sarcopterygii,Eukaryota,Metazoa,,,Chordata,Craniata,Sarcopterygii,,,,,,,,,,,,,,,,,,,,,,3.4.21.7 (100%),Plasmin (100%),GO:0005576 (13%),extracellular region (13%),GO:0004252 (100%),serine-type endopeptidase activity (100%),GO:0007596 (13%);GO:0042730 (13%);GO:0048771 (13%),blood coagulation (13%);fibrinolysis (13%);tissue remodeling (13%),IPR001254 (100%);IPR009003 (100%);IPR043504 (100%),Serine proteases, trypsin domain (100%);Peptidase S1, PA clan (100%);Peptidase S1, PA clan, chymotrypsin-like fold (100%)
VVTADLPR,Chloroflexi,Bacteria,,,,Chloroflexi,,,,,,,,,,,,,,,,,,,,,,,,,,,,GO:0016787 (100%);GO:0016831 (100%),hydrolase activity (100%);carboxy-lyase activity (100%),,,IPR006680 (100%);IPR032465 (100%);IPR032466 (100%),Amidohydrolase-related (100%);2-amino-3-carboxymuconate-6-semialdehyde decarboxylase (100%);Metal-dependent hydrolase (100%)
DSGSSYPTVLK,,,,,,,,,,,,,,,,,,,,,,,,,,,,,,,,,,,,,,,
SACLLSGWGNTK,,,,,,,,,,,,,,,,,,,,,,,,,,,,,,,,,,,,,,,
MVDLAWFK,,,,,,,,,,,,,,,,,,,,,,,,,,,,,,,,,,,,,,,
EFEYPSLLQTSGR,,,,,,,,,,,,,,,,,,,,,,,,,,,,,,,,,,,,,,,
LSSPADLNSR,,,,,,,,,,,,,,,,,,,,,,,,,,,,,,,,,,,,,,,
QTCLLSGWQATK,,,,,,,,,,,,,,,,,,,,,,,,,,,,,,,,,,,,,,,
GYGCAK,root,,,,,,,,,,,,,,,,,,,,,,,,,,,,,3.1.26.4 (50%);6.1.1.1 (50%),Ribonuclease H (50%);Tyrosine--tRNA ligase (50%),GO:0016021 (60%);GO:0005737 (20%),integral component of membrane (60%);cytoplasm (20%),GO:0000049 (20%);GO:0003723 (20%);GO:0004523 (20%),tRNA binding (20%);RNA binding (20%);RNA-DNA hybrid ribonuclease activity (20%),GO:0006401 (20%);GO:0006437 (20%),RNA catabolic process (20%);tyrosyl-tRNA aminoacylation (20%),IPR003339 (50%);IPR001352 (17%);IPR002305 (17%),ABC/ECF transporter, transmembrane component (50%);Ribonuclease HII/HIII (17%);Aminoacyl-tRNA synthetase, class Ic (17%)
MHFPHLYVPR,,,,,,,,,,,,,,,,,,,,,,,,,,,,,,,,,,,,,,,
CTGSYPSLLK,,,,,,,,,,,,,,,,,,,,,,,,,,,,,,,,,,,,,,,
QFNGELVDLWMSK,,,,,,,,,,,,,,,,,,,,,,,,,,,,,,,,,,,,,,,
HMFPHLYVPR,,,,,,,,,,,,,,,,,,,,,,,,,,,,,,,,,,,,,,,
CLLSGWK,Balaenoptera physalus,Eukaryota,Metazoa,,,Chordata,Craniata,Sarcopterygii,Mammalia,,Laurasiatheria,Artiodactyla,Whippomorpha,Cetacea,,Balaenopteridae,,,,Balaenoptera,,,,Balaenoptera physalus,,,,,,,,GO:0005634 (100%),nucleus (100%),,,GO:0006351 (100%),transcription, DNA-templated (100%),IPR003618 (100%);IPR017923 (100%);IPR035100 (100%),Transcription elongation factor S-II, central domain (100%);Transcription factor IIS, N-terminal (100%);Transcription elongation factor, IIS-type (100%)
CLLSGWR,root,,,,,,,,,,,,,,,,,,,,,,,,,,,,,,,,,GO:0016491 (50%);GO:0046872 (50%),oxidoreductase activity (50%);metal ion binding (50%),,,IPR001841 (33%);IPR005202 (33%);IPR013083 (33%),Zinc finger, RING-type (33%);Transcription factor GRAS (33%);Zinc finger, RING/FYVE/PHD-type (33%)
CLVDLHLGPK,,,,,,,,,,,,,,,,,,,,,,,,,,,,,,,,,,,,,,,
SPATLNNK,,,,,,,,,,,,,,,,,,,,,,,,,,,,,,,,,,,,,,,
DGMLLSGWGAATK,,,,,,,,,,,,,,,,,,,,,,,,,,,,,,,,,,,,,,,
WLHNLDVLEGWGK,,,,,,,,,,,,,,,,,,,,,,,,,,,,,,,,,,,,,,,
MLNAAK,root,,,,,,,,,,,,,,,,,,,,,,,,,,,,,2.7.8.- (49%);2.2.1.6 (12%);3.4.11.4 (8%),Transferases for other substituted phosphate groups (49%);Acetolactate synthase (12%);Tripeptide aminopeptidase (8%),GO:0016021 (34%);GO:0005886 (22%);GO:0005737 (7%),integral component of membrane (34%);plasma membrane (22%);cytoplasm (7%),GO:0008808 (20%);GO:0005524 (10%);GO:0016491 (6%),cardiolipin synthase activity (20%);ATP binding (10%);oxidoreductase activity (6%),GO:0032049 (20%);GO:0006508 (5%);GO:0032259 (4%),cardiolipin biosynthetic process (20%);proteolysis (5%);methylation (4%),IPR001736 (16%);IPR022924 (16%);IPR025202 (16%),Phospholipase D/Transphosphatidylase (16%);Cardiolipin synthase (16%);Phospholipase D-like domain (16%)
GFNSYPSLLCR,,,,,,,,,,,,,,,,,,,,,,,,,,,,,,,,,,,,,,,
SPATLDSR,root,,,,,,,,,,,,,,,,,,,,,,,,,,,,,1.8.3.2 (100%),Thiol oxidase (100%),,,GO:0016971 (100%),flavin-linked sulfhydryl oxidase activity (100%),,,IPR017905 (100%);IPR036774 (100%);IPR039799 (100%),ERV/ALR sulfhydryl oxidase domain (100%);ERV/ALR sulfhydryl oxidase domain superfamily (100%);Sulfhydryl oxidase ALR/ERV (100%)
FDHLWK,root,,,,,,,,,,,,,,,,,,,,,,,,,,,,,2.1.1.- (67%);3.6.3.44 (33%),Methyltransferases (67%);Transferred entry: 7.6.2.2 (33%),GO:0008290 (35%);GO:0016021 (9%),F-actin capping protein complex (35%);integral component of membrane (9%),GO:0003779 (35%);GO:0016491 (24%);GO:0071949 (24%),actin binding (35%);oxidoreductase activity (24%);FAD binding (24%),GO:0051016 (35%);GO:0009058 (12%);GO:0006355 (3%),barbed-end actin filament capping (35%);biosynthetic process (12%);regulation of transcription, DNA-templated (3%),IPR002189 (31%);IPR037282 (31%);IPR042489 (31%),F-actin-capping protein subunit alpha (31%);F-actin-capping protein subunit alpha/beta (31%);F-actin capping protein, alpha subunit, domain 1 (31%)
VPGVSLPR,,,,,,,,,,,,,,,,,,,,,,,,,,,,,,,,,,,,,,,
EMLLSGWNATK,,,,,,,,,,,,,,,,,,,,,,,,,,,,,,,,,,,,,,,
YLHPGSPR,,,,,,,,,,,,,,,,,,,,,,,,,,,,,,,,,,,,,,,
ACASAGTESELSGWK,,,,,,,,,,,,,,,,,,,,,,,,,,,,,,,,,,,,,,,
LNPLK,root,,,,,,,,,,,,,,,,,,,,,,,,,,,,,2.4.2.14 (52%);1.4.4.2 (4%);2.1.1.72 (4%),Amidophosphoribosyltransferase (52%);Glycine dehydrogenase (aminomethyl-transferring) (4%);Site-specific DNA-methyltransferase (adenine-specific) (4%),GO:0016021 (24%);GO:0005886 (8%);GO:0005737 (5%),integral component of membrane (24%);plasma membrane (8%);cytoplasm (5%),GO:0004044 (19%);GO:0000287 (19%);GO:0051539 (18%),amidophosphoribosyltransferase activity (19%);magnesium ion binding (19%);4 iron, 4 sulfur cluster binding (18%),GO:0006189 (19%);GO:0009116 (19%);GO:0009113 (19%),'de novo' IMP biosynthetic process (19%);nucleoside metabolic process (19%);purine nucleobase biosynthetic process (19%),IPR029057 (17%);IPR000836 (17%);IPR029055 (17%),Phosphoribosyltransferase-like (17%);Phosphoribosyltransferase domain (17%);Nucleophile aminohydrolases, N-terminal (17%)
EMHPGVLK,,,,,,,,,,,,,,,,,,,,,,,,,,,,,,,,,,,,,,,
MHFPHLTK,,,,,,,,,,,,,,,,,,,,,,,,,,,,,,,,,,,,,,,
LSSPATTDGPK,,,,,,,,,,,,,,,,,,,,,,,,,,,,,,,,,,,,,,,
EASPNPATEQPK,,,,,,,,,,,,,,,,,,,,,,,,,,,,,,,,,,,,,,,
MDLGYAK,Bacteria,Bacteria,,,,,,,,,,,,,,,,,,,,,,,,,,,,,,GO:0016021 (100%);GO:0005886 (14%),integral component of membrane (100%);plasma membrane (14%),,,,,IPR003838 (50%);IPR025857 (50%);IPR031621 (50%),ABC3 transporter permease protein domain (50%);MacB-like periplasmic core domain (50%);Histidine kinase, N-terminal 7TM region (50%)
MHFPHLTSAK,,,,,,,,,,,,,,,,,,,,,,,,,,,,,,,,,,,,,,,
TVVNLGGSK,,,,,,,,,,,,,,,,,,,,,,,,,,,,,,,,,,,,,,,
CASAAGTETDLSGSVGNTK,,,,,,,,,,,,,,,,,,,,,,,,,,,,,,,,,,,,,,,
MHMLHLYVPR,,,,,,,,,,,,,,,,,,,,,,,,,,,,,,,,,,,,,,,
NNGGGLGSK,,,,,,,,,,,,,,,,,,,,,,,,,,,,,,,,,,,,,,,
QVMCWSLLSGWGNTR,,,,,,,,,,,,,,,,,,,,,,,,,,,,,,,,,,,,,,,
DSGSSYK,root,,,,,,,,,,,,,,,,,,,,,,,,,,,,,,,GO:0016592 (50%),mediator complex (50%),GO:0003712 (50%);GO:0003723 (50%),transcription coregulator activity (50%);RNA binding (50%),GO:0006357 (50%),regulation of transcription by RNA polymerase II (50%),IPR000504 (50%);IPR012677 (50%);IPR019313 (50%),RNA recognition motif domain (50%);Nucleotide-binding alpha-beta plait domain superfamily (50%);Mediator complex, subunit Med17 (50%)
CLLSGWQATK,,,,,,,,,,,,,,,,,,,,,,,,,,,,,,,,,,,,,,,
TVVNLNSK,,,,,,,,,,,,,,,,,,,,,,,,,,,,,,,,,,,,,,,
NLCLLSGWGNTK,,,,,,,,,,,,,,,,,,,,,,,,,,,,,,,,,,,,,,,
SCLLSGWNGTR,,,,,,,,,,,,,,,,,,,,,,,,,,,,,,,,,,,,,,,
EFHPGLAR,Oleiphilus messinensis,Bacteria,,,,Proteobacteria,,,Gammaproteobacteria,,,Oceanospirillales,,,,Oleiphilaceae,,,,Oleiphilus,,,,Oleiphilus messinensis,,,,,,,,,,,,,,IPR012434 (100%),Protein of unknown function DUF1631 (100%)
VGDLSVFK,Seonamhaeicola,Bacteria,,,,Bacteroidetes,,,Flavobacteriia,,,Flavobacteriales,,,,Flavobacteriaceae,,,,Seonamhaeicola,,,,,,,,,,,,,,GO:0004553 (100%),hydrolase activity, hydrolyzing O-glycosyl compounds (100%),GO:0005975 (100%),carbohydrate metabolic process (100%),IPR006104 (100%);IPR008979 (100%);IPR017853 (100%),Glycosyl hydrolases family 2, sugar binding domain (100%);Galactose-binding-like domain superfamily (100%);Glycoside hydrolase superfamily (100%)
WNCHQLSGWGAATK,,,,,,,,,,,,,,,,,,,,,,,,,,,,,,,,,,,,,,,
LVSPATGNNGK,,,,,,,,,,,,,,,,,,,,,,,,,,,,,,,,,,,,,,,
GFNSYPSLLQSWK,,,,,,,,,,,,,,,,,,,,,,,,,,,,,,,,,,,,,,,
TASGSASECK,,,,,,,,,,,,,,,,,,,,,,,,,,,,,,,,,,,,,,,
STMESSNPSK,,,,,,,,,,,,,,,,,,,,,,,,,,,,,,,,,,,,,,,
WQWWYMVMGSNLSVELK,,,,,,,,,,,,,,,,,,,,,,,,,,,,,,,,,,,,,,,
MHFPHLTASK,,,,,,,,,,,,,,,,,,,,,,,,,,,,,,,,,,,,,,,
FMVEETR,root,,,,,,,,,,,,,,,,,,,,,,,,,,,,,3.2.1.21 (100%),Beta-glucosidase (100%),,,GO:0004553 (67%);GO:0008422 (17%);GO:0015930 (17%),hydrolase activity, hydrolyzing O-glycosyl compounds (67%);beta-glucosidase activity (17%);glutamate synthase activity (17%),GO:0005975 (83%);GO:0006537 (17%),carbohydrate metabolic process (83%);glutamate biosynthetic process (17%),IPR001764 (83%);IPR002772 (83%);IPR017853 (83%),Glycoside hydrolase, family 3, N-terminal (83%);Glycoside hydrolase family 3 C-terminal domain (83%);Glycoside hydrolase superfamily (83%)
DYLSNVLATNMTK,,,,,,,,,,,,,,,,,,,,,,,,,,,,,,,,,,,,,,,
VATVPQQK,,,,,,,,,,,,,,,,,,,,,,,,,,,,,,,,,,,,,,,
LWHLLQEAEHNVTDCVER,,,,,,,,,,,,,,,,,,,,,,,,,,,,,,,,,,,,,,,
LMWELVDYLGPDK,,,,,,,,,,,,,,,,,,,,,,,,,,,,,,,,,,,,,,,
MAANSLPYQVPSPAK,,,,,,,,,,,,,,,,,,,,,,,,,,,,,,,,,,,,,,,
MHLMHLTTANK,,,,,,,,,,,,,,,,,,,,,,,,,,,,,,,,,,,,,,,
STGSSYPPAQYR,,,,,,,,,,,,,,,,,,,,,,,,,,,,,,,,,,,,,,,
MHLMHLYVPR,,,,,,,,,,,,,,,,,,,,,,,,,,,,,,,,,,,,,,,
CASSYALLLQESK,,,,,,,,,,,,,,,,,,,,,,,,,,,,,,,,,,,,,,,
DSGSSYVVVLK,,,,,,,,,,,,,,,,,,,,,,,,,,,,,,,,,,,,,,,
CLSSPATQWR,,,,,,,,,,,,,,,,,,,,,,,,,,,,,,,,,,,,,,,
DLEATK,root,,,,,,,,,,,,,,,,,,,,,,,,,,,,,6.1.1.3 (13%);1.1.1.35 (11%);2.3.-.- (7%),Threonine--tRNA ligase (13%);3-hydroxyacyl-CoA dehydrogenase (11%);Acyltransferases (7%),GO:0016021 (17%);GO:0005737 (6%);GO:0005576 (2%),integral component of membrane (17%);cytoplasm (6%);extracellular region (2%),GO:0046872 (32%);GO:0016787 (31%);GO:0005524 (10%),metal ion binding (32%);hydrolase activity (31%);ATP binding (10%),GO:0006071 (8%);GO:0006631 (2%);GO:0051301 (2%),glycerol metabolic process (8%);fatty acid metabolic process (2%);cell division (2%),IPR039461 (19%);IPR029068 (8%);IPR037523 (7%),Peptidase family M49 (19%);Glyoxalase/Bleomycin resistance protein/Dihydroxybiphenyl dioxygenase (8%);Vicinal oxygen chelate (VOC) domain (7%)
TATVSTLR,Tetraselmis chuii,Eukaryota,Viridiplantae,,,Chlorophyta,,,Chlorodendrophyceae,,,Chlorodendrales,,,,Chlorodendraceae,,,,Tetraselmis,,,,Tetraselmis chuii,,,,,,,,,,,,,,IPR005069 (100%),Nucleotide-diphospho-sugar transferase (100%)
CQTAASESWLSGWGAATK,,,,,,,,,,,,,,,,,,,,,,,,,,,,,,,,,,,,,,,
YWVMCDLSVQNK,,,,,,,,,,,,,,,,,,,,,,,,,,,,,,,,,,,,,,,
FFASWNPGK,,,,,,,,,,,,,,,,,,,,,,,,,,,,,,,,,,,,,,,
YMTTAVLK,,,,,,,,,,,,,,,,,,,,,,,,,,,,,,,,,,,,,,,
MHLMHLTK,Dorea,Bacteria,,,,Firmicutes,,,Clostridia,,,Eubacteriales,,,,Lachnospiraceae,,,,Dorea,,,,,,,,,,,,,,,,,,IPR001453 (100%);IPR036425 (100%),MoaB/Mog domain (100%);MoaB/Mog-like domain superfamily (100%)
TSGSSYHK,,,,,,,,,,,,,,,,,,,,,,,,,,,,,,,,,,,,,,,
YSPAK,root,,,,,,,,,,,,,,,,,,,,,,,,,,,,,3.4.19.12 (59%);3.4.22.- (59%);2.6.1.- (9%),Ubiquitinyl hydrolase 1 (59%);Cysteine endopeptidases (59%);Transaminases (9%),GO:0019033 (26%);GO:0030430 (26%);GO:0042025 (26%),viral tegument (26%);host cell cytoplasm (26%);host cell nucleus (26%),GO:0004843 (26%);GO:0008234 (26%);GO:0046872 (8%),thiol-dependent deubiquitinase (26%);cysteine-type peptidase activity (26%);metal ion binding (8%),GO:0039648 (26%);GO:0009058 (4%);GO:0071586 (3%),modulation by virus of host protein ubiquitination (26%);biosynthetic process (4%);CAAX-box protein processing (3%),IPR038765 (24%);IPR006928 (24%);IPR034702 (24%),Papain-like cysteine peptidase superfamily (24%);Herpesvirus large tegument protein, USP domain (24%);Large tegument protein deneddylase (24%)
WNHLLQQAEGR,,,,,,,,,,,,,,,,,,,,,,,,,,,,,,,,,,,,,,,
SQMLNAAK,Eubacteriales,Bacteria,,,,Firmicutes,,,Clostridia,,,Eubacteriales,,,,,,,,,,,,,,,,,,,,,,,,,,IPR024541 (100%),Protein of unknown function DUF3881 (100%)
CLSSPATWQR,,,,,,,,,,,,,,,,,,,,,,,,,,,,,,,,,,,,,,,
DSNMLATVSTHK,,,,,,,,,,,,,,,,,,,,,,,,,,,,,,,,,,,,,,,
CGHLSSGDDNPLK,,,,,,,,,,,,,,,,,,,,,,,,,,,,,,,,,,,,,,,
WWWYVMSNLSVQNK,,,,,,,,,,,,,,,,,,,,,,,,,,,,,,,,,,,,,,,
MHPFHLYVPR,,,,,,,,,,,,,,,,,,,,,,,,,,,,,,,,,,,,,,,
MHPFHLTASK,,,,,,,,,,,,,,,,,,,,,,,,,,,,,,,,,,,,,,,
YNWWFNGSNLSVQNK,,,,,,,,,,,,,,,,,,,,,,,,,,,,,,,,,,,,,,,
YVHSVK,root,,,,,,,,,,,,,,,,,,,,,,,,,,,,,2.4.1.- (38%);2.7.7.59 (25%);3.1.4.- (25%),Hexosyltransferases (38%);[Protein-PII] uridylyltransferase (25%);Phosphoric diester hydrolases (25%),GO:0016021 (46%);GO:0000139 (36%);GO:0005887 (14%),integral component of membrane (46%);Golgi membrane (36%);integral component of plasma membrane (14%),GO:0016758 (36%);GO:0030246 (36%);GO:0008320 (14%),hexosyltransferase activity (36%);carbohydrate binding (36%);protein transmembrane transporter activity (14%),GO:0006486 (36%);GO:0043953 (14%);GO:0005975 (7%),protein glycosylation (36%);protein transport by the Tat complex (14%);carbohydrate metabolic process (7%),IPR001079 (26%);IPR002659 (26%);IPR013320 (26%),Galectin, carbohydrate recognition domain (26%);Glycosyl transferase, family 31 (26%);Concanavalin A-like lectin/glucanase domain superfamily (26%)
MHLMHLTSAK,,,,,,,,,,,,,,,,,,,,,,,,,,,,,,,,,,,,,,,
WWHCVLVPPLSVQNK,,,,,,,,,,,,,,,,,,,,,,,,,,,,,,,,,,,,,,,
GPNLMHLTEER,,,,,,,,,,,,,,,,,,,,,,,,,,,,,,,,,,,,,,,
MHLMHLTANTK,,,,,,,,,,,,,,,,,,,,,,,,,,,,,,,,,,,,,,,
WMLEYNLSVQNK,,,,,,,,,,,,,,,,,,,,,,,,,,,,,,,,,,,,,,,
SSTNAGVMCLLSGEDAATK,,,,,,,,,,,,,,,,,,,,,,,,,,,,,,,,,,,,,,,
LPWLGLTK,,,,,,,,,,,,,,,,,,,,,,,,,,,,,,,,,,,,,,,
WMFAEGR,,,,,,,,,,,,,,,,,,,,,,,,,,,,,,,,,,,,,,,
SQFLNAAK,,,,,,,,,,,,,,,,,,,,,,,,,,,,,,,,,,,,,,,
CLLSGSQAATK,,,,,,,,,,,,,,,,,,,,,,,,,,,,,,,,,,,,,,,
QQLSGWQDGK,,,,,,,,,,,,,,,,,,,,,,,,,,,,,,,,,,,,,,,
MHFPHLTAK,,,,,,,,,,,,,,,,,,,,,,,,,,,,,,,,,,,,,,,
WCEAATK,,,,,,,,,,,,,,,,,,,,,,,,,,,,,,,,,,,,,,,
MHLMHLTAK,,,,,,,,,,,,,,,,,,,,,,,,,,,,,,,,,,,,,,,
RPLLNYK,Bacteria,Bacteria,,,,,,,,,,,,,,,,,,,,,,,,,,,,2.7.1.71 (80%);3.2.1.31 (20%),Shikimate kinase (80%);Beta-glucuronidase (20%),GO:0005737 (67%),cytoplasm (67%),GO:0000287 (67%);GO:0004765 (67%);GO:0005524 (67%),magnesium ion binding (67%);shikimate kinase activity (67%);ATP binding (67%),GO:0008652 (67%);GO:0009073 (67%);GO:0009423 (67%),cellular amino acid biosynthetic process (67%);aromatic amino acid family biosynthetic process (67%);chorismate biosynthetic process (67%),IPR000623 (67%);IPR027417 (67%);IPR031322 (67%),Shikimate kinase/Threonine synthase-like 1 (67%);P-loop containing nucleoside triphosphate hydrolase (67%);Shikimate kinase/gluconokinase (67%)
EMLLSGWGAGDK,,,,,,,,,,,,,,,,,,,,,,,,,,,,,,,,,,,,,,,
MHLMHLTNGSR,,,,,,,,,,,,,,,,,,,,,,,,,,,,,,,,,,,,,,,
AMNMLATVGHMK,,,,,,,,,,,,,,,,,,,,,,,,,,,,,,,,,,,,,,,
YSYPGVLK,,,,,,,,,,,,,,,,,,,,,,,,,,,,,,,,,,,,,,,
MHFPHLTTK,,,,,,,,,,,,,,,,,,,,,,,,,,,,,,,,,,,,,,,
FEHPGLAR,Bacteria,Bacteria,,,,,,,,,,,,,,,,,,,,,,,,,,,,,,,,GO:0008483 (83%);GO:0030170 (83%);GO:0003677 (17%),transaminase activity (83%);pyridoxal phosphate binding (83%);DNA binding (17%),GO:0000160 (17%);GO:0006355 (17%),phosphorelay signal transduction system (17%);regulation of transcription, DNA-templated (17%),IPR002575 (83%);IPR005814 (83%);IPR011009 (83%),Aminoglycoside phosphotransferase (83%);Aminotransferase class-III (83%);Protein kinase-like domain superfamily (83%)
MHLMHLTQASK,,,,,,,,,,,,,,,,,,,,,,,,,,,,,,,,,,,,,,,
HMLMHLTAK,,,,,,,,,,,,,,,,,,,,,,,,,,,,,,,,,,,,,,,
MHFPHLTTGK,,,,,,,,,,,,,,,,,,,,,,,,,,,,,,,,,,,,,,,
MLLSGWGAATK,,,,,,,,,,,,,,,,,,,,,,,,,,,,,,,,,,,,,,,
WWWNYK,Bacteroidetes,Bacteria,,,,Bacteroidetes,,,,,,,,,,,,,,,,,,,,,,,,,,,,,,,,,
GMGSNLSVELK,,,,,,,,,,,,,,,,,,,,,,,,,,,,,,,,,,,,,,,
NHGNK,root,,,,,,,,,,,,,,,,,,,,,,,,,,,,,3.1.26.4 (46%);3.2.1.21 (25%);2.3.3.16 (4%),Ribonuclease H (46%);Beta-glucosidase (25%);Citrate synthase (unknown stereospecificity) (4%),GO:0016021 (21%);GO:0005737 (17%);GO:0005886 (10%),integral component of membrane (21%);cytoplasm (17%);plasma membrane (10%),GO:0003676 (16%);GO:0004523 (14%);GO:0000287 (12%),nucleic acid binding (16%);RNA-DNA hybrid ribonuclease activity (14%);magnesium ion binding (12%),GO:0005975 (15%);GO:0006310 (5%);GO:0032196 (5%),carbohydrate metabolic process (15%);DNA recombination (5%);transposition (5%),IPR027417 (17%);IPR018647 (14%);IPR012337 (13%),P-loop containing nucleoside triphosphate hydrolase (17%);Domain of unknown function DUF2075 (14%);Ribonuclease H-like superfamily (13%)
LLSGWR,root,,,,,,,,,,,,,,,,,,,,,,,,,,,,,2.7.1.30 (40%);1.5.5.1 (8%);3.1.13.5 (8%),Glycerol kinase (40%);Electron-transferring-flavoprotein dehydrogenase (8%);Ribonuclease D (8%),GO:0016021 (35%);GO:0005737 (5%);GO:0005886 (5%),integral component of membrane (35%);cytoplasm (5%);plasma membrane (5%),GO:0005524 (19%);GO:0004370 (12%);GO:0003677 (11%),ATP binding (19%);glycerol kinase activity (12%);DNA binding (11%),GO:0006072 (11%);GO:0006071 (8%);GO:0005975 (8%),glycerol-3-phosphate metabolic process (11%);glycerol metabolic process (8%);carbohydrate metabolic process (8%),IPR000577 (10%);IPR018484 (10%);IPR018485 (10%),Carbohydrate kinase, FGGY (10%);Carbohydrate kinase, FGGY, N-terminal (10%);Carbohydrate kinase, FGGY, C-terminal (10%)
LSSPAELNSR,,,,,,,,,,,,,,,,,,,,,,,,,,,,,,,,,,,,,,,
LSNPATLNSR,,,,,,,,,,,,,,,,,,,,,,,,,,,,,,,,,,,,,,,
AEYEDLAEK,Mammalia,Eukaryota,Metazoa,,,Chordata,Craniata,Sarcopterygii,Mammalia,,,,,,,,,,,,,,,,,,,,,,,GO:0005882 (100%),intermediate filament (100%),GO:0005198 (100%),structural molecule activity (100%),,,IPR002957 (100%);IPR039008 (100%);IPR042180 (100%),Keratin, type I (100%);Intermediate filament, rod domain (100%); (100%)
SCLLSGWGNTK,,,,,,,,,,,,,,,,,,,,,,,,,,,,,,,,,,,,,,,
SLSLSVAR,root,,,,,,,,,,,,,,,,,,,,,,,,,,,,,1.5.5.1 (50%);3.5.99.2 (50%),Electron-transferring-flavoprotein dehydrogenase (50%);Aminopyrimidine aminohydrolase (50%),GO:0045095 (92%);GO:0005886 (47%);GO:0001533 (37%),keratin filament (92%);plasma membrane (47%);cornified envelope (37%),GO:0030280 (37%);GO:0046982 (36%);GO:0030246 (35%),structural constituent of skin epidermis (37%);protein heterodimerization activity (36%);carbohydrate binding (35%),GO:0018149 (37%);GO:0051290 (36%);GO:0001867 (35%),peptide cross-linking (37%);protein heterotetramerization (36%);complement activation, lectin pathway (35%),IPR032444 (92%);IPR003054 (91%);IPR039008 (91%),Keratin type II head (92%);Keratin, type II (91%);Intermediate filament, rod domain (91%)
LSSPATLCPK,,,,,,,,,,,,,,,,,,,,,,,,,,,,,,,,,,,,,,,
VGHWLPR,Streptoalloteichus hindustanus,Bacteria,,,,Actinobacteria,,,Actinomycetia,,,Pseudonocardiales,,,,Pseudonocardiaceae,,,,Streptoalloteichus,,,,Streptoalloteichus hindustanus,,,,,,,,GO:0016021 (100%),integral component of membrane (100%),,,,,,
LATVSLPR,root,,,,,,,,,,,,,,,,,,,,,,,,,,,,,,,,,GO:0008757 (50%);GO:0003723 (25%);GO:0016787 (25%),S-adenosylmethionine-dependent methyltransferase activity (50%);RNA binding (25%);hydrolase activity (25%),GO:0006355 (50%);GO:0016042 (25%),regulation of transcription, DNA-templated (50%);lipid catabolic process (25%),IPR000014 (40%);IPR000780 (40%);IPR013767 (40%),PAS domain (40%);MCP methyltransferase, CheR-type (40%);PAS fold (40%)
LSSPATTGPSR,,,,,,,,,,,,,,,,,,,,,,,,,,,,,,,,,,,,,,,
DSGSSYPSLLK,,,,,,,,,,,,,,,,,,,,,,,,,,,,,,,,,,,,,,,
VPTVSLPR,root,,,,,,,,,,,,,,,,,,,,,,,,,,,,,,,,,,,,,IPR016024 (100%),Armadillo-type fold (100%)
TDVTDEMVTLK,,,,,,,,,,,,,,,,,,,,,,,,,,,,,,,,,,,,,,,
SSGSSYPTVASWLK,,,,,,,,,,,,,,,,,,,,,,,,,,,,,,,,,,,,,,,
YENEVAATPK,,,,,,,,,,,,,,,,,,,,,,,,,,,,,,,,,,,,,,,
DCLLSGWK,,,,,,,,,,,,,,,,,,,,,,,,,,,,,,,,,,,,,,,
SLVNLNSK,Eukaryota,Eukaryota,,,,,,,,,,,,,,,,,,,,,,,,,,,,4.2.1.1 (100%),Carbonic anhydrase (100%),GO:0016021 (67%),integral component of membrane (67%),GO:0004089 (33%);GO:0008270 (33%),carbonate dehydratase activity (33%);zinc ion binding (33%),,,IPR001148 (100%);IPR018338 (100%);IPR023561 (100%),Alpha carbonic anhydrase domain (100%);Carbonic anhydrase, alpha-class, conserved site (100%);Carbonic anhydrase, alpha-class (100%)
CASSYPSLLK,,,,,,,,,,,,,,,,,,,,,,,,,,,,,,,,,,,,,,,
TSGSSYPSLCVR,,,,,,,,,,,,,,,,,,,,,,,,,,,,,,,,,,,,,,,
CLVDLLHGPK,,,,,,,,,,,,,,,,,,,,,,,,,,,,,,,,,,,,,,,
MVDLAAVYK,,,,,,,,,,,,,,,,,,,,,,,,,,,,,,,,,,,,,,,
MPLVGK,root,,,,,,,,,,,,,,,,,,,,,,,,,,,,,6.3.5.1 (77%);1.11.1.26 (6%);6.3.1.5 (6%),NAD(+) synthase (glutamine-hydrolyzing) (77%);NADH-dependent peroxiredoxin (6%);NAD(+) synthase (6%),GO:0005737 (67%);GO:0016021 (10%);GO:0005886 (2%),cytoplasm (67%);integral component of membrane (10%);plasma membrane (2%),GO:0005524 (65%);GO:0003952 (62%);GO:0004359 (61%),ATP binding (65%);NAD+ synthase (glutamine-hydrolyzing) activity (62%);glutaminase activity (61%),GO:0009435 (62%);GO:0006979 (5%);GO:0030632 (3%),NAD biosynthetic process (62%);response to oxidative stress (5%);D-alanine biosynthetic process (3%),IPR003694 (59%);IPR014729 (59%);IPR022310 (59%),NAD(+) synthetase (59%);Rossmann-like alpha/beta/alpha sandwich fold (59%);NAD/GMP synthase (59%)
LSSPATAPER,,,,,,,,,,,,,,,,,,,,,,,,,,,,,,,,,,,,,,,
AFVPATK,root,,,,,,,,,,,,,,,,,,,,,,,,,,,,,,,GO:0016021 (67%),integral component of membrane (67%),GO:0046872 (33%),metal ion binding (33%),GO:0006508 (33%),proteolysis (33%),IPR007863 (100%);IPR011249 (100%);IPR011765 (100%),Peptidase M16, C-terminal (100%);Metalloenzyme, LuxS/M16 peptidase-like (100%);Peptidase M16, N-terminal (100%)
MLLSGWNADK,,,,,,,,,,,,,,,,,,,,,,,,,,,,,,,,,,,,,,,
YENEVLAR,,,,,,,,,,,,,,,,,,,,,,,,,,,,,,,,,,,,,,,
AESPNPATYYR,,,,,,,,,,,,,,,,,,,,,,,,,,,,,,,,,,,,,,,
HMFPHLFLVR,,,,,,,,,,,,,,,,,,,,,,,,,,,,,,,,,,,,,,,
DMLQYK,root,,,,,,,,,,,,,,,,,,,,,,,,,,,,,3.4.11.4 (57%);2.1.1.72 (14%);2.7.10.2 (14%),Tripeptide aminopeptidase (57%);Site-specific DNA-methyltransferase (adenine-specific) (14%);Non-specific protein-tyrosine kinase (14%),GO:0016021 (16%);GO:0005737 (13%);GO:0005886 (6%),integral component of membrane (16%);cytoplasm (13%);plasma membrane (6%),GO:0008168 (35%);GO:0008237 (13%);GO:0008270 (13%),methyltransferase activity (35%);metallopeptidase activity (13%);zinc ion binding (13%),GO:0032259 (35%);GO:0043171 (13%);GO:0006310 (6%),methylation (35%);peptide catabolic process (13%);DNA recombination (6%),IPR001261 (18%);IPR002933 (18%);IPR010161 (18%),ArgE/DapE/ACY1/CPG2/YscS, conserved site (18%);Peptidase M20 (18%);Peptidase M20B, tripeptide aminopeptidase (18%)
CLLSGWGAATK,,,,,,,,,,,,,,,,,,,,,,,,,,,,,,,,,,,,,,,
LSSPNPATGHCK,,,,,,,,,,,,,,,,,,,,,,,,,,,,,,,,,,,,,,,
LSSPATENVK,,,,,,,,,,,,,,,,,,,,,,,,,,,,,,,,,,,,,,,
MQNAGTESELSGWK,,,,,,,,,,,,,,,,,,,,,,,,,,,,,,,,,,,,,,,
VAEHRPR,root,,,,,,,,,,,,,,,,,,,,,,,,,,,,,2.7.7.- (50%);4.1.1.11 (50%),Nucleotidyltransferases (50%);Aspartate 1-decarboxylase (50%),GO:0005737 (18%);GO:0016021 (18%);GO:1990077 (18%),cytoplasm (18%);integral component of membrane (18%);primosome complex (18%),GO:0003700 (27%);GO:0003824 (27%);GO:0030170 (27%),DNA-binding transcription factor activity (27%);catalytic activity (27%);pyridoxal phosphate binding (27%),GO:0009058 (27%);GO:0006523 (18%);GO:0015940 (18%),biosynthetic process (27%);alanine biosynthetic process (18%);pantothenate biosynthetic process (18%),IPR015421 (36%);IPR015424 (36%);IPR000524 (27%),Pyridoxal phosphate-dependent transferase, major domain (36%);Pyridoxal phosphate-dependent transferase (36%);Transcription regulator HTH, GntR (27%)
DSGSSYALLLK,,,,,,,,,,,,,,,,,,,,,,,,,,,,,,,,,,,,,,,
APVLSSDSCK,,,,,,,,,,,,,,,,,,,,,,,,,,,,,,,,,,,,,,,
EASPATLECTSK,,,,,,,,,,,,,,,,,,,,,,,,,,,,,,,,,,,,,,,
LSDPATLNNR,,,,,,,,,,,,,,,,,,,,,,,,,,,,,,,,,,,,,,,
CGNELVDLYR,,,,,,,,,,,,,,,,,,,,,,,,,,,,,,,,,,,,,,,
ECLLSGWGNTK,,,,,,,,,,,,,,,,,,,,,,,,,,,,,,,,,,,,,,,
DGCLLSGWR,,,,,,,,,,,,,,,,,,,,,,,,,,,,,,,,,,,,,,,
MVNVSATAPQR,,,,,,,,,,,,,,,,,,,,,,,,,,,,,,,,,,,,,,,
LANPPLPR,Microchiroptera,Eukaryota,Metazoa,,,Chordata,Craniata,Sarcopterygii,Mammalia,,Laurasiatheria,Chiroptera,Microchiroptera,,,,,,,,,,,,,,,,,2.7.11.1 (100%),Non-specific serine/threonine protein kinase (100%),,,GO:0016301 (100%),kinase activity (100%),,,IPR026784 (75%);IPR026785 (75%);IPR029060 (75%),Constitutive coactivator of PPAR-gamma (75%);Constitutive coactivator of PPAR-gamma-like protein 2 (75%);PIN-like domain superfamily (75%)
MLVLQMYK,,,,,,,,,,,,,,,,,,,,,,,,,,,,,,,,,,,,,,,
TMYVK,root,,,,,,,,,,,,,,,,,,,,,,,,,,,,,1.1.5.3 (63%);2.7.11.1 (8%);2.8.1.8 (6%),Glycerol-3-phosphate dehydrogenase (63%);Non-specific serine/threonine protein kinase (8%);Lipoyl synthase (6%),GO:0016021 (26%);GO:0009331 (10%);GO:0005634 (9%),integral component of membrane (26%);glycerol-3-phosphate dehydrogenase complex (10%);nucleus (9%),GO:0005524 (17%);GO:0016787 (12%);GO:0052591 (10%),ATP binding (17%);hydrolase activity (12%);sn-glycerol-3-phosphate:ubiquinone-8 oxidoreductase activity (10%),GO:0006072 (10%);GO:0006310 (9%);GO:0006412 (9%),glycerol-3-phosphate metabolic process (10%);DNA recombination (9%);translation (9%),IPR027417 (10%);IPR000447 (8%);IPR002372 (8%),P-loop containing nucleoside triphosphate hydrolase (10%);FAD-dependent glycerol-3-phosphate dehydrogenase (8%);Pyrrolo-quinoline quinone repeat (8%)
LNMSWCLLSGWGNTR,,,,,,,,,,,,,,,,,,,,,,,,,,,,,,,,,,,,,,,
FGNSYPSLK,,,,,,,,,,,,,,,,,,,,,,,,,,,,,,,,,,,,,,,
SGDVR,root,,,,,,,,,,,,,,,,,,,,,,,,,,,,,1.1.1.23 (21%);3.6.4.13 (7%);5.6.2.2 (3%),Histidinol dehydrogenase (21%);RNA helicase (7%);DNA topoisomerase (ATP-hydrolyzing) (3%),GO:0016021 (16%);GO:0005737 (9%);GO:0005886 (3%),integral component of membrane (16%);cytoplasm (9%);plasma membrane (3%),GO:0005524 (16%);GO:0003677 (13%);GO:0046872 (10%),ATP binding (16%);DNA binding (13%);metal ion binding (10%),GO:0006355 (7%);GO:0000105 (5%);GO:0005975 (2%),regulation of transcription, DNA-templated (7%);histidine biosynthetic process (5%);carbohydrate metabolic process (2%),IPR027417 (10%);IPR036291 (9%);IPR036388 (6%),P-loop containing nucleoside triphosphate hydrolase (10%);NAD(P)-binding domain superfamily (9%);Winged helix-like DNA-binding domain superfamily (6%)
FTEGSK,root,,,,,,,,,,,,,,,,,,,,,,,,,,,,,2.4.2.- (20%);2.4.2.9 (16%);2.7.-.- (12%),Pentosyltransferases (20%);Uracil phosphoribosyltransferase (16%);Transferring phosphorus-containing groups (12%),GO:0016021 (27%);GO:0005737 (6%);GO:0005886 (6%),integral component of membrane (27%);cytoplasm (6%);plasma membrane (6%),GO:0005524 (43%);GO:0009881 (30%);GO:0004672 (29%),ATP binding (43%);photoreceptor activity (30%);protein kinase activity (29%),GO:0018298 (30%);GO:0050896 (30%);GO:0006223 (4%),protein-chromophore linkage (30%);response to stimulus (30%);uracil salvage (4%),IPR013783 (28%);IPR001715 (25%);IPR003598 (25%),Immunoglobulin-like fold (28%);Calponin homology domain (25%);Immunoglobulin subtype 2 (25%)
TSSSFSNWSK,,,,,,,,,,,,,,,,,,,,,,,,,,,,,,,,,,,,,,,
DMLHPLK,,,,,,,,,,,,,,,,,,,,,,,,,,,,,,,,,,,,,,,
LELMNQAR,,,,,,,,,,,,,,,,,,,,,,,,,,,,,,,,,,,,,,,
NYHPPTAK,,,,,,,,,,,,,,,,,,,,,,,,,,,,,,,,,,,,,,,
EMGGLSGWGAATK,,,,,,,,,,,,,,,,,,,,,,,,,,,,,,,,,,,,,,,
WYMWVMGSNLSVQNK,,,,,,,,,,,,,,,,,,,,,,,,,,,,,,,,,,,,,,,
NGMSYPSLDFYR,,,,,,,,,,,,,,,,,,,,,,,,,,,,,,,,,,,,,,,
CLSSPATANER,,,,,,,,,,,,,,,,,,,,,,,,,,,,,,,,,,,,,,,
VLSPATAQDR,,,,,,,,,,,,,,,,,,,,,,,,,,,,,,,,,,,,,,,
YLHPGPSR,,,,,,,,,,,,,,,,,,,,,,,,,,,,,,,,,,,,,,,
VATVPLNR,Amycolatopsis cihanbeyliensis,Bacteria,,,,Actinobacteria,,,Actinomycetia,,,Pseudonocardiales,,,,Pseudonocardiaceae,,,,Amycolatopsis,,,,Amycolatopsis cihanbeyliensis,,,,,,,,,,GO:0010181 (100%);GO:0016491 (100%),FMN binding (100%);oxidoreductase activity (100%),,,IPR001155 (100%);IPR013785 (100%),NADH:flavin oxidoreductase/NADH oxidase, N-terminal (100%);Aldolase-type TIM barrel (100%)
MCMLFVMK,,,,,,,,,,,,,,,,,,,,,,,,,,,,,,,,,,,,,,,
MHMPHLYVPR,,,,,,,,,,,,,,,,,,,,,,,,,,,,,,,,,,,,,,,
VATVSSNEQR,,,,,,,,,,,,,,,,,,,,,,,,,,,,,,,,,,,,,,,
CNAGTEYMMLSGWQATK,,,,,,,,,,,,,,,,,,,,,,,,,,,,,,,,,,,,,,,
MMWVLK,root,,,,,,,,,,,,,,,,,,,,,,,,,,,,,3.4.24.- (100%),Metalloendopeptidases (100%),GO:0016021 (88%),integral component of membrane (88%),GO:0000155 (13%);GO:0004222 (13%);GO:0008270 (13%),phosphorelay sensor kinase activity (13%);metalloendopeptidase activity (13%);zinc ion binding (13%),,,IPR003598 (64%);IPR003599 (64%);IPR003961 (64%),Immunoglobulin subtype 2 (64%);Immunoglobulin subtype (64%);Fibronectin type III (64%)
GPNFPHLYVPR,,,,,,,,,,,,,,,,,,,,,,,,,,,,,,,,,,,,,,,
EMHPGLVK,,,,,,,,,,,,,,,,,,,,,,,,,,,,,,,,,,,,,,,
MHMLHSWVK,,,,,,,,,,,,,,,,,,,,,,,,,,,,,,,,,,,,,,,
SCHHESK,,,,,,,,,,,,,,,,,,,,,,,,,,,,,,,,,,,,,,,
LFATLNSR,root,,,,,,,,,,,,,,,,,,,,,,,,,,,,,3.1.22.4 (100%),Crossover junction endodeoxyribonuclease (100%),,,GO:0000287 (100%);GO:0003676 (100%);GO:0008821 (100%),magnesium ion binding (100%);nucleic acid binding (100%);crossover junction endodeoxyribonuclease activity (100%),GO:0006281 (100%);GO:0006310 (100%),DNA repair (100%);DNA recombination (100%),IPR002176 (100%);IPR012337 (100%);IPR020563 (100%),Crossover junction endodeoxyribonuclease RuvC (100%);Ribonuclease H-like superfamily (100%);Crossover junction endodeoxyribonuclease RuvC, magnesium-binding site (100%)
FDVLEGDEK,,,,,,,,,,,,,,,,,,,,,,,,,,,,,,,,,,,,,,,
FLNNR,root,,,,,,,,,,,,,,,,,,,,,,,,,,,,,3.2.1.35 (12%);2.7.11.1 (11%);3.4.22.45 (9%),Hyaluronoglucosaminidase (12%);Non-specific serine/threonine protein kinase (11%);Helper-component proteinase (9%),GO:0016021 (32%);GO:0009279 (23%);GO:0009570 (10%),integral component of membrane (32%);cell outer membrane (23%);chloroplast stroma (10%),GO:0005524 (20%);GO:0016887 (12%);GO:0003677 (4%),ATP binding (20%);ATPase (12%);DNA binding (4%),GO:0015074 (3%);GO:0006310 (2%);GO:0006464 (2%),DNA integration (3%);DNA recombination (2%);cellular protein modification process (2%),IPR012910 (20%);IPR037066 (20%);IPR023996 (19%),TonB-dependent receptor, plug domain (20%);TonB-dependent receptor, plug domain superfamily (20%);TonB-dependent outer membrane protein, SusC/RagA (19%)
MNSGTECGAATK,,,,,,,,,,,,,,,,,,,,,,,,,,,,,,,,,,,,,,,
MHPFHLTAK,,,,,,,,,,,,,,,,,,,,,,,,,,,,,,,,,,,,,,,
FFMAALAR,,,,,,,,,,,,,,,,,,,,,,,,,,,,,,,,,,,,,,,
YEQLAEDTPGR,,,,,,,,,,,,,,,,,,,,,,,,,,,,,,,,,,,,,,,
YVHSRPSK,,,,,,,,,,,,,,,,,,,,,,,,,,,,,,,,,,,,,,,
VAEVPK,root,,,,,,,,,,,,,,,,,,,,,,,,,,,,,2.7.1.150 (13%);2.7.7.7 (13%);6.1.1.3 (13%),1-phosphatidylinositol-3-phosphate 5-kinase (13%);DNA-directed DNA polymerase (13%);Threonine--tRNA ligase (13%),GO:0016021 (33%);GO:0031969 (9%);GO:0005615 (6%),integral component of membrane (33%);chloroplast membrane (9%);extracellular space (6%),GO:0005524 (15%);GO:0004867 (8%);GO:0022857 (8%),ATP binding (15%);serine-type endopeptidase inhibitor activity (8%);transmembrane transporter activity (8%),GO:0006203 (4%);GO:0006260 (2%);GO:0006435 (2%),dGTP catabolic process (4%);DNA replication (2%);threonyl-tRNA aminoacylation (2%),IPR002823 (12%);IPR004853 (9%);IPR004696 (7%),Protein of unknown function DUF112, transmembrane (12%);Sugar phosphate transporter domain (9%);Triose phosphate/phosphoenolpyruvate translocator (7%)
GFNSYPAELCK,,,,,,,,,,,,,,,,,,,,,,,,,,,,,,,,,,,,,,,
QFNAGTECLLSENEATK,,,,,,,,,,,,,,,,,,,,,,,,,,,,,,,,,,,,,,,
MASAK,root,,,,,,,,,,,,,,,,,,,,,,,,,,,,,6.3.1.2 (7%);3.6.4.12 (5%);5.3.1.5 (5%),Glutamine synthetase (7%);DNA helicase (5%);Xylose isomerase (5%),GO:0016021 (20%);GO:0005737 (7%);GO:0005886 (7%),integral component of membrane (20%);cytoplasm (7%);plasma membrane (7%),GO:0005524 (12%);GO:0046872 (8%);GO:0003677 (8%),ATP binding (12%);metal ion binding (8%);DNA binding (8%),GO:0006412 (6%);GO:0006355 (3%);GO:0006887 (3%),translation (6%);regulation of transcription, DNA-templated (3%);exocytosis (3%),IPR036388 (6%);IPR027417 (6%);IPR036390 (5%),Winged helix-like DNA-binding domain superfamily (6%);P-loop containing nucleoside triphosphate hydrolase (6%);Winged helix DNA-binding domain superfamily (5%)
FVTNGNFTWELK,,,,,,,,,,,,,,,,,,,,,,,,,,,,,,,,,,,,,,,
LKPAR,root,,,,,,,,,,,,,,,,,,,,,,,,,,,,,2.4.2.9 (13%);5.6.2.2 (9%);2.7.7.19 (6%),Uracil phosphoribosyltransferase (13%);DNA topoisomerase (ATP-hydrolyzing) (9%);Polynucleotide adenylyltransferase (6%),GO:0016021 (26%);GO:0005737 (6%);GO:0005886 (4%),integral component of membrane (26%);cytoplasm (6%);plasma membrane (4%),GO:0005524 (12%);GO:0046872 (10%);GO:0003677 (9%),ATP binding (12%);metal ion binding (10%);DNA binding (9%),GO:0006355 (4%);GO:0009116 (3%);GO:0006265 (2%),regulation of transcription, DNA-templated (4%);nucleoside metabolic process (3%);DNA topological change (2%),IPR027417 (6%);IPR004108 (5%);IPR009016 (5%),P-loop containing nucleoside triphosphate hydrolase (6%);Iron hydrogenase, large subunit, C-terminal (5%);Iron hydrogenase (5%)
HNGLMVK,,,,,,,,,,,,,,,,,,,,,,,,,,,,,,,,,,,,,,,
MWWVLVPPLSVQNK,,,,,,,,,,,,,,,,,,,,,,,,,,,,,,,,,,,,,,,
ATCSYPAKPYR,,,,,,,,,,,,,,,,,,,,,,,,,,,,,,,,,,,,,,,
NSTSATADCLLSGWNATK,,,,,,,,,,,,,,,,,,,,,,,,,,,,,,,,,,,,,,,
EVEATK,root,,,,,,,,,,,,,,,,,,,,,,,,,,,,,2.2.1.1 (26%);6.1.1.4 (19%);6.2.1.4 (12%),Transketolase (26%);Leucine--tRNA ligase (19%);Succinate--CoA ligase (GDP-forming) (12%),GO:0016021 (22%);GO:0005737 (14%);GO:0005739 (9%),integral component of membrane (22%);cytoplasm (14%);mitochondrion (9%),GO:0005524 (19%);GO:0003677 (7%);GO:0004803 (5%),ATP binding (19%);DNA binding (7%);transposase activity (5%),GO:0006915 (7%);GO:0030308 (7%);GO:1902018 (7%),apoptotic process (7%);negative regulation of cell growth (7%);negative regulation of cilium assembly (7%),IPR026773 (11%);IPR043596 (11%);IPR043597 (11%),Trichoplein keratin filament-binding protein (11%);CFAP53/TCHP (11%);Trichohyalin-plectin-homology domain (11%)
NPPLETK,root,,,,,,,,,,,,,,,,,,,,,,,,,,,,,,,,,GO:0003677 (50%);GO:0046872 (50%),DNA binding (50%);metal ion binding (50%),GO:0007165 (50%),signal transduction (50%),IPR000008 (50%);IPR014770 (50%);IPR014772 (50%),C2 domain (50%);Munc13 homology 1 (50%);Mammalian uncoordinated homology 13, domain 2 (50%)
SCAAAGTEGTHLSGWGNTR,,,,,,,,,,,,,,,,,,,,,,,,,,,,,,,,,,,,,,,
MHFPHLTQASK,,,,,,,,,,,,,,,,,,,,,,,,,,,,,,,,,,,,,,,
FWCFNGSNLSVQNK,,,,,,,,,,,,,,,,,,,,,,,,,,,,,,,,,,,,,,,
WLHNLQQAEGR,,,,,,,,,,,,,,,,,,,,,,,,,,,,,,,,,,,,,,,
HMLMHLYVPR,,,,,,,,,,,,,,,,,,,,,,,,,,,,,,,,,,,,,,,
TESPAK,root,,,,,,,,,,,,,,,,,,,,,,,,,,,,,1.17.4.1 (22%);6.3.2.13 (11%);1.3.1.76 (6%),Ribonucleoside-diphosphate reductase (22%);UDP-N-acetylmuramoyl-L-alanyl-D-glutamate--2,6-diaminopimelate ligase (11%);Precorrin-2 dehydrogenase (6%),GO:0016021 (25%);GO:0005634 (9%);GO:0005737 (8%),integral component of membrane (25%);nucleus (9%);cytoplasm (8%),GO:0005524 (17%);GO:0003684 (10%);GO:0030983 (10%),ATP binding (17%);damaged DNA binding (10%);mismatched DNA binding (10%),GO:0006298 (10%);GO:0006260 (4%);GO:0009252 (4%),mismatch repair (10%);DNA replication (4%);peptidoglycan biosynthetic process (4%),IPR027417 (18%);IPR000432 (9%);IPR005748 (9%),P-loop containing nucleoside triphosphate hydrolase (18%);DNA mismatch repair protein MutS, C-terminal (9%);DNA mismatch repair protein MutS (9%)
SYWMWSDLSVQNK,,,,,,,,,,,,,,,,,,,,,,,,,,,,,,,,,,,,,,,
WLYWWFWGSNLSVQNK,,,,,,,,,,,,,,,,,,,,,,,,,,,,,,,,,,,,,,,
FMVSNAACTK,,,,,,,,,,,,,,,,,,,,,,,,,,,,,,,,,,,,,,,
KPMHLTEER,,,,,,,,,,,,,,,,,,,,,,,,,,,,,,,,,,,,,,,
VYEAEGR,root,,,,,,,,,,,,,,,,,,,,,,,,,,,,,2.7.7.6 (67%);1.1.1.- (17%);3.6.3.- (17%),DNA-directed RNA polymerase (67%);With NAD(+) or NADP(+) as acceptor (17%);Acting on acid anhydrides; catalyzing transmembrane movement of substances (17%),GO:0016021 (50%),integral component of membrane (50%),GO:0005524 (50%);GO:0042626 (50%);GO:0003677 (33%),ATP binding (50%);ATPase-coupled transmembrane transporter activity (50%);DNA binding (33%),GO:0034775 (42%);GO:0045454 (42%);GO:0006351 (33%),glutathione transmembrane transport (42%);cell redox homeostasis (42%);transcription, DNA-templated (33%),IPR011527 (50%);IPR036640 (50%);IPR003439 (42%),ABC transporter type 1, transmembrane domain (50%);ABC transporter type 1, transmembrane domain superfamily (50%);ABC transporter-like (42%)
TATVMVVK,,,,,,,,,,,,,,,,,,,,,,,,,,,,,,,,,,,,,,,
SYLGPVK,Bacteria,Bacteria,,,,,,,,,,,,,,,,,,,,,,,,,,,,,,GO:0016021 (100%);GO:0009279 (50%),integral component of membrane (100%);cell outer membrane (50%),,,,,IPR006311 (96%);IPR000531 (4%);IPR012910 (4%),Twin-arginine translocation pathway, signal sequence (96%);TonB-dependent receptor-like, beta-barrel (4%);TonB-dependent receptor, plug domain (4%)
CPASR,root,,,,,,,,,,,,,,,,,,,,,,,,,,,,,1.14.17.1 (15%);1.7.2.3 (14%);2.7.1.67 (14%),Dopamine beta-monooxygenase (15%);Trimethylamine-N-oxide reductase (14%);1-phosphatidylinositol 4-kinase (14%),GO:0016021 (24%);GO:0005576 (7%);GO:0030658 (2%),integral component of membrane (24%);extracellular region (7%);transport vesicle membrane (2%),GO:0046872 (19%);GO:0005524 (15%);GO:0003839 (6%),metal ion binding (19%);ATP binding (15%);gamma-glutamylcyclotransferase activity (6%),GO:0035556 (4%);GO:0042421 (2%);GO:0048015 (2%),intracellular signal transduction (4%);norepinephrine biosynthetic process (2%);phosphatidylinositol-mediated signaling (2%),IPR027417 (8%);IPR036188 (7%);IPR004146 (7%),P-loop containing nucleoside triphosphate hydrolase (8%);FAD/NAD(P)-binding domain superfamily (7%);DC1 (7%)
HENYYMSK,,,,,,,,,,,,,,,,,,,,,,,,,,,,,,,,,,,,,,,
LVGYGSCLNNR,,,,,,,,,,,,,,,,,,,,,,,,,,,,,,,,,,,,,,,
WCMGSNLSVQNK,,,,,,,,,,,,,,,,,,,,,,,,,,,,,,,,,,,,,,,
MHLMHLTTK,,,,,,,,,,,,,,,,,,,,,,,,,,,,,,,,,,,,,,,
LHSGPPR,root,,,,,,,,,,,,,,,,,,,,,,,,,,,,,2.4.2.26 (69%);2.5.1.- (31%),Protein xylosyltransferase (69%);Transferring alkyl or aryl groups, other than methyl groups (31%),GO:0000139 (16%);GO:0005634 (7%);GO:0005737 (7%),Golgi membrane (16%);nucleus (7%);cytoplasm (7%),GO:0016491 (75%);GO:0030158 (16%);GO:0046872 (16%),oxidoreductase activity (75%);protein xylosyltransferase activity (16%);metal ion binding (16%),GO:0006024 (16%);GO:0015012 (16%);GO:0000455 (7%),glycosaminoglycan biosynthetic process (16%);heparan sulfate proteoglycan biosynthetic process (16%);enzyme-directed rRNA pseudouridine synthesis (7%),IPR002347 (73%);IPR020904 (73%);IPR036291 (73%),Short-chain dehydrogenase/reductase SDR (73%);Short-chain dehydrogenase/reductase, conserved site (73%);NAD(P)-binding domain superfamily (73%)
APTPATLNNK,,,,,,,,,,,,,,,,,,,,,,,,,,,,,,,,,,,,,,,
ECLLSGWGNTR,,,,,,,,,,,,,,,,,,,,,,,,,,,,,,,,,,,,,,,
VTNLAEVLAR,,,,,,,,,,,,,,,,,,,,,,,,,,,,,,,,,,,,,,,
VLGQNEAVNAVSNALR,Enterobacterales,Bacteria,,,,Proteobacteria,,,Gammaproteobacteria,,,Enterobacterales,,,,,,,,,,,,,,,,,,,,GO:0005737 (100%),cytoplasm (100%),GO:0005524 (100%);GO:0008233 (100%);GO:0016887 (100%),ATP binding (100%);peptidase activity (100%);ATPase (100%),GO:0009408 (100%);GO:0042026 (100%),response to heat (100%);protein refolding (100%),IPR001270 (100%);IPR003593 (100%);IPR003959 (100%),ClpA/B family (100%);AAA+ ATPase domain (100%);ATPase, AAA-type, core (100%)
LADLLNEAASSLR,,,,,,,,,,,,,,,,,,,,,,,,,,,,,,,,,,,,,,,
LPQVEGTGGNVQPSQDLVR,,,,,,,,,,,,,,,,,,,,,,,,,,,,,,,,,,,,,,,
ALNLLHEAASEAR,,,,,,,,,,,,,,,,,,,,,,,,,,,,,,,,,,,,,,,
VTDAEAYTVLAR,,,,,,,,,,,,,,,,,,,,,,,,,,,,,,,,,,,,,,,
EMHPR,root,,,,,,,,,,,,,,,,,,,,,,,,,,,,,3.1.13.- (73%);2.7.13.3 (4%);6.1.1.3 (3%),Exoribonucleases producing 5'-phosphomonoesters (73%);Histidine kinase (4%);Threonine--tRNA ligase (3%),GO:0005737 (54%);GO:0000178 (24%);GO:0016021 (7%),cytoplasm (54%);exosome (RNase complex) (24%);integral component of membrane (7%),GO:0000175 (24%);GO:0005524 (18%);GO:0050660 (15%),3'-5'-exoribonuclease activity (24%);ATP binding (18%);flavin adenine dinucleotide binding (15%),GO:0006401 (25%);GO:0002098 (15%);GO:0006355 (11%),RNA catabolic process (25%);tRNA wobble uridine modification (15%);regulation of transcription, DNA-templated (11%),IPR020568 (23%);IPR001247 (23%);IPR027408 (23%),Ribosomal protein S5 domain 2-type fold (23%);Exoribonuclease, phosphorolytic domain 1 (23%);PNPase/RNase PH domain superfamily (23%)
NEAVNAVSTGAPK,,,,,,,,,,,,,,,,,,,,,,,,,,,,,,,,,,,,,,,
EMLLSGWQATK,,,,,,,,,,,,,,,,,,,,,,,,,,,,,,,,,,,,,,,
VLQNEAVNAVSTQPK,,,,,,,,,,,,,,,,,,,,,,,,,,,,,,,,,,,,,,,
LHSHAAK,root,,,,,,,,,,,,,,,,,,,,,,,,,,,,,,,,,GO:0004672 (50%);GO:0005524 (50%),protein kinase activity (50%);ATP binding (50%),,,IPR002575 (25%);IPR003961 (25%);IPR005654 (25%),Aminoglycoside phosphotransferase (25%);Fibronectin type III (25%);ATPase, AFG1-like (25%)
TVDAELAEVLAR,,,,,,,,,,,,,,,,,,,,,,,,,,,,,,,,,,,,,,,
LANLLDEAAMR,,,,,,,,,,,,,,,,,,,,,,,,,,,,,,,,,,,,,,,
VYLHSHAAK,,,,,,,,,,,,,,,,,,,,,,,,,,,,,,,,,,,,,,,
VLWNNAVNAVSNALR,,,,,,,,,,,,,,,,,,,,,,,,,,,,,,,,,,,,,,,
MHFPHLK,,,,,,,,,,,,,,,,,,,,,,,,,,,,,,,,,,,,,,,
LWLLNEAASSLR,,,,,,,,,,,,,,,,,,,,,,,,,,,,,,,,,,,,,,,
VTNAELMFR,,,,,,,,,,,,,,,,,,,,,,,,,,,,,,,,,,,,,,,
HSLVLLWFYK,,,,,,,,,,,,,,,,,,,,,,,,,,,,,,,,,,,,,,,
ANNEAVDAVSNALR,,,,,,,,,,,,,,,,,,,,,,,,,,,,,,,,,,,,,,,
ALDMTFEAASAER,,,,,,,,,,,,,,,,,,,,,,,,,,,,,,,,,,,,,,,
LGEHNLDVLEGNEQFLNAAK,Sus scrofa,Eukaryota,Metazoa,,,Chordata,Craniata,Sarcopterygii,Mammalia,,Laurasiatheria,Artiodactyla,Suina,,,Suidae,,,,Sus,,,,Sus scrofa,,,,,,3.4.21.4 (100%),Trypsin (100%),GO:0005615 (40%),extracellular space (40%),GO:0004252 (100%);GO:0046872 (20%),serine-type endopeptidase activity (100%);metal ion binding (20%),GO:0006508 (40%);GO:0007586 (20%),proteolysis (40%);digestion (20%),IPR001254 (100%);IPR001314 (100%);IPR009003 (100%),Serine proteases, trypsin domain (100%);Peptidase S1A, chymotrypsin family (100%);Peptidase S1, PA clan (100%)
LLTHPNFNGNTLDNDLMLLK,Sus scrofa,Eukaryota,Metazoa,,,Chordata,Craniata,Sarcopterygii,Mammalia,,Laurasiatheria,Artiodactyla,Suina,,,Suidae,,,,Sus,,,,Sus scrofa,,,,,,3.4.21.4 (100%),Trypsin (100%),GO:0005615 (40%),extracellular space (40%),GO:0004252 (100%);GO:0046872 (20%),serine-type endopeptidase activity (100%);metal ion binding (20%),GO:0006508 (40%);GO:0007586 (20%),proteolysis (40%);digestion (20%),IPR001254 (100%);IPR001314 (100%);IPR009003 (100%),Serine proteases, trypsin domain (100%);Peptidase S1A, chymotrypsin family (100%);Peptidase S1, PA clan (100%)
SSGSSYPSLLQCLK,Sus scrofa,Eukaryota,Metazoa,,,Chordata,Craniata,Sarcopterygii,Mammalia,,Laurasiatheria,Artiodactyla,Suina,,,Suidae,,,,Sus,,,,Sus scrofa,,,,,,3.4.21.4 (100%),Trypsin (100%),GO:0005615 (40%),extracellular space (40%),GO:0004252 (100%);GO:0046872 (20%),serine-type endopeptidase activity (100%);metal ion binding (20%),GO:0006508 (40%);GO:0007586 (20%),proteolysis (40%);digestion (20%),IPR001254 (100%);IPR001314 (100%);IPR009003 (100%),Serine proteases, trypsin domain (100%);Peptidase S1A, chymotrypsin family (100%);Peptidase S1, PA clan (100%)
LVGGYTCAANSLPYQVSLNS,,,,,,,,,,,,,,,,,,,,,,,,,,,,,,,,,,,,,,,
LGEHNLDVLEGNEQ,,,,,,,,,,,,,,,,,,,,,,,,,,,,,,,,,,,,,,,
LVGGYTCAANSLPYQVSLNSG,,,,,,,,,,,,,,,,,,,,,,,,,,,,,,,,,,,,,,,
LPLLSTTK,root,,,,,,,,,,,,,,,,,,,,,,,,,,,,,,,GO:0016021 (67%);GO:0005634 (33%);GO:0005667 (33%),integral component of membrane (67%);nucleus (33%);transcription regulator complex (33%),GO:0009002 (67%);GO:0003677 (33%),serine-type D-Ala-D-Ala carboxypeptidase activity (67%);DNA binding (33%),GO:0008360 (67%);GO:0009252 (67%);GO:0071555 (67%),regulation of cell shape (67%);peptidoglycan biosynthetic process (67%);cell wall organization (67%),IPR001967 (67%);IPR012338 (67%);IPR018044 (67%),Peptidase S11, D-alanyl-D-alanine carboxypeptidase A, N-terminal (67%);Beta-lactamase/transpeptidase-like (67%);Peptidase S11, D-alanyl-D-alanine carboxypeptidase A (67%)
SLVNLGGSK,Mammalia,Eukaryota,Metazoa,,,Chordata,Craniata,Sarcopterygii,Mammalia,,,,,,,,,,,,,,,,,,,,,,,GO:0045095 (100%);GO:0005886 (61%);GO:0001533 (33%),keratin filament (100%);plasma membrane (61%);cornified envelope (33%),GO:0046982 (35%);GO:0030246 (33%);GO:0030280 (33%),protein heterodimerization activity (35%);carbohydrate binding (33%);structural constituent of skin epidermis (33%),GO:0051290 (35%);GO:0001867 (33%);GO:0018149 (33%),protein heterotetramerization (35%);complement activation, lectin pathway (33%);peptide cross-linking (33%),IPR003054 (100%);IPR032444 (100%);IPR039008 (100%),Keratin, type II (100%);Keratin type II head (100%);Intermediate filament, rod domain (100%)
LVGGYTCGANTVPYQVSLNSG,,,,,,,,,,,,,,,,,,,,,,,,,,,,,,,,,,,,,,,
LQPGYTK,root,,,,,,,,,,,,,,,,,,,,,,,,,,,,,2.4.-.- (100%),Glycosyltransferases (100%),GO:0005737 (67%),cytoplasm (67%),GO:0016757 (33%),glycosyltransferase activity (33%),,,IPR011990 (85%);IPR013026 (85%);IPR019734 (85%),Tetratricopeptide-like helical domain superfamily (85%);Tetratricopeptide repeat-containing domain (85%);Tetratricopeptide repeat (85%)
VATVSLPR,root,,,,,,,,,,,,,,,,,,,,,,,,,,,,,3.4.21.4 (100%),Trypsin (100%),GO:0005615 (29%),extracellular space (29%),GO:0004252 (100%);GO:0046872 (14%),serine-type endopeptidase activity (100%);metal ion binding (14%),GO:0006508 (29%);GO:0007586 (14%),proteolysis (29%);digestion (14%),IPR001254 (100%);IPR001314 (100%);IPR009003 (100%),Serine proteases, trypsin domain (100%);Peptidase S1A, chymotrypsin family (100%);Peptidase S1, PA clan (100%)
VVVESLPR,root,,,,,,,,,,,,,,,,,,,,,,,,,,,,,,,,,GO:0003676 (100%);GO:0008168 (100%),nucleic acid binding (100%);methyltransferase activity (100%),GO:0032259 (100%),methylation (100%),IPR000772 (50%);IPR009060 (50%);IPR009543 (50%),Ricin B, lectin domain (50%);UBA-like superfamily (50%);Vacuolar protein sorting-associated protein 13, SHR-binding domain (50%)
LSSPATAR,root,,,,,,,,,,,,,,,,,,,,,,,,,,,,,7.1.1.1 (79%);4.1.2.13 (21%),Proton-translocating NAD(P)(+) transhydrogenase (79%);Fructose-bisphosphate aldolase (21%),GO:0016021 (76%);GO:0005886 (68%);GO:0005829 (5%),integral component of membrane (76%);plasma membrane (68%);cytosol (5%),GO:0008750 (68%);GO:0050661 (68%);GO:0004332 (20%),NAD(P)+ transhydrogenase (AB-specific) activity (68%);NADP binding (68%);fructose-bisphosphate aldolase activity (20%),GO:0006096 (20%);GO:0030388 (5%);GO:0000209 (2%),glycolytic process (20%);fructose 1,6-bisphosphate metabolic process (5%);protein polyubiquitination (2%),IPR034300 (74%);IPR029035 (71%);IPR012136 (67%),NADP transhydrogenase beta-like domain (74%);DHS-like NAD/FAD-binding domain superfamily (71%);NADP transhydrogenase, beta subunit (67%)
GGGGGGGLGSGGSLR,,,,,,,,,,,,,,,,,,,,,,,,,,,,,,,,,,,,,,,
LGEHNLDVL,,,,,,,,,,,,,,,,,,,,,,,,,,,,,,,,,,,,,,,
LLTHPNFNGNTLDND,,,,,,,,,,,,,,,,,,,,,,,,,,,,,,,,,,,,,,,
NPAQLLR,root,,,,,,,,,,,,,,,,,,,,,,,,,,,,,3.4.19.- (100%),Omega peptidases (100%),GO:0016021 (53%);GO:0005634 (9%);GO:0005737 (9%),integral component of membrane (53%);nucleus (9%);cytoplasm (9%),GO:0046872 (16%);GO:0043565 (13%);GO:0003677 (9%),metal ion binding (16%);sequence-specific DNA binding (13%);DNA binding (9%),GO:0006308 (6%);GO:0006355 (6%);GO:0006486 (6%),DNA catabolic process (6%);regulation of transcription, DNA-templated (6%);protein glycosylation (6%),IPR029044 (15%);IPR003399 (9%);IPR004333 (9%),Nucleotide-diphospho-sugar transferases (15%);Mce/MlaD (9%);SBP domain (9%)
VVTVTVPR,Bacteria,Bacteria,,,,,,,,,,,,,,,,,,,,,,,,,,,,,,GO:0016020 (50%),membrane (50%),GO:0005509 (50%);GO:0008237 (50%),calcium ion binding (50%);metallopeptidase activity (50%),GO:0016226 (50%),iron-sulfur cluster assembly (50%),IPR000601 (50%);IPR000825 (50%);IPR003343 (50%),PKD domain (50%);SUF system FeS cluster assembly, SufBD (50%);Bacterial Ig-like, group 2 (50%)
LVGGYTCAANSLPY,,,,,,,,,,,,,,,,,,,,,,,,,,,,,,,,,,,,,,,
MHQRPTLQTGK,,,,,,,,,,,,,,,,,,,,,,,,,,,,,,,,,,,,,,,
VPVPAQPR,Candidatus Sulfopaludibacter,Bacteria,,,,Acidobacteria,,,Acidobacteriia,,,Bryobacterales,,,,Solibacteraceae,,,,Candidatus Sulfopaludibacter,,,,,,,,,,,,,,,,,,,
EFHPGALR,Kryptolebias marmoratus,Eukaryota,Metazoa,,,Chordata,Craniata,Actinopterygii,Actinopteri,Neopterygii,Atherinomorphae,Cyprinodontiformes,Aplocheiloidei,,,Rivulidae,,,,Kryptolebias,,,,Kryptolebias marmoratus,,,,,,,,,,GO:0004843 (100%);GO:0008234 (100%),thiol-dependent deubiquitinase (100%);cysteine-type peptidase activity (100%),,,IPR006615 (100%);IPR035927 (100%),Peptidase C19, ubiquitin-specific peptidase, DUSP domain (100%);DUSP-like superfamily (100%)
GFLGLGWLAR,,,,,,,,,,,,,,,,,,,,,,,,,,,,,,,,,,,,,,,
EFHPAVAR,,,,,,,,,,,,,,,,,,,,,,,,,,,,,,,,,,,,,,,
QHGGGLDL,,,,,,,,,,,,,,,,,,,,,,,,,,,,,,,,,,,,,,,
APKPLR,root,,,,,,,,,,,,,,,,,,,,,,,,,,,,,2.3.1.225 (25%);2.1.1.173 (11%);2.1.1.264 (11%),Protein S-acyltransferase (25%);23S rRNA (guanine(2445)-N(2))-methyltransferase (11%);23S rRNA (guanine(2069)-N(7))-methyltransferase (11%),GO:0016021 (27%);GO:0005737 (8%);GO:0005886 (2%),integral component of membrane (27%);cytoplasm (8%);plasma membrane (2%),GO:0004866 (21%);GO:0005524 (17%);GO:0046872 (16%),endopeptidase inhibitor activity (21%);ATP binding (17%);metal ion binding (16%),GO:0000725 (12%);GO:0006784 (5%);GO:0055085 (4%),recombinational repair (12%);heme A biosynthetic process (5%);transmembrane transport (4%),IPR001599 (18%);IPR002890 (18%);IPR008930 (18%),Alpha-2-macroglobulin (18%);Macroglobulin domain (18%);Terpenoid cyclases/protein prenyltransferase alpha-alpha toroid (18%)
STTAR,root,,,,,,,,,,,,,,,,,,,,,,,,,,,,,2.7.1.33 (81%);2.7.4.25 (3%);2.7.1.24 (3%),Pantothenate kinase (81%);(d)CMP kinase (3%);Dephospho-CoA kinase (3%),GO:0005737 (50%);GO:0005886 (11%);GO:0016021 (11%),cytoplasm (50%);plasma membrane (11%);integral component of membrane (11%),GO:0005524 (75%);GO:0004594 (47%);GO:0016887 (20%),ATP binding (75%);pantothenate kinase activity (47%);ATPase (20%),GO:0015937 (48%);GO:0015833 (17%);GO:0007165 (1%),coenzyme A biosynthetic process (48%);peptide transport (17%);signal transduction (1%),IPR027417 (72%);IPR004566 (44%);IPR006083 (43%),P-loop containing nucleoside triphosphate hydrolase (72%);Pantothenate kinase (44%);Phosphoribulokinase/uridine kinase (43%)
RPENHATSR,,,,,,,,,,,,,,,,,,,,,,,,,,,,,,,,,,,,,,,
VVEASLPR,Proteobacteria,Bacteria,,,,Proteobacteria,,,,,,,,,,,,,,,,,,,,,,,,,,,,GO:0004497 (40%);GO:0016757 (40%);GO:0016301 (20%),monooxygenase activity (40%);glycosyltransferase activity (40%);kinase activity (20%),,,IPR001296 (40%);IPR002938 (40%);IPR028098 (40%),Glycosyl transferase, family 1 (40%);FAD-binding domain (40%);Glycosyltransferase subfamily 4-like, N-terminal domain (40%)
EYPAGDYLCR,,,,,,,,,,,,,,,,,,,,,,,,,,,,,,,,,,,,,,,
LATVLPSR,Bacteria,Bacteria,,,,,,,,,,,,,,,,,,,,,,,,,,,,,,GO:0043190 (33%),ATP-binding cassette (ABC) transporter complex (33%),GO:0003700 (33%);GO:0016620 (33%),DNA-binding transcription factor activity (33%);oxidoreductase activity, acting on the aldehyde or oxo group of donors, NAD or NADP as acceptor (33%),GO:0055085 (33%),transmembrane transport (33%),IPR000914 (33%);IPR001845 (33%);IPR011991 (33%),Solute-binding protein family 5 domain (33%);HTH ArsR-type DNA-binding domain (33%);ArsR-like helix-turn-helix domain (33%)
VNWLQQTLAAN,,,,,,,,,,,,,,,,,,,,,,,,,,,,,,,,,,,,,,,
STMSR,root,,,,,,,,,,,,,,,,,,,,,,,,,,,,,7.2.2.- (29%);4.6.1.1 (8%);6.1.1.3 (7%),Linked to the hydrolysis of a nucleoside triphosphate (29%);Adenylate cyclase (8%);Threonine--tRNA ligase (7%),GO:0016021 (27%);GO:0005840 (6%);GO:0005634 (5%),integral component of membrane (27%);ribosome (6%);nucleus (5%),GO:0005524 (13%);GO:0003677 (11%);GO:0003700 (8%),ATP binding (13%);DNA binding (11%);DNA-binding transcription factor activity (8%),GO:0035556 (14%);GO:0009190 (13%);GO:0006355 (12%),intracellular signal transduction (14%);cyclic nucleotide biosynthetic process (13%);regulation of transcription, DNA-templated (12%),IPR029016 (14%);IPR029787 (12%);IPR001054 (11%),GAF-like domain superfamily (14%);Nucleotide cyclase (12%);Adenylyl cyclase class-3/4/guanylyl cyclase (11%)
SPATLNSR,Mammalia,Eukaryota,Metazoa,,,Chordata,Craniata,Sarcopterygii,Mammalia,,,,,,,,,,,,,,,,,,,,,,,,,GO:0004252 (100%),serine-type endopeptidase activity (100%),,,IPR001254 (100%);IPR001314 (100%);IPR009003 (100%),Serine proteases, trypsin domain (100%);Peptidase S1A, chymotrypsin family (100%);Peptidase S1, PA clan (100%)
NLYQTQASFNQTQENK,,,,,,,,,,,,,,,,,,,,,,,,,,,,,,,,,,,,,,,
LSSPATR,root,,,,,,,,,,,,,,,,,,,,,,,,,,,,,1.4.3.23 (14%);1.6.99.1 (14%);2.3.1.111 (14%),7-chloro-L-tryptophan oxidase (14%);NADPH dehydrogenase (14%);Mycocerosate synthase (14%),GO:0016021 (13%);GO:0016020 (10%);GO:0015630 (3%),integral component of membrane (13%);membrane (10%);microtubule cytoskeleton (3%),GO:0003700 (21%);GO:0097367 (15%);GO:0010181 (10%),DNA-binding transcription factor activity (21%);carbohydrate derivative binding (15%);FMN binding (10%),GO:0006096 (15%);GO:0006633 (10%);GO:0001522 (8%),glycolytic process (15%);fatty acid biosynthetic process (10%);pseudouridine synthesis (8%),IPR036388 (20%);IPR000281 (13%);IPR001347 (13%),Winged helix-like DNA-binding domain superfamily (20%);Helix-turn-helix protein RpiR (13%);Sugar isomerase (SIS) (13%)
GAHHLLPK,Bacteria,Bacteria,,,,,,,,,,,,,,,,,,,,,,,,,,,,6.3.5.4 (100%),Asparagine synthase (glutamine-hydrolyzing) (100%),,,GO:0004066 (100%);GO:0005524 (63%),asparagine synthase (glutamine-hydrolyzing) activity (100%);ATP binding (63%),GO:0006529 (100%),asparagine biosynthetic process (100%),IPR001962 (100%);IPR017932 (88%);IPR029055 (88%),Asparagine synthase (100%);Glutamine amidotransferase type 2 domain (88%);Nucleophile aminohydrolases, N-terminal (88%)
GLFPLVALK,,,,,,,,,,,,,,,,,,,,,,,,,,,,,,,,,,,,,,,
SSGTSYPDVLK,Bos,Eukaryota,Metazoa,,,Chordata,Craniata,Sarcopterygii,Mammalia,,Laurasiatheria,Artiodactyla,Ruminantia,Pecora,,Bovidae,Bovinae,,,Bos,,,,,,,,,,3.4.21.4 (100%),Trypsin (100%),GO:0005615 (25%);GO:0097180 (25%),extracellular space (25%);serine protease inhibitor complex (25%),GO:0004252 (100%);GO:0004175 (25%);GO:0046872 (25%),serine-type endopeptidase activity (100%);endopeptidase activity (25%);metal ion binding (25%),GO:0006508 (25%);GO:0007586 (25%),proteolysis (25%);digestion (25%),IPR001254 (100%);IPR009003 (100%);IPR043504 (100%),Serine proteases, trypsin domain (100%);Peptidase S1, PA clan (100%);Peptidase S1, PA clan, chymotrypsin-like fold (100%)
AWPPSAFMYAK,,,,,,,,,,,,,,,,,,,,,,,,,,,,,,,,,,,,,,,
KPGVK,root,,,,,,,,,,,,,,,,,,,,,,,,,,,,,5.2.1.8 (20%);2.5.1.47 (14%);3.6.4.13 (14%),Peptidylprolyl isomerase (20%);Cysteine synthase (14%);RNA helicase (14%),GO:0016021 (23%);GO:0005737 (10%);GO:0033644 (5%),integral component of membrane (23%);cytoplasm (10%);host cell membrane (5%),GO:0005524 (15%);GO:0003677 (9%);GO:0003755 (7%),ATP binding (15%);DNA binding (9%);peptidyl-prolyl cis-trans isomerase activity (7%),GO:0006313 (8%);GO:0006457 (8%);GO:0006535 (7%),transposition, DNA-mediated (8%);protein folding (8%);cysteine biosynthetic process from serine (7%),IPR024431 (7%);IPR027417 (7%);IPR001926 (6%),Insertion element IS1 protein InsA, helix-turn-helix domain (7%);P-loop containing nucleoside triphosphate hydrolase (7%);Pyridoxal-phosphate dependent enzyme (6%)
TNEFVTLK,,,,,,,,,,,,,,,,,,,,,,,,,,,,,,,,,,,,,,,
LLTHPNFNGN,,,,,,,,,,,,,,,,,,,,,,,,,,,,,,,,,,,,,,,
LLTHPNFNGNTLD,,,,,,,,,,,,,,,,,,,,,,,,,,,,,,,,,,,,,,,
SQYEQLAEQNR,Mammalia,Eukaryota,Metazoa,,,Chordata,Craniata,Sarcopterygii,Mammalia,,,,,,,,,,,,,,,,,,,,,,,GO:0005882 (100%);GO:0001533 (4%);GO:0005737 (4%),intermediate filament (100%);cornified envelope (4%);cytoplasm (4%),GO:0005198 (96%);GO:0030280 (4%);GO:0046982 (4%),structural molecule activity (96%);structural constituent of skin epidermis (4%);protein heterodimerization activity (4%),GO:0018149 (4%);GO:0030216 (4%);GO:0051290 (4%),peptide cross-linking (4%);keratinocyte differentiation (4%);protein heterotetramerization (4%),IPR002957 (100%);IPR039008 (100%);IPR042180 (100%),Keratin, type I (100%);Intermediate filament, rod domain (100%); (100%)
STSSFSCLSR,Mammalia,Eukaryota,Metazoa,,,Chordata,Craniata,Sarcopterygii,Mammalia,,,,,,,,,,,,,,,,,,,,,,,GO:0045095 (97%);GO:0001533 (49%);GO:0005882 (5%),keratin filament (97%);cornified envelope (49%);intermediate filament (5%),GO:0008092 (49%);GO:0030280 (49%);GO:0005200 (3%),cytoskeletal protein binding (49%);structural constituent of skin epidermis (49%);structural constituent of cytoskeleton (3%),GO:0003334 (49%);GO:0018149 (49%);GO:0031424 (49%),keratinocyte development (49%);peptide cross-linking (49%);keratinization (49%),IPR032444 (100%);IPR039008 (100%);IPR042180 (100%),Keratin type II head (100%);Intermediate filament, rod domain (100%); (100%)
EESNYELEGK,,,,,,,,,,,,,,,,,,,,,,,,,,,,,,,,,,,,,,,
YENEVALR,root,,,,,,,,,,,,,,,,,,,,,,,,,,,,,,,GO:0005882 (97%);GO:0001533 (3%);GO:0005737 (3%),intermediate filament (97%);cornified envelope (3%);cytoplasm (3%),GO:0005198 (94%);GO:0030280 (3%);GO:0046982 (3%),structural molecule activity (94%);structural constituent of skin epidermis (3%);protein heterodimerization activity (3%),GO:0002009 (3%);GO:0007229 (3%);GO:0018149 (3%),morphogenesis of an epithelium (3%);integrin-mediated signaling pathway (3%);peptide cross-linking (3%),IPR002957 (96%);IPR039008 (96%);IPR042180 (96%),Keratin, type I (96%);Intermediate filament, rod domain (96%); (96%)
AMSLR,root,,,,,,,,,,,,,,,,,,,,,,,,,,,,,2.7.1.11 (29%);2.5.1.147 (16%);4.3.1.32 (16%),6-phosphofructokinase (29%);5-amino-6-(D-ribitylamino)uracil--L-tyrosine 4-hydroxyphenyl transferase (16%);7,8-didemethyl-8-hydroxy-5-deazariboflavin synthase (16%),GO:0016021 (25%);GO:0005737 (17%);GO:0005886 (6%),integral component of membrane (25%);cytoplasm (17%);plasma membrane (6%),GO:0005524 (28%);GO:0046872 (24%);GO:0003677 (14%),ATP binding (28%);metal ion binding (24%);DNA binding (14%),GO:0006002 (11%);GO:0006265 (3%);GO:0006270 (2%),fructose 6-phosphate metabolic process (11%);DNA topological change (3%);DNA replication initiation (2%),IPR027417 (12%);IPR000023 (9%);IPR035966 (9%),P-loop containing nucleoside triphosphate hydrolase (12%);Phosphofructokinase domain (9%);Phosphofructokinase superfamily (9%)
NGELK,root,,,,,,,,,,,,,,,,,,,,,,,,,,,,,4.2.1.49 (33%);2.7.13.3 (9%);2.1.3.2 (6%),Urocanate hydratase (33%);Histidine kinase (9%);Aspartate carbamoyltransferase (6%),GO:0005737 (20%);GO:0016021 (18%);GO:0005886 (5%),cytoplasm (20%);integral component of membrane (18%);plasma membrane (5%),GO:0005524 (22%);GO:0016153 (12%);GO:0003677 (7%),ATP binding (22%);urocanate hydratase activity (12%);DNA binding (7%),GO:0019556 (12%);GO:0019557 (12%);GO:0045892 (6%),histidine catabolic process to glutamate and formamide (12%);histidine catabolic process to glutamate and formate (12%);negative regulation of transcription, DNA-templated (6%),IPR023637 (11%);IPR035401 (11%);IPR036190 (11%),Urocanase (11%);Urocanase, C-terminal domain (11%);Urocanase superfamily (11%)
PVTVSLPR,,,,,,,,,,,,,,,,,,,,,,,,,,,,,,,,,,,,,,,
VAQVALLR,root,,,,,,,,,,,,,,,,,,,,,,,,,,,,,3.1.2.6 (100%),Hydroxyacylglutathione hydrolase (100%),GO:0005739 (33%);GO:0016021 (33%),mitochondrion (33%);integral component of membrane (33%),GO:0004416 (33%);GO:0008289 (33%);GO:0022857 (33%),hydroxyacylglutathione hydrolase activity (33%);lipid binding (33%);transmembrane transporter activity (33%),GO:0006744 (33%);GO:0019243 (33%),ubiquinone biosynthetic process (33%);methylglyoxal catabolic process to D-lactate via S-lactoyl-glutathione (33%),IPR013877 (50%);IPR016024 (50%);IPR019516 (50%),YAP-binding/ALF4/Glomulin (50%);Armadillo-type fold (50%);Glomulin/ALF4 (50%)
ASTSHLPSLDTGAGVAA,,,,,,,,,,,,,,,,,,,,,,,,,,,,,,,,,,,,,,,
LVGGYTCAAN,,,,,,,,,,,,,,,,,,,,,,,,,,,,,,,,,,,,,,,
AEYEDLATR,,,,,,,,,,,,,,,,,,,,,,,,,,,,,,,,,,,,,,,
QTVAGPVK,Pseudomonas syringae,Bacteria,,,,Proteobacteria,,,Gammaproteobacteria,,,Pseudomonadales,,,,Pseudomonadaceae,,,,Pseudomonas,,Pseudomonas syringae group,Pseudomonas syringae group genomosp. 1,Pseudomonas syringae,,,,,,,,,,GO:0051213 (100%),dioxygenase activity (100%),,,,
FMENK,root,,,,,,,,,,,,,,,,,,,,,,,,,,,,,2.6.1.85 (11%);2.7.7.6 (8%);2.7.13.3 (7%),Aminodeoxychorismate synthase (11%);DNA-directed RNA polymerase (8%);Histidine kinase (7%),GO:0016021 (34%);GO:0005737 (14%);GO:0045211 (10%),integral component of membrane (34%);cytoplasm (14%);postsynaptic membrane (10%),GO:0005509 (11%);GO:0004970 (11%);GO:0003779 (11%),calcium ion binding (11%);ionotropic glutamate receptor activity (11%);actin binding (11%),GO:0045104 (11%);GO:0035556 (9%);GO:0034260 (3%),intermediate filament cytoskeleton organization (11%);intracellular signal transduction (9%);negative regulation of GTPase activity (3%),IPR001320 (13%);IPR001508 (11%);IPR001828 (10%),Ionotropic glutamate receptor (13%);Ionotropic glutamate receptor, metazoa (11%);Receptor, ligand binding region (10%)
VNQGLK,root,,,,,,,,,,,,,,,,,,,,,,,,,,,,,3.6.4.12 (50%);3.5.1.25 (11%);5.3.1.1 (9%),DNA helicase (50%);N-acetylglucosamine-6-phosphate deacetylase (11%);Triose-phosphate isomerase (9%),GO:0016021 (12%);GO:0005737 (9%);GO:0015934 (6%),integral component of membrane (12%);cytoplasm (9%);large ribosomal subunit (6%),GO:0005524 (33%);GO:0003677 (22%);GO:0003678 (18%),ATP binding (33%);DNA binding (22%);DNA helicase activity (18%),GO:0006289 (18%);GO:0006367 (18%);GO:0005975 (8%),nucleotide-excision repair (18%);transcription initiation from RNA polymerase II promoter (18%);carbohydrate metabolic process (8%),IPR027417 (24%);IPR001611 (16%);IPR032675 (16%),P-loop containing nucleoside triphosphate hydrolase (24%);Leucine-rich repeat (16%);Leucine-rich repeat domain superfamily (16%)
AYEEK,root,,,,,,,,,,,,,,,,,,,,,,,,,,,,,6.5.1.2 (27%);4.2.1.33 (20%);2.7.3.9 (12%),DNA ligase (NAD(+)) (27%);3-isopropylmalate dehydratase (20%);Phosphoenolpyruvate--protein phosphotransferase (12%),GO:0016021 (15%);GO:0005737 (12%);GO:0009316 (7%),integral component of membrane (15%);cytoplasm (12%);3-isopropylmalate dehydratase complex (7%),GO:0046872 (24%);GO:0005524 (14%);GO:0003677 (14%),metal ion binding (24%);ATP binding (14%);DNA binding (14%),GO:0006260 (11%);GO:0006281 (10%);GO:0009098 (8%),DNA replication (11%);DNA repair (10%);leucine biosynthetic process (8%),IPR012340 (12%);IPR027417 (9%);IPR013839 (9%),Nucleic acid-binding, OB-fold (12%);P-loop containing nucleoside triphosphate hydrolase (9%);NAD-dependent DNA ligase, adenylation (9%)
NPLVVLGH,,,,,,,,,,,,,,,,,,,,,,,,,,,,,,,,,,,,,,,
ADDSMR,root,,,,,,,,,,,,,,,,,,,,,,,,,,,,,2.10.1.1 (20%);2.7.4.3 (20%);3.1.3.3 (20%),Molybdopterin molybdotransferase (20%);Adenylate kinase (20%);Phosphoserine phosphatase (20%),GO:0005737 (41%);GO:0005615 (5%);GO:0005856 (5%),cytoplasm (41%);extracellular space (5%);cytoskeleton (5%),GO:0003677 (37%);GO:0009037 (29%);GO:0031177 (17%),DNA binding (37%);tyrosine-based site-specific recombinase activity (29%);phosphopantetheine binding (17%),GO:0007059 (32%);GO:0006313 (29%);GO:0007049 (24%),chromosome segregation (32%);transposition, DNA-mediated (29%);cell cycle (24%),IPR002104 (28%);IPR004107 (28%);IPR010998 (28%),Integrase, catalytic domain (28%);Integrase, SAM-like, N-terminal (28%);Integrase/recombinase, N-terminal (28%)
CGNSLVTVGMVGPQV,,,,,,,,,,,,,,,,,,,,,,,,,,,,,,,,,,,,,,,
QGLVDAALEK,,,,,,,,,,,,,,,,,,,,,,,,,,,,,,,,,,,,,,,
ELLMNQAR,,,,,,,,,,,,,,,,,,,,,,,,,,,,,,,,,,,,,,,
FGEEQADFLAEGLDQTR,,,,,,,,,,,,,,,,,,,,,,,,,,,,,,,,,,,,,,,
RPLLFK,root,,,,,,,,,,,,,,,,,,,,,,,,,,,,,6.1.1.20 (57%);2.7.7.48 (14%);6.3.4.19 (6%),Phenylalanine--tRNA ligase (57%);RNA-directed RNA polymerase (14%);tRNA(Ile)-lysidine synthetase (6%),GO:0005856 (27%);GO:0005874 (21%);GO:0016021 (14%),cytoskeleton (27%);microtubule (21%);integral component of membrane (14%),GO:0005524 (63%);GO:0008017 (50%);GO:1990939 (50%),ATP binding (63%);microtubule binding (50%);ATP-dependent microtubule motor activity (50%),GO:0007018 (50%);GO:0006432 (10%);GO:0007165 (3%),microtubule-based movement (50%);phenylalanyl-tRNA aminoacylation (10%);signal transduction (3%),IPR027417 (49%);IPR001752 (45%);IPR036961 (45%),P-loop containing nucleoside triphosphate hydrolase (49%);Kinesin motor domain (45%);Kinesin motor domain superfamily (45%)
MVLAGK,root,,,,,,,,,,,,,,,,,,,,,,,,,,,,,2.7.2.8 (55%);4.1.1.36 (14%);5.4.2.8 (14%),Acetylglutamate kinase (55%);Phosphopantothenoylcysteine decarboxylase (14%);Phosphomannomutase (14%),GO:0005737 (27%);GO:0016021 (13%);GO:0005634 (2%),cytoplasm (27%);integral component of membrane (13%);nucleus (2%),GO:0005524 (35%);GO:0003991 (24%);GO:0000287 (14%),ATP binding (35%);acetylglutamate kinase activity (24%);magnesium ion binding (14%),GO:0042450 (23%);GO:0005975 (15%);GO:0006952 (6%),arginine biosynthetic process via ornithine (23%);carbohydrate metabolic process (15%);defense response (6%),IPR001048 (22%);IPR036393 (22%);IPR004662 (22%),Aspartate/glutamate/uridylate kinase (22%);Acetylglutamate kinase-like superfamily (22%);Acetylglutamate kinase family (22%)
NLDVLEGNEQFLNAAK,,,,,,,,,,,,,,,,,,,,,,,,,,,,,,,,,,,,,,,
LGEHNLDVLEGNEQF,,,,,,,,,,,,,,,,,,,,,,,,,,,,,,,,,,,,,,,
VVAQLLAR,root,,,,,,,,,,,,,,,,,,,,,,,,,,,,,1.3.7.7 (40%);2.1.1.198 (40%);3.4.11.18 (20%),Ferredoxin:protochlorophyllide reductase (ATP-dependent) (40%);16S rRNA (cytidine(1402)-2'-O)-methyltransferase (40%);Methionyl aminopeptidase (20%),GO:0016021 (56%);GO:0005737 (13%),integral component of membrane (56%);cytoplasm (13%),GO:0046872 (19%);GO:0005524 (13%);GO:0016636 (13%),metal ion binding (19%);ATP binding (13%);oxidoreductase activity, acting on the CH-CH group of donors, iron-sulfur protein as acceptor (13%),GO:0000453 (13%);GO:0019685 (13%);GO:0036070 (13%),enzyme-directed rRNA 2'-O-methylation (13%);photosynthesis, dark reaction (13%);light-independent bacteriochlorophyll biosynthetic process (13%),IPR021125 (32%);IPR000510 (16%);IPR000878 (11%),Protein of unknown function DUF2127 (32%);Nitrogenase/oxidoreductase, component 1 (16%);Tetrapyrrole methylase (11%)
GAAQAQPR,,,,,,,,,,,,,,,,,,,,,,,,,,,,,,,,,,,,,,,
FGLALSSLLEK,,,,,,,,,,,,,,,,,,,,,,,,,,,,,,,,,,,,,,,
LNTAVNLVR,,,,,,,,,,,,,,,,,,,,,,,,,,,,,,,,,,,,,,,
AQTVLHHFTK,,,,,,,,,,,,,,,,,,,,,,,,,,,,,,,,,,,,,,,
LLNDTR,root,,,,,,,,,,,,,,,,,,,,,,,,,,,,,2.7.13.3 (17%);3.6.-.- (10%);2.4.99.17 (7%),Histidine kinase (17%);Acting on acid anhydrides (10%);S-adenosylmethionine:tRNA ribosyltransferase-isomerase (7%),GO:0016021 (34%);GO:0005737 (8%);GO:0005886 (7%),integral component of membrane (34%);cytoplasm (8%);plasma membrane (7%),GO:0005524 (13%);GO:0046872 (8%);GO:0000287 (5%),ATP binding (13%);metal ion binding (8%);magnesium ion binding (5%),GO:0060271 (3%);GO:0003341 (3%);GO:0006355 (3%),cilium assembly (3%);cilium movement (3%);regulation of transcription, DNA-templated (3%),IPR000160 (13%);IPR029787 (13%);IPR043128 (13%),GGDEF domain (13%);Nucleotide cyclase (13%);Reverse transcriptase/Diguanylate cyclase domain (13%)
ELAAR,root,,,,,,,,,,,,,,,,,,,,,,,,,,,,,3.1.-.- (7%);2.7.11.1 (4%);1.1.1.94 (3%),Acting on ester bonds (7%);Non-specific serine/threonine protein kinase (4%);Glycerol-3-phosphate dehydrogenase (NAD(P)(+)) (3%),GO:0016021 (12%);GO:0005737 (9%);GO:0005886 (3%),integral component of membrane (12%);cytoplasm (9%);plasma membrane (3%),GO:0005524 (19%);GO:0003677 (18%);GO:0046872 (7%),ATP binding (19%);DNA binding (18%);metal ion binding (7%),GO:0006355 (15%);GO:0000160 (10%);GO:0005975 (2%),regulation of transcription, DNA-templated (15%);phosphorelay signal transduction system (10%);carbohydrate metabolic process (2%),IPR027417 (14%);IPR036388 (12%);IPR011006 (9%),P-loop containing nucleoside triphosphate hydrolase (14%);Winged helix-like DNA-binding domain superfamily (12%);CheY-like superfamily (9%)
LVPLK,root,,,,,,,,,,,,,,,,,,,,,,,,,,,,,7.1.2.2 (21%);4.3.1.1 (18%);6.2.1.1 (6%),H(+)-transporting two-sector ATPase (21%);Aspartate ammonia-lyase (18%);Acetate--CoA ligase (6%),GO:0016021 (22%);GO:0005737 (6%);GO:0045261 (6%),integral component of membrane (22%);cytoplasm (6%);proton-transporting ATP synthase complex, catalytic core F(1) (6%),GO:0005524 (19%);GO:0046872 (12%);GO:0046933 (6%),ATP binding (19%);metal ion binding (12%);proton-transporting ATP synthase activity, rotational mechanism (6%),GO:0006099 (5%);GO:0006531 (4%);GO:0055085 (3%),tricarboxylic acid cycle (5%);aspartate metabolic process (4%);transmembrane transport (3%),IPR027417 (12%);IPR003593 (7%);IPR024034 (5%),P-loop containing nucleoside triphosphate hydrolase (12%);AAA+ ATPase domain (7%);ATPase, F1/V1 complex, beta/alpha subunit, C-terminal (5%)
LSQAENELR,,,,,,,,,,,,,,,,,,,,,,,,,,,,,,,,,,,,,,,
LGEHNLD,,,,,,,,,,,,,,,,,,,,,,,,,,,,,,,,,,,,,,,
NSTTDTLACLSGGSVNEK,,,,,,,,,,,,,,,,,,,,,,,,,,,,,,,,,,,,,,,
VAVTPLNR,bacterium,Bacteria,,,,,,,,,,,,,,,,,,,,,,bacterium,,,,,,3.5.4.2 (100%),Adenine deaminase (100%),,,GO:0000034 (100%),adenine deaminase activity (100%),GO:0006146 (100%),adenine catabolic process (100%),IPR006679 (100%);IPR006680 (100%);IPR026912 (100%),Adenine deaminase (100%);Amidohydrolase-related (100%);Adenine deaminase C-terminal domain (100%)
LVGGYTCSLPYQVSLNSG,,,,,,,,,,,,,,,,,,,,,,,,,,,,,,,,,,,,,,,
TVVTR,root,,,,,,,,,,,,,,,,,,,,,,,,,,,,,2.7.13.3 (30%);6.3.3.3 (9%);6.1.1.18 (5%),Histidine kinase (30%);Dethiobiotin synthase (9%);Glutamine--tRNA ligase (5%),GO:0016021 (31%);GO:0005737 (12%);GO:0005886 (8%),integral component of membrane (31%);cytoplasm (12%);plasma membrane (8%),GO:0005524 (19%);GO:0003677 (10%);GO:0000155 (8%),ATP binding (19%);DNA binding (10%);phosphorelay sensor kinase activity (8%),GO:0006260 (5%);GO:0051301 (3%);GO:0009102 (2%),DNA replication (5%);cell division (3%);biotin biosynthetic process (2%),IPR027417 (14%);IPR036388 (8%);IPR036890 (7%),P-loop containing nucleoside triphosphate hydrolase (14%);Winged helix-like DNA-binding domain superfamily (8%);Histidine kinase/HSP90-like ATPase superfamily (7%)
TFFVPSYK,,,,,,,,,,,,,,,,,,,,,,,,,,,,,,,,,,,,,,,
LAADLGYTVR,,,,,,,,,,,,,,,,,,,,,,,,,,,,,,,,,,,,,,,
ETVMPR,root,,,,,,,,,,,,,,,,,,,,,,,,,,,,,3.4.17.19 (67%);2.7.1.183 (33%),Carboxypeptidase Taq (67%);Glycoprotein-mannosyl O(6)-kinase (33%),GO:0005634 (38%);GO:0016021 (23%);GO:0005886 (15%),nucleus (38%);integral component of membrane (23%);plasma membrane (15%),GO:0003677 (31%);GO:0005524 (31%);GO:0042393 (23%),DNA binding (31%);ATP binding (31%);histone binding (23%),GO:0006355 (19%);GO:0043044 (12%);GO:0045944 (12%),regulation of transcription, DNA-templated (19%);ATP-dependent chromatin remodeling (12%);positive regulation of transcription by RNA polymerase II (12%),IPR000330 (20%);IPR001650 (20%);IPR014001 (20%),SNF2, N-terminal (20%);Helicase, C-terminal (20%);Helicase superfamily 1/2, ATP-binding domain (20%)
LSNPATLAQDA,,,,,,,,,,,,,,,,,,,,,,,,,,,,,,,,,,,,,,,
LVLLADLTK,,,,,,,,,,,,,,,,,,,,,,,,,,,,,,,,,,,,,,,
EMAQLYDGLVEFAELEK,,,,,,,,,,,,,,,,,,,,,,,,,,,,,,,,,,,,,,,
LPQVEGTGGDVQPSQDLVR,root,,,,,,,,,,,,,,,,,,,,,,,,,,,,,,,GO:0005737 (95%);GO:0005829 (0%);GO:0016020 (0%),cytoplasm (95%);cytosol (0%);membrane (0%),GO:0005524 (100%);GO:0016887 (97%);GO:0008233 (4%),ATP binding (100%);ATPase (97%);peptidase activity (4%),GO:0009408 (95%);GO:0042026 (95%);GO:0034605 (0%),response to heat (95%);protein refolding (95%);cellular response to heat (0%),IPR004176 (100%);IPR036628 (100%);IPR027417 (97%),Clp,  repeat (R) domain (100%);Clp, N-terminal domain superfamily (100%);P-loop containing nucleoside triphosphate hydrolase (97%)
VLGQNEAVDAVSNALR,root,,,,,,,,,,,,,,,,,,,,,,,,,,,,,,,GO:0005737 (93%);GO:0005829 (0%);GO:0016020 (0%),cytoplasm (93%);cytosol (0%);membrane (0%),GO:0005524 (100%);GO:0016887 (98%);GO:0008233 (4%),ATP binding (100%);ATPase (98%);peptidase activity (4%),GO:0009408 (93%);GO:0042026 (93%);GO:0034605 (0%),response to heat (93%);protein refolding (93%);cellular response to heat (0%),IPR027417 (100%);IPR003959 (99%);IPR001270 (98%),P-loop containing nucleoside triphosphate hydrolase (100%);ATPase, AAA-type, core (99%);ClpA/B family (98%)
ALQQQLENPLAQQLLSGELVPGK,root,,,,,,,,,,,,,,,,,,,,,,,,,,,,,,,GO:0005737 (95%);GO:0005829 (0%);GO:0016020 (0%),cytoplasm (95%);cytosol (0%);membrane (0%),GO:0005524 (100%);GO:0016887 (97%);GO:0008233 (1%),ATP binding (100%);ATPase (97%);peptidase activity (1%),GO:0042026 (95%);GO:0009408 (95%);GO:0034605 (0%),protein refolding (95%);response to heat (95%);cellular response to heat (0%),IPR019489 (100%);IPR027417 (100%);IPR003959 (99%),Clp ATPase, C-terminal (100%);P-loop containing nucleoside triphosphate hydrolase (100%);ATPase, AAA-type, core (99%)
ALDLLDEAASSLR,root,,,,,,,,,,,,,,,,,,,,,,,,,,,,,3.4.21.- (100%),Serine endopeptidases (100%),GO:0005737 (94%);GO:0005759 (0%);GO:0005829 (0%),cytoplasm (94%);mitochondrial matrix (0%);cytosol (0%),GO:0005524 (100%);GO:0016887 (97%);GO:0008233 (6%),ATP binding (100%);ATPase (97%);peptidase activity (6%),GO:0042026 (94%);GO:0009408 (94%);GO:0034605 (0%),protein refolding (94%);response to heat (94%);cellular response to heat (0%),IPR027417 (100%);IPR041546 (100%);IPR003959 (99%),P-loop containing nucleoside triphosphate hydrolase (100%);ClpA/ClpB, AAA lid domain (100%);ATPase, AAA-type, core (99%)
VTDAELAEVLAR,root,,,,,,,,,,,,,,,,,,,,,,,,,,,,,,,GO:0005737 (94%);GO:0005829 (0%);GO:0016020 (0%),cytoplasm (94%);cytosol (0%);membrane (0%),GO:0005524 (100%);GO:0016887 (97%);GO:0008233 (3%),ATP binding (100%);ATPase (97%);peptidase activity (3%),GO:0042026 (94%);GO:0009408 (94%);GO:0034605 (0%),protein refolding (94%);response to heat (94%);cellular response to heat (0%),IPR027417 (100%);IPR003959 (99%);IPR003593 (98%),P-loop containing nucleoside triphosphate hydrolase (100%);ATPase, AAA-type, core (99%);AAA+ ATPase domain (98%)
GQNEAVDAVSNALR,,,,,,,,,,,,,,,,,,,,,,,,,,,,,,,,,,,,,,,
QNEAVDAVSNALR,,,,,,,,,,,,,,,,,,,,,,,,,,,,,,,,,,,,,,,
NSANVLR,Bacteria,Bacteria,,,,,,,,,,,,,,,,,,,,,,,,,,,,,,GO:0005840 (20%),ribosome (20%),GO:0003735 (20%);GO:0004459 (20%);GO:0008097 (20%),structural constituent of ribosome (20%);L-lactate dehydrogenase activity (20%);5S rRNA binding (20%),GO:0005975 (40%);GO:0006412 (20%);GO:0016226 (20%),carbohydrate metabolic process (40%);translation (20%);iron-sulfur cluster assembly (20%),IPR015955 (33%);IPR022383 (33%);IPR000825 (17%),Lactate dehydrogenase/glycoside hydrolase, family 4, C-terminal (33%);Lactate/malate dehydrogenase, C-terminal (33%);SUF system FeS cluster assembly, SufBD (17%)
VTDAELAEVL,,,,,,,,,,,,,,,,,,,,,,,,,,,,,,,,,,,,,,,
MVQVFYK,,,,,,,,,,,,,,,,,,,,,,,,,,,,,,,,,,,,,,,
MHMLTK,root,,,,,,,,,,,,,,,,,,,,,,,,,,,,,3.1.3.16 (100%),Protein-serine/threonine phosphatase (100%),GO:0005634 (56%);GO:0016021 (19%);GO:0005886 (6%),nucleus (56%);integral component of membrane (19%);plasma membrane (6%),GO:0008420 (50%);GO:0106306 (44%);GO:0106307 (44%),RNA polymerase II CTD heptapeptide repeat phosphatase activity (50%);protein serine phosphatase activity (44%);protein threonine phosphatase activity (44%),GO:0070940 (50%);GO:0006464 (25%),dephosphorylation of RNA polymerase II C-terminal domain (50%);cellular protein modification process (25%),IPR004274 (32%);IPR011947 (32%);IPR023214 (32%),FCP1 homology domain (32%);FCP1-like phosphatase, phosphatase domain (32%);HAD superfamily (32%)
EYPDQK,root,,,,,,,,,,,,,,,,,,,,,,,,,,,,,3.6.4.12 (100%),DNA helicase (100%),GO:0016021 (27%);GO:0005886 (7%),integral component of membrane (27%);plasma membrane (7%),GO:0005524 (27%);GO:0003677 (20%);GO:0003678 (13%),ATP binding (27%);DNA binding (20%);DNA helicase activity (13%),GO:0007165 (20%);GO:0005975 (13%);GO:0012501 (13%),signal transduction (20%);carbohydrate metabolic process (13%);programmed cell death (13%),IPR027417 (16%);IPR000212 (11%);IPR000488 (11%),P-loop containing nucleoside triphosphate hydrolase (16%);DNA helicase, UvrD/REP type (11%);Death domain (11%)
MVLDLSGFK,Delftia,Bacteria,,,,Proteobacteria,,,Betaproteobacteria,,,Burkholderiales,,,,Comamonadaceae,,,,Delftia,,,,,,,,,,,,,,GO:0030246 (100%);GO:0004180 (33%),carbohydrate binding (100%);carboxypeptidase activity (33%),,,IPR011050 (100%);IPR013783 (100%);IPR013784 (100%),Pectin lyase fold/virulence factor (100%);Immunoglobulin-like fold (100%);Carbohydrate-binding-like fold (100%)
ALNTTGVGPFAGPDAGSR,,,,,,,,,,,,,,,,,,,,,,,,,,,,,,,,,,,,,,,
LSTTEMSTVLAR,,,,,,,,,,,,,,,,,,,,,,,,,,,,,,,,,,,,,,,
VVPEDVSVLGADASLK,,,,,,,,,,,,,,,,,,,,,,,,,,,,,,,,,,,,,,,
LHLMHL,Prunus yedoensis var. nudiflora,Eukaryota,Viridiplantae,,,Streptophyta,Streptophytina,,Magnoliopsida,,,Rosales,,,,Rosaceae,Amygdaloideae,Amygdaleae,,Prunus,,,,Prunus yedoensis,,,Prunus yedoensis var. nudiflora,,,,,,,GO:0003860 (100%),3-hydroxyisobutyryl-CoA hydrolase activity (100%),,,IPR029045 (100%);IPR032259 (100%),ClpP/crotonase-like domain superfamily (100%);Enoyl-CoA hydratase/isomerase,  HIBYL-CoA-H type (100%)
LPLVSAR,root,,,,,,,,,,,,,,,,,,,,,,,,,,,,,2.7.3.3 (63%);2.4.1.16 (13%);2.7.1.158 (13%),Arginine kinase (63%);Chitin synthase (13%);Inositol-pentakisphosphate 2-kinase (13%),GO:0016021 (81%);GO:0031676 (68%);GO:0005615 (5%),integral component of membrane (81%);plasma membrane-derived thylakoid membrane (68%);extracellular space (5%),GO:0004252 (5%);GO:0003755 (5%);GO:0004553 (5%),serine-type endopeptidase activity (5%);peptidyl-prolyl cis-trans isomerase activity (5%);hydrolase activity, hydrolyzing O-glycosyl compounds (5%),GO:0006605 (70%);GO:0065002 (70%);GO:0043952 (69%),protein targeting (70%);intracellular protein transmembrane transport (70%);protein transport by the Sec complex (69%),IPR002208 (70%);IPR023201 (70%);IPR030659 (69%),SecY/SEC61-alpha family (70%);SecY domain superfamily (70%);SecY conserved site (69%)
VAVLPLMK,root,,,,,,,,,,,,,,,,,,,,,,,,,,,,,6.1.1.14 (100%),Glycine--tRNA ligase (100%),GO:0005737 (93%);GO:0005634 (4%),cytoplasm (93%);nucleus (4%),GO:0004820 (93%);GO:0005524 (93%);GO:0000981 (4%),glycine-tRNA ligase activity (93%);ATP binding (93%);DNA-binding transcription factor activity, RNA polymerase II-specific (4%),GO:0006426 (93%),glycyl-tRNA aminoacylation (93%),IPR002315 (93%);IPR004154 (93%);IPR006195 (93%),Glycyl-tRNA synthetase (93%);Anticodon-binding (93%);Aminoacyl-tRNA synthetase, class II (93%)
EPGPMPPR,,,,,,,,,,,,,,,,,,,,,,,,,,,,,,,,,,,,,,,
LPGVVLVEAEMAK,,,,,,,,,,,,,,,,,,,,,,,,,,,,,,,,,,,,,,,
TSLNGVLLK,,,,,,,,,,,,,,,,,,,,,,,,,,,,,,,,,,,,,,,
LLDVTSDPSK,,,,,,,,,,,,,,,,,,,,,,,,,,,,,,,,,,,,,,,
QETNLNVTNK,,,,,,,,,,,,,,,,,,,,,,,,,,,,,,,,,,,,,,,
LGPVSLNTLGALSSAGGASK,,,,,,,,,,,,,,,,,,,,,,,,,,,,,,,,,,,,,,,
YDVLHYCVPNL,,,,,,,,,,,,,,,,,,,,,,,,,,,,,,,,,,,,,,,
LVFGPGPGVLA,,,,,,,,,,,,,,,,,,,,,,,,,,,,,,,,,,,,,,,
VTDAELMFR,,,,,,,,,,,,,,,,,,,,,,,,,,,,,,,,,,,,,,,
ENEFLR,root,,,,,,,,,,,,,,,,,,,,,,,,,,,,,3.4.19.12 (61%);2.4.1.129 (5%);2.7.13.3 (5%),Ubiquitinyl hydrolase 1 (61%);Peptidoglycan glycosyltransferase (5%);Histidine kinase (5%),GO:0016021 (33%);GO:0005634 (21%);GO:0005737 (8%),integral component of membrane (33%);nucleus (21%);cytoplasm (8%),GO:0005524 (16%);GO:0004843 (9%);GO:0016887 (9%),ATP binding (16%);thiol-dependent deubiquitinase (9%);ATPase (9%),GO:0016579 (9%);GO:0007062 (7%);GO:0000724 (7%),protein deubiquitination (9%);sister chromatid cohesion (7%);double-strand break repair via homologous recombination (7%),IPR027417 (15%);IPR013087 (12%);IPR036236 (12%),P-loop containing nucleoside triphosphate hydrolase (15%);Zinc finger C2H2-type (12%);Zinc finger C2H2 superfamily (12%)
HGGPEYLK,,,,,,,,,,,,,,,,,,,,,,,,,,,,,,,,,,,,,,,
YPATPSK,,,,,,,,,,,,,,,,,,,,,,,,,,,,,,,,,,,,,,,
EFVNDK,root,,,,,,,,,,,,,,,,,,,,,,,,,,,,,3.6.4.12 (24%);2.4.1.1 (18%);2.1.1.72 (12%),DNA helicase (24%);Glycogen phosphorylase (18%);Site-specific DNA-methyltransferase (adenine-specific) (12%),GO:0016021 (28%);GO:0005737 (6%);GO:0005634 (5%),integral component of membrane (28%);cytoplasm (6%);nucleus (5%),GO:0005524 (28%);GO:0016491 (23%);GO:0003677 (12%),ATP binding (28%);oxidoreductase activity (23%);DNA binding (12%),GO:0007064 (5%);GO:0005977 (4%);GO:0051301 (4%),mitotic sister chromatid cohesion (5%);glycogen metabolic process (4%);cell division (4%),IPR036291 (19%);IPR002347 (18%);IPR020904 (18%),NAD(P)-binding domain superfamily (19%);Short-chain dehydrogenase/reductase SDR (18%);Short-chain dehydrogenase/reductase, conserved site (18%)
LPSSMWSSTR,,,,,,,,,,,,,,,,,,,,,,,,,,,,,,,,,,,,,,,
LVAQGLSNSELAK,Candidatus Planktophila versatilis,Bacteria,,,,Actinobacteria,,,Actinomycetia,,,Candidatus Nanopelagicales,,,,Candidatus Nanopelagicaceae,,,,Candidatus Planktophila,,,,Candidatus Planktophila versatilis,,,,,,,,,,GO:0003677 (100%),DNA binding (100%),GO:0006355 (100%);GO:0000160 (86%),regulation of transcription, DNA-templated (100%);phosphorelay signal transduction system (86%),IPR000792 (100%);IPR011006 (100%);IPR016032 (100%),Transcription regulator LuxR, C-terminal (100%);CheY-like superfamily (100%);Signal transduction response regulator, C-terminal effector (100%)
GTPGGGR,root,,,,,,,,,,,,,,,,,,,,,,,,,,,,,2.7.7.41 (50%);6.3.2.12 (50%),Phosphatidate cytidylyltransferase (50%);Dihydrofolate synthase (50%),GO:0016021 (24%);GO:0005634 (18%);GO:0005681 (6%),integral component of membrane (24%);nucleus (18%);spliceosomal complex (6%),GO:0005524 (18%);GO:0046872 (18%);GO:0003723 (12%),ATP binding (18%);metal ion binding (18%);RNA binding (12%),GO:0042254 (18%);GO:0000398 (6%);GO:0000956 (6%),ribosome biogenesis (18%);mRNA splicing, via spliceosome (6%);nuclear-transcribed mRNA catabolic process (6%),IPR007023 (14%);IPR000531 (9%);IPR029063 (9%),Ribosomal biogenesis regulatory protein (14%);TonB-dependent receptor-like, beta-barrel (9%);S-adenosyl-L-methionine-dependent methyltransferase (9%)
GGMYYVK,,,,,,,,,,,,,,,,,,,,,,,,,,,,,,,,,,,,,,,
EYFPER,root,,,,,,,,,,,,,,,,,,,,,,,,,,,,,1.4.1.2 (25%);2.4.1.129 (25%);2.7.4.9 (25%),Glutamate dehydrogenase (25%);Peptidoglycan glycosyltransferase (25%);dTMP kinase (25%),GO:0016021 (13%);GO:0042597 (3%),integral component of membrane (13%);periplasmic space (3%),GO:0008080 (45%);GO:0005524 (18%);GO:0016740 (10%),N-acetyltransferase activity (45%);ATP binding (18%);transferase activity (10%),GO:0009116 (5%);GO:0006233 (3%);GO:0006235 (3%),nucleoside metabolic process (5%);dTDP biosynthetic process (3%);dTTP biosynthetic process (3%),IPR016181 (39%);IPR000182 (33%);IPR027417 (9%),Acyl-CoA N-acyltransferase (39%);GNAT domain (33%);P-loop containing nucleoside triphosphate hydrolase (9%)
EHQLGLPLFK,,,,,,,,,,,,,,,,,,,,,,,,,,,,,,,,,,,,,,,
LLLNPDFLR,,,,,,,,,,,,,,,,,,,,,,,,,,,,,,,,,,,,,,,
LHMLHL,,,,,,,,,,,,,,,,,,,,,,,,,,,,,,,,,,,,,,,
QGLDPYVTK,,,,,,,,,,,,,,,,,,,,,,,,,,,,,,,,,,,,,,,
FQFASPGMK,,,,,,,,,,,,,,,,,,,,,,,,,,,,,,,,,,,,,,,
TQSMAFVK,,,,,,,,,,,,,,,,,,,,,,,,,,,,,,,,,,,,,,,
VGEQPSLDVAGNAV,,,,,,,,,,,,,,,,,,,,,,,,,,,,,,,,,,,,,,,
LSWLLDFQFK,,,,,,,,,,,,,,,,,,,,,,,,,,,,,,,,,,,,,,,
MHHNDR,root,,,,,,,,,,,,,,,,,,,,,,,,,,,,,,,GO:0016021 (78%);GO:0005739 (11%),integral component of membrane (78%);mitochondrion (11%),GO:0015293 (56%);GO:0015140 (11%);GO:0016787 (11%),symporter activity (56%);malate transmembrane transporter activity (11%);hydrolase activity (11%),,,IPR000175 (36%);IPR019658 (36%);IPR037272 (36%),Sodium:neurotransmitter symporter (36%);Protein of unknown function DUF2515 (36%);Sodium:neurotransmitter symporter superfamily (36%)
LHASR,root,,,,,,,,,,,,,,,,,,,,,,,,,,,,,3.6.4.12 (18%);2.7.13.3 (10%);3.5.4.32 (4%),DNA helicase (18%);Histidine kinase (10%);8-oxoguanine deaminase (4%),GO:0016021 (24%);GO:0005886 (5%);GO:0005634 (5%),integral component of membrane (24%);plasma membrane (5%);nucleus (5%),GO:0005524 (15%);GO:0003677 (12%);GO:0008270 (8%),ATP binding (15%);DNA binding (12%);zinc ion binding (8%),GO:0016114 (2%);GO:0006355 (2%);GO:0006310 (2%),terpenoid biosynthetic process (2%);regulation of transcription, DNA-templated (2%);DNA recombination (2%),IPR027417 (10%);IPR004332 (5%);IPR007527 (4%),P-loop containing nucleoside triphosphate hydrolase (10%);Transposase, MuDR, plant (5%);Zinc finger, SWIM-type (4%)
DGVMR,root,,,,,,,,,,,,,,,,,,,,,,,,,,,,,5.1.3.3 (16%);3.6.4.12 (11%);1.11.1.6 (8%),Aldose 1-epimerase (16%);DNA helicase (11%);Catalase (8%),GO:0016021 (20%);GO:0005886 (5%);GO:0005737 (5%),integral component of membrane (20%);plasma membrane (5%);cytoplasm (5%),GO:0005524 (12%);GO:0046872 (11%);GO:0016491 (11%),ATP binding (12%);metal ion binding (11%);oxidoreductase activity (11%),GO:0006281 (4%);GO:0019318 (4%);GO:0005975 (4%),DNA repair (4%);hexose metabolic process (4%);carbohydrate metabolic process (4%),IPR027417 (8%);IPR008274 (6%);IPR037165 (6%),P-loop containing nucleoside triphosphate hydrolase (8%);Aldehyde oxidase/xanthine dehydrogenase, molybdopterin binding (6%);Aldehyde oxidase/xanthine dehydrogenase, molybdopterin binding domain superfamily (6%)
ELAAALK,root,,,,,,,,,,,,,,,,,,,,,,,,,,,,,3.6.1.54 (42%);1.1.1.22 (7%);3.1.3.7 (7%),UDP-2,3-diacylglucosamine diphosphatase (42%);UDP-glucose 6-dehydrogenase (7%);3'(2'),5'-bisphosphate nucleotidase (7%),GO:0005737 (23%);GO:0019897 (17%);GO:0016021 (15%),cytoplasm (23%);extrinsic component of plasma membrane (17%);integral component of membrane (15%),GO:0030145 (18%);GO:0008758 (16%);GO:0003677 (8%),manganese ion binding (18%);UDP-2,3-diacylglucosamine hydrolase activity (16%);DNA binding (8%),GO:0009245 (17%);GO:0006412 (4%);GO:0006355 (4%),lipid A biosynthetic process (17%);translation (4%);regulation of transcription, DNA-templated (4%),IPR010138 (13%);IPR043461 (13%);IPR032675 (8%),UDP-2,3-diacylglucosamine hydrolase (13%);UDP-2,3-diacylglucosamine hydrolase LpxH-like (13%);Leucine-rich repeat domain superfamily (8%)
LLDLHGEEPFK,,,,,,,,,,,,,,,,,,,,,,,,,,,,,,,,,,,,,,,
LYSACK,root,,,,,,,,,,,,,,,,,,,,,,,,,,,,,2.5.1.- (71%);2.7.1.33 (14%);2.7.11.1 (14%),Transferring alkyl or aryl groups, other than methyl groups (71%);Pantothenate kinase (14%);Non-specific serine/threonine protein kinase (14%),GO:0016021 (21%);GO:0005737 (13%);GO:0005634 (11%),integral component of membrane (21%);cytoplasm (13%);nucleus (11%),GO:0016740 (21%);GO:0046872 (13%);GO:0004582 (11%),transferase activity (21%);metal ion binding (13%);dolichyl-phosphate beta-D-mannosyltransferase activity (11%),GO:0000455 (11%);GO:0015074 (6%);GO:0006542 (4%),enzyme-directed rRNA pseudouridine synthesis (11%);DNA integration (6%);glutamine biosynthetic process (4%),IPR001173 (15%);IPR029044 (15%);IPR007177 (11%),Glycosyltransferase 2-like (15%);Nucleotide-diphospho-sugar transferases (15%);16S/18S rRNA aminocarboxypropyltransferase Tsr3, C-terminal (11%)
AAFTLMNSQGESR,,,,,,,,,,,,,,,,,,,,,,,,,,,,,,,,,,,,,,,
MGMSSSR,root,,,,,,,,,,,,,,,,,,,,,,,,,,,,,,,GO:0016021 (100%);GO:0005886 (50%),integral component of membrane (100%);plasma membrane (50%),GO:0022857 (50%),transmembrane transporter activity (50%),GO:0015031 (50%),protein transport (50%),IPR032675 (50%);IPR003400 (25%);IPR014168 (25%),Leucine-rich repeat domain superfamily (50%);Biopolymer transport protein ExbD/TolR (25%);Tol-Pal system protein TolR (25%)
GALLADVTK,Deferribacteraceae,Bacteria,,,,Deferribacteres,,,Deferribacteres,,,Deferribacterales,,,,Deferribacteraceae,,,,,,,,,,,,,,3.4.21.108 (100%),HtrA2 peptidase (100%),,,GO:0004252 (100%),serine-type endopeptidase activity (100%),,,IPR001478 (100%);IPR001940 (100%);IPR009003 (100%),PDZ domain (100%);Peptidase S1C (100%);Peptidase S1, PA clan (100%)
EADPAVR,root,,,,,,,,,,,,,,,,,,,,,,,,,,,,,1.1.1.35 (40%);2.5.1.72 (20%);3.6.4.- (20%),3-hydroxyacyl-CoA dehydrogenase (40%);Quinolinate synthase (20%);Acting on ATP; involved in cellular and subcellular movement (20%),GO:0016021 (26%);GO:0005576 (15%);GO:0005737 (5%),integral component of membrane (26%);extracellular region (15%);cytoplasm (5%),GO:0003723 (15%);GO:0004521 (15%);GO:0003824 (10%),RNA binding (15%);endoribonuclease activity (15%);catalytic activity (10%),GO:0006635 (5%);GO:0000105 (3%);GO:0005975 (3%),fatty acid beta-oxidation (5%);histidine biosynthetic process (3%);carbohydrate metabolic process (3%),IPR018337 (31%);IPR001119 (30%);IPR027797 (15%),Cell wall/choline-binding repeat (31%);S-layer homology domain (30%);Pre-toxin TG domain (15%)
CALPLK,root,,,,,,,,,,,,,,,,,,,,,,,,,,,,,3.2.1.1 (67%);3.7.1.2 (33%),Alpha-amylase (67%);Fumarylacetoacetase (33%),GO:0016021 (42%);GO:0005886 (37%);GO:0005737 (3%),integral component of membrane (42%);plasma membrane (37%);cytoplasm (3%),GO:0008270 (5%);GO:0016491 (3%);GO:0046872 (3%),zinc ion binding (5%);oxidoreductase activity (3%);metal ion binding (3%),GO:0030255 (37%);GO:0015031 (34%);GO:0005975 (2%),protein secretion by the type IV secretion system (37%);protein transport (34%);carbohydrate metabolic process (2%),IPR007688 (31%);IPR026829 (30%);IPR032817 (30%),Plasmid  conjugal transfer TrbL/VirB6 (31%);Protein Mon2-like (30%);Mon2, C-terminal (30%)
NTGPLLK,root,,,,,,,,,,,,,,,,,,,,,,,,,,,,,3.4.11.18 (93%);2.2.1.1 (7%),Methionyl aminopeptidase (93%);Transketolase (7%),,,GO:0046872 (87%);GO:0070006 (87%);GO:0003824 (7%),metal ion binding (87%);metalloaminopeptidase activity (87%);catalytic activity (7%),GO:0070084 (80%),protein initiator methionine removal (80%),IPR000994 (81%);IPR001714 (81%);IPR002467 (81%),Peptidase M24 (81%);Peptidase M24, methionine aminopeptidase (81%);Peptidase M24A, methionine aminopeptidase, subfamily 1 (81%)
LNLLR,root,,,,,,,,,,,,,,,,,,,,,,,,,,,,,6.3.5.5 (10%);1.2.1.70 (8%);1.11.1.21 (7%),Carbamoyl-phosphate synthase (glutamine-hydrolyzing) (10%);Glutamyl-tRNA reductase (8%);Catalase peroxidase (7%),GO:0016021 (21%);GO:0005737 (9%);GO:0005886 (4%),integral component of membrane (21%);cytoplasm (9%);plasma membrane (4%),GO:0005524 (22%);GO:0046872 (9%);GO:0003677 (7%),ATP binding (22%);metal ion binding (9%);DNA binding (7%),GO:0006541 (5%);GO:0006207 (4%);GO:0006355 (4%),glutamine metabolic process (5%);'de novo' pyrimidine nucleobase biosynthetic process (4%);regulation of transcription, DNA-templated (4%),IPR027417 (12%);IPR003593 (5%);IPR029062 (4%),P-loop containing nucleoside triphosphate hydrolase (12%);AAA+ ATPase domain (5%);Class I glutamine amidotransferase-like (4%)
AAVTWAGTNHLR,,,,,,,,,,,,,,,,,,,,,,,,,,,,,,,,,,,,,,,