Peptide,Area Trocas7-302-Bay,Area Trocas7-306-Chav,Area Trocas7-310-SMCP,Area Trocas7-318-NMCP,Area Trocas7-402-Bay,Area Trocas7-406-Chav,Area Trocas7-410-SMCP,Area Trocas7-417-NMCP,Area Trocas7-410-SMCP-DUP,Area Trocas7-303-Bay,Area Trocas7-310-SMCP-DUP,Area Trocas7-302-Bay-DUP,Area Trocas7-306-Chav-DUP,Area Trocas7-503-Bay,Area Trocas7-519-NMCP,Area Trocas7-318-NMCP-DUP,Area Trocas7-402-Bay-DUP,Area Trocas7-406-Chav-DUP,Area Trocas7-417-NMCP-DUP,Area Trocas7-307-Chav,Area Trocas7-311-SMCP,Area Trocas7-319-NMCP,Area Trocas7-507-Chav,Area Trocas7-511-SMCP
LGEHNIDVLEGNEQFINAAK,4370000,5920000,247000,864000,858000,634000,334000,,25800,3330000,746000,3050000,131000,4780000,3650000,772000,,90200,,18200,2030000,155000,283000,1050000
SC(+57.02)AAAGTEC(+57.02)LISGWGNTK,3330000,3860000,1730000,7690000,749000,822000,921000,434000,1520000,5880000,3740000,2450000,1110000,1960000,703000,16100000,55800,1470000,570000,3370000,3140000,6150000,608000,534000
SSGSSYPSLLQC(+57.02)LK,371000,1150000,367000,1510000,159000,156000,186000,114000,340000,379000,767000,417000,294000,420000,182000,2930000,,208000,,253000,178000,570000,,135000
SGGGGGGGLGSGGSIR,,,,,,,,,,532000,,,,94300,21300,,,,,204000,114000,270000,,
RHPYFYAPELLFFAKR,,,,,,,,,,47900,,,,,,,,,,,,,4900,
LGEHNIDVLEGNEQFIN(+.98)AAK,,,,,,,,,,,,,,,,,,,,0,19000,7940,,
LGEHNIDVLEGNEQ(+.98)FINAAK,,,,,4010,,,,,,,7750,,,,,,4770,,5370,23800,36200,,
IITHPNFNGNTLDNDIMLIK,,,,,,,,,,,,,,,,,,,,,,,,
IITHPNFNGNTLDNDIM(+15.99)LIK,,,,,,,,,,,,,,,51000,,,,,,,8780,,
LGEHN(+.98)IDVLEGNEQFINAAK,,,,,,,,,,,,,,,,,,,,8700,,9110,,
LGEHNIDVLEGN(+.98)EQFINAAK,694,,,,4500,,,,,0,,150000,,3140,,,,,,,19000,18800,,
SGGGGGGGGC(+57.02)GGGGGVSSLR,,,,,,,,,,,,,,,,,,,,,,28800,,
FSSC(+57.02)GGGGGSFGAGGGFGSR,,53200,,,,,,,,115000,,,,,,,,,,63700,27400,72500,15300,
IDVLEGNEQFINAAK,,,,,,75500,364000,877000,1330000,,25800,,,,493000,47100,,,1100000,,,,7120,116000
VLEGNEQFINAAK,,,,,,,4530,1760000,1800000,,,,,,637000,,180000,71400,4060000,,,,,166000
TN(+.98)AEN(+.98)EFVTIKK,,175000,,,,31600,35900,,97200,,,,,22500,,,,69400,105000,,,,27100,
LGEHNIDVLEGNEQFIN,,141000,,,24100,44300,81600,,197000,0,156000,,,58100,198000,63900,,100000,,25500,,,,
GSGGGSSGGSIGGR,,23000,30100,16600,,,,,,,,,,,,59700,,,,30300,,90000,,
APVLSDSSC(+57.02)K,,140000,198000,151000,29300,89400,120000,131000,328000,78600,87300,20100,62700,58500,,8760,,155000,312000,,64800,51500,45900,
SRSGGGGGGGLGSGGSIRSSY,296000,137000,,,,,,,,134000,,222000,59300,,2610000,,,,,209000,54800,99200,2250000,
ALEESNYELEGK,,,,,,,,,,,,,213000,,,,,,271000,,,,,
SGYRSGGGFSSGSAGIINYQR,,,,,,,,,,58800,,,,,,,,,,,,,,
SGGGGGGGLGSGGSIRSS,,,,,,,,,,,,,,,,,,,,,,,88800,
NIDVLEGNEQFINAAK,,,,4700,10400,,31600,33200,65900,,,5710,,54100,53900,28400,,14900,4800,,,3360,,22300
IITHPNFNGNTLDND,55000,140000,84100,232000,358000,600000,2250000,5490000,4720000,169000,165000,,,1280000,2340000,,312000,408000,11300000,176000,219000,189000,725000,304000
AAFGGSGGRGSSSGGGYSSGSSSYGSGGR,,,,,,,,,,25200,,,,,,,,,,,,,,
SC(+57.02)AAAGTEC(+57.02)LISGWGN,,323000,237000,487000,,,,,123000,359000,523000,,98400,195000,114000,1150000,,,,,,243000,,
RHPYFYAPELLFFAK,,,,,,,,,,181000,,,,,,,103000,,,92500,83200,46800,111000,
VFDEFKPLVEEPQNLIK,,,,,,,,,,,,,,,,21000,,62800,13700,,11300,8450,,20700
LSSPATLN(+.98)SR,265000,468000,270000,470000,495000,624000,354000,,671000,,,,,368000,,,495000,812000,533000,,,578000,,
GGSGGSYGGGGSGGGYGGGSGSR,,82000,16000,70900,,,,,,174000,,,10600,,,36800,,,,149000,23400,233000,10400,
SGGGGGGGLGSGGSIRSSY,,,,,,,,,,,,,,,,,,,,,,,66300,
SLDLDSIIAEVK,,189000,,,,,,,,,,,19300,4550,,,,11300,,,,,,
ALEESN(+.98)YELEGK,,306000,,,,,111000,77700,202000,,,,,,,,,,173000,,,,,
SC(+57.02)AAAGTEC(+57.02)LISGWGN(+.98)TK,36800,,22500,248000,12700,,,,17100,49600,51800,28200,,17300,,549000,,3310,,,,143000,,
LGEHNIDVLEGNEQ,297000,393000,138000,448000,157000,306000,821000,1530000,1490000,600000,261000,256000,124000,546000,741000,115000,43100,545000,1530000,584000,440000,578000,515000,3590
SGGGFSSGSAGIINYQR,,,,,,,,,,68100,,,,,,,,,,12000,,21600,5960,
AVM(+15.99)DDFAAFVEK,,,,,,,,,,33100,,,,,,,,4070,142000,8460,6810,20500,8390,839
IVGGYTC(+57.02)AANSIPYQVSLNS,1510000,2790000,690000,1170000,332000,325000,,,,,2010000,1580000,748000,,,3490000,,239000,,,,174000,,
SRSGGGGGGGLGSGGSIR,,,,,,,,,,1120000,133000,,81600,,,,,,,789000,221000,962000,,
FNGNTLDNDIM(+15.99)LIK,,,,,,,,,,,,,,,110000,,,,,,,,,
AAGTEC(+57.02)LISGWGNTK,,,,,,,39700,47400,70600,,,,,,14500,,,,,,,,,
LGEHNIDVLEGNEQF,,56300,,,,35900,121000,178000,88400,,,59000,,,160000,117000,,,,,,,,
EGNEQFINAAK,,,,,,,,1210000,,,,,,,350000,,,,,,,,,
STSSFSC(+57.02)LSR,,1040000,,,,296000,474000,,794000,,,,252000,67000,,,,362000,558000,104000,,102000,,
QFSSSYLSR,,,,,,,,,,226000,,,,68300,,,,,,,51800,60100,,
GSGGGSSGGSIGGRGSSSGGVK,,31100,8310,47300,,,,,,80500,7520,,,,,,,,,62200,10500,90100,,
LGEHNIDVLEGN,,,,,89600,125000,343000,588000,648000,,,,,225000,297000,,,,669000,,,,162000,34100
TN(+.98)AEN(+.98)EFVTIK,,,,,,,30200,21500,56400,,,,,,,,,39900,49200,,,,,
DVLEGNEQFINAAK,,,,,,,27900,41300,58800,,,,,,27400,,,26800,,,,,,12700
LEGNEQFINAAK,,,,,,,,50500,,,,,,,,,,,116000,,,,,
IVGGYTC(+57.02)AANSIPYQVSLNSG,4510000,3840000,2970000,5590000,1480000,1580000,1170000,343000,2020000,1050000,6800000,5480000,2680000,2540000,,10900000,,,,,36500,1230,,
SGGGGGRFSSC(+57.02)G,,71600,,,,26500,,,,,,,5210,,,,,,,,,,,
YEELQ(+.98)ITAGR,,410000,,,,65900,90300,,,,,,134000,,,,,12200,,,,,,
GGSGGGGGGSSGGRGSGGGSSGGSIGGR,,16300,,,,,,,,,,,,,,,,,,19100,,39400,,
FSSSSGYGGGSSR,4590,70600,,,,,,,,49700,,,,,,,,,,35800,17800,63900,,
IITHPNFN(+.98)GNTLDND,,,,,,,171000,,311000,,,,,,,,,44100,247000,,,,,
LSSPATLNSR,43000000,70400000,35200000,79000000,25200000,35300000,58700000,43500000,103000000,62400000,47500000,17800000,17500000,74900000,17600000,8770000,15600000,44900000,96600000,57900000,43300000,64400000,41200000,20400000
IITHPNFNGNTLDN,,,,,69400,77000,204000,277000,385000,,,,,185000,162000,,,,573000,,,,88000,52700
SSSKGSLGGGFSSGGFSGGSFSR,,,,,,,,,,82800,,,,,,,,,,99600,30400,91700,,
SC(+57.02)AAAGTEC(+57.02)LIS,,,,,,,253000,243000,484000,,,,,35400,,,,,505000,,,,,
FLEQ(+.98)Q(+.98)NQ(+.98)VLQ(+.98)TK,,217000,,,,,30100,,64000,,,,,,,,,,,,,,,
VLASASTLEAEVR,,,,,,,,,,,,,,17600,,,,,,,,,,
STM(+15.99)Q(+.98)ELN(+.98)SR,,506000,,,,143000,,,128000,56200,,,73500,,,,,248000,110000,,,49400,,
IITHPNFNGN,,,,,,,,,,,,,,432000,285000,,,,,,,,,
SLVNLGGSK,122000,290000,134000,385000,33800,53300,119000,85200,217000,813000,183000,40300,63100,217000,50200,7180,33700,89200,177000,347000,145000,449000,198000,
AEAESLYQ(+.98)SK,,402000,,,,,,,,,,,,,,,,,,,,,,
GGGGGGGLGSGGSIR,,91400,23200,71400,,,,,,99800,17000,,15100,,11300,15700,,,,,,,124000,
Q(+.98)SVEADIN(+.98)GLRR,,,,,,,,,,,,,,13200,,,,,,,46800,80900,,
IITHPNFN,,,,,,,581000,912000,1020000,,,,,353000,289000,,20200,,1930000,,,,99000,143000
WVVSAAHC(+57.02)YK,,,,,,,,,,,,,,,,,,,,,,,,
IITHPNFNGN(+.98)TLDND,,,,,,,171000,370000,,,,,,,,,,,307000,,,,,
VC(+57.02)NYVNWIQQTIAAN,,,,,,,,,,,164000,,,,,,,,,,,,,
IITHPNFNGNTLD,,,,,172000,160000,464000,654000,847000,103000,,,,638000,418000,,144000,309000,1700000,,67900,,202000,
SRSGGGGGGGLGSGGSIRSS,,,,,,,,,,,,,,,92400,,,,,,,,573000,
GNEQFINAAK,,,,,,,416000,577000,738000,,,,,133000,107000,,39100,154000,1120000,,,,51900,67200
SC(+57.02)AAAGTEC(+57.02)L,,,,,,219000,694000,741000,1290000,,260000,,,41700,59000,,41800,218000,1570000,,,,,89800
LGEHNIDVLEGNE,,,,,63000,94200,335000,585000,610000,,,,,154000,255000,,,,840000,,,,66700,
FLEQ(+.98)Q(+.98)N(+.98)Q(+.98)VLQ(+.98)TK,,265000,,,,,57200,63400,,,,,,,,,,38500,,,,,,
PEIQ(+.98)N(+.98)VKAQ(+.98)ER,,,,,,,,,,,,,,,,,,20000,30300,,,,,
DAEAWFNEK,,950000,,,,,,,19900,,,,,,,,,37000,,,,,,
SLN(+.98)N(+.98)Q(+.98)FASFIDK,,88000,,,,,,,27100,,,,3290,,,32300,,12400,,,,,,
IVGGYTC(+57.02)AAN,,,,1930000,,,1170000,1110000,1930000,1090000,1350000,,348000,252000,,471000,,616000,2190000,628000,699000,1280000,472000,197000
SC(+57.02)AAAGTEC(+57.02)LISGW,,,,,,,,,65600,,,,,,,166000,,,20400,,,,,
YVNWIQQTIAAN,,,59200,,,,,,,,131000,,19100,,,247000,,,,,,,,
KPLPFLR,,,,,,,,,,48400,,,,119000,468000,487000,,,,36300,12100,122000,7110,
IVGGYTC(+57.02)AANSIPY,405000,620000,,629000,,203000,350000,251000,564000,,443000,321000,188000,,,,,20200,564000,,,,,
IITHPNFNGNTL,,,,,50200,92700,226000,388000,429000,,,,,209000,269000,,,,486000,29800,,,,
AQQTADEANER,,,,,10500,,,,,,,,,,,,28700,,,,,,,
VATVSLPR,79800000,145000000,77800000,246000000,45200000,64000000,109000000,85700000,205000000,123000000,109000000,38400000,41600000,126000000,41400000,22800000,20500000,87700000,184000000,102000000,88200000,132000000,80500000,35400000
GSLGGGFSSGGFSGGSFSR,,,,,,,,,17800,46000,,,,19400,,42800,,,,,,54000,,
SC(+57.02)ASAGTQ(+.98)C(+57.02)LISGWGNTK,,,,113000,,,,,,,19900,23400,19600,22400,,208000,,,,,,18800,,
FLEQ(+.98)QN(+.98)Q(+.98)VLQ(+.98)TK,,69300,,,,,,,17000,,,,18600,,,,,,,,,,,
RSGGGGGGGLGSGGSIRSSY,,,,,,,,,,,,,,,229000,,,,,,,,195000,
TLLEGEESR,,218000,,7020,,4140,119000,104000,215000,43600,,,63900,,,,,86900,,28000,,24300,,
GNTLDNDIM(+15.99)LIK,,,,,,,,,12600,,,,,20700,41900,,,,,,,,,14900
IVGGYTC(+57.02)GANTVPYQVSLNSG,2330000,5750000,2140000,3860000,549000,1010000,572000,206000,1420000,143000,2660000,3230000,1560000,1460000,,5280000,,,,29800,,1400000,,
LTATEDAAAR,,,,,,,,,,,,,,,,,52400,,,,,,,
NEQFINAAK,,,,,,,188000,243000,315000,,,,,,,,,,,23100,,,,51500
DAEAWFN(+.98)EK,,299000,,,,,41300,31500,75600,,,,108000,,,,,,,,,,,
SSSSGSVGESSSKGP,,,,,,,,,,10000,,,,,,,,,,94800,,,,
AQ(+.98)YEEIAQ(+.98)R,,117000,,,,,30900,18100,51700,29500,,,,12200,,,,2550,,,,,,
AEYEDLATR,,315000,,,,,103000,42400,188000,,,,98400,45600,,,,,116000,,,77400,,
AGFAGDDAPR,,,,,,,,,,,,,,,,,,,,,,,,
GGGGGGGLGSGGSIRSSY,,,,,,,,,,,,,,,232000,,,,,,,,,
GEN(+.98)ALKDAK,,,,25100,,,,,,,,,,,,,,,,,,,,
STM(+15.99)Q(+.98)ELNSR,,,,,,,,,18500,20500,,,24300,,,2810,,51100,50000,,,,,
LGEHNIDVLEGN(+.98)EQ,,,,,12400,25400,32800,,71500,,,,,,,,,60900,,,,,,
Q(+.98)ISN(+.98)LQ(+.98)Q(+.98)SISDAEQ(+.98)R,,14400,,,,,,,,,32400,,,,,44600,,,,,,34500,,
FLEQ(+.98)Q(+.98)NQVLQ(+.98)TK,,71500,,,,,,,,,,,,,,,,,,,,,,
SILVLPGK,,,,189000,,,,,,,,,,185000,222000,867000,,,,6280,45200,314000,9620,
VTM(+15.99)Q(+.98)NLNDR,,80400,,,,,18500,,,,,,9920,,,,,,,,,,,
RHPDYSVVLLLR,,,,,,,,,,,,,,,,,63600,,,,,,,
VVTVVDPR,,,,,,,,,,,,,,,,284000,0,127000,,,,,,
SQYEQLAEQNRK,,,,,,,,,,,,,,,,,,,,,,,,
IITHPN(+.98)FNGNTLDND,,,,,,,,370000,311000,,,,,,45900,,,,,,,,,
VTM(+15.99)Q(+.98)N(+.98)LN(+.98)DR,,184000,,,,,62000,45800,107000,,,,,,,,,114000,111000,,,,,
ALEEANADLEVK,,41000,,,,,,,19900,,,,8890,,,,,,11900,,,,,
GTEC(+57.02)LISGWGNTK,,,,,,,38400,,74100,,,,,14700,12300,,,31700,72300,,,,,
C(+57.02)LISGWGNTK,,,,,,,,221000,238000,,,,,41100,73000,,,,263000,,,,28500,
VQ(+.98)ALEEAN(+.98)N(+.98)DLEN(+.98)K,,,,,,,,,,,,,12200,,,,,,,,,,,
VEIEVVGTR,,,,,,,,,,,,,,49300,,,,,,,,,,
LIKLSSPATLNSR,,,,,,,,,,,,,,,,,,,,,,,,
VVSLSELR,,,,,,,,,,,,,,,,24100,112000,92200,,,,,,
LASYLDK,,,,,,,,,564000,,,,116000,,,,,218000,269000,,,,,
SHFC(+57.02)GGSLINSQ,,59200,,,,,232000,327000,439000,,50600,,,149000,,,,90000,636000,,55500,63800,85000,
LGHHTAPR,,,,,,,,,,,,,,,,,9920,1780,,,,,,
SSGSSYPSLLQ(+.98)C(+57.02)LK,,,,,,,,,,,,,,,,37700,,12000,,,,,,
EGTDLFLK,,,,,,,,,,,,,,23800,,,,,,,,,,
SSPATLNSR,,,129000,,76400,90900,188000,232000,301000,107000,,,,,,160000,187000,159000,559000,93000,97800,160000,72500,
IPLLSTTK,665000,198000,210000,589000,109000,5220,113000,133000,168000,517000,309000,356000,77500,,,1930000,,2740,275000,272000,70700,158000,,299000
LSRSGGGGGGGLGSGGSIRSSY,,,,,,,,,,,,,,,,,,,,,,,119000,
LGEHNIDVLEGNEQFINAA,,,,,,,,,,,,,,,,,,,,,,,,
GFSSGGFSGGSFSR,,,,,,,,,,,,,,,,,,19900,,,,,,
VAQ(+.98)VALLR,58200000,66400000,,1510000,,,44200000,53700000,91500000,,,32900000,11800000,96800000,,54.7,18400000,145000,122000000,,,,57400000,104000
LAADDFR,,301000,,,,,,122000,281000,,,,,,,,14100,74800,246000,,,217000,54200,15000
AQYEEIAQR,,17100,,,,,,,,,,,,,,,,,,,,,,
SLVN(+.98)LGGSK,,91200,,11500,,21300,39800,29100,72100,50900,,,17000,15900,,,,24000,59000,13600,18100,21200,13700,
GFAGDDAPR,,,,,,,,,,,,,,,,,,,,,,,,
IVGGYTC(+57.02)GANTVPYQVSLNS,25200,1290000,,999000,,,,,270000,,863000,,,,,1870000,,,,,,,58000,
FSSGSAVVSGGSR,,8250,,,,,,,,,,,,,,,,,,,,,,
SSGQ(+.98)EVQ(+.98)SSAK,,15600,,,,,,,,,,,,,,,,,,,,,,
YENEVALR,,,,,,,,,,,,,,,,,,,,,,,,
LGEHNIDVLEGNEQFIN(+.98),,,,,,,,,,0,,,,,,,,,,,,,,
SC(+57.02)Q(+.98)ISC(+57.02)K,,242000,,24800,,61200,115000,73800,,,,,,,,,,,,,,,,
TC(+57.02)VADESAENC(+57.02)DK,,,,,,,,,,,,,,,,,,,,5330,,,,
EESNYELEGKIK,,,,,,,,,,,,,,,,,,,,,,,,
LLSGNEK,,38400,,,,,,,,,,,,,,,,6440,,,,,,
SISISVAR,,,,,,,,,219000,847000,156000,,,210000,55000,,17800,59900,,261000,154000,447000,,
NSIPYQVSLNSG,,,,,25900,,136000,168000,295000,,,,,,,,,,438000,,,,,
NFLLPRSK,97700,,,,,,,,,,40900,80200,,90400,,,,,48600,13800,,12900,0,22400
NPLIIKYLK,,,,,,,2720,,,,,,6570,,,799000,,,3870,,,,,
VATDLALR,,,,,,,,,184000,,,,,129000,,,,,289000,,,,,
VATDLAIR,,,,,,,,,184000,,,,,129000,,,,,289000,,,,,
Q(+.98)GVDADIN(+.98)GLR,,,,,,,,,49700,,,,,,,,,,,,,,,
GGGFSSGGFSGGSFSR,,27800,,,,,,,,,,,,,,,,,,50200,11500,38300,,
EQFINAAK,,,,,,98000,362000,,611000,,21600,,,93400,82100,,,136000,1090000,17400,,,,
EQFLNAAK,,,,,,98000,362000,,611000,,21600,,,93400,82100,,,136000,1090000,17400,,,,
FQNALLVR,,,,,,,,,,76500,,,,,,,,,,,,,,
FQNALIVR,,,,,,,,,,76500,,,,,,,,,,,,,,
VAEVSLPR,282000,,124000,709000,,,,340000,,647000,169000,,,,,24800,,,380000,245000,588000,1420000,593000,103000
IVGGYTC(+57.02)AA,,,,,,65600,207000,294000,449000,,,,,,,,,64400,,,,,,
YENEVALRQ,,,,,,,,,,,,,,,,,,,,,,,,
STM(+15.99)QELN(+.98)SR,,16500,,,,,,,,,,,,,,,,,,,,,,
VPIVAFTA,,,,,,,,,,,,,,,32900,,,,,,,,,
ALEEAN(+.98)ADLEVK,,,,,,,,,,,,,,,,,,,15300,,,,,
QAIEEIAK,,,,,,,,,,,,,,32700,,,,,,,,,,
QAIEELAK,,,,,,,,,,,,,,32700,,,,,,,,,,
QALEEIAK,,,,,,,,,,,,,,32700,,,,,,,,,,
SSGSSYPSLLQC(+57.02),,,,,,,,,,,,,,,,,,,6360,,,,,
LATVSLPR,22600000,31800000,14900000,50600000,10000000,13400000,23700000,20800000,46900000,36400000,22000000,11700000,7820000,36500000,21300000,10400000,10600000,20700000,49000000,33600000,24800000,38900000,22100000,17100000
YLYEIAR,,,,,,,,,,290000,,,,,,,,,,,24400,,,
SPATLNSR,20800,40200,,,125000,160000,446000,724000,786000,,,,,,,44900,,,,,,,,
LGEHNIDVLEGN(+.98)EQF,0,,,,,,,,,,,,,,,,,,,,,,,
LSGWGKDK,,263000,277000,622000,,479000,1220000,2110000,1870000,,,,,443000,445000,,,605000,3870000,243000,287000,519000,299000,318000
PEIQ(+.98)N(+.98)VK,,,,,,,78300,,,,,,,,,,,69500,,,,,,
LGEHNID,,596000,551000,1070000,182000,439000,1030000,1270000,1780000,370000,95100,29800,,167000,111000,306000,116000,652000,3640000,365000,469000,807000,163000,275000
IVGGYTC(+57.02)AANSIPYQ(+.98)VSLNSG,,,,,48400,,,,,,152000,46600,,,,137000,,18400,,,,,,
LISGWGNTK,,,,,,,,330000,308000,,,,,,,,,,621000,,,,,
KGPAAIQ(+.98)K,,14200,,,,,,,,,,,,,,,,,,,,,,
HGLAAGFAR,,,,,,,,,,,,,,,,,,,,,,,0,
NDIMLIK,,,,,,,,23100,,,,,,25600,,,,,42400,,,,,
YTAPVIALSK,98200,,34900,,,,,48800,,269000,162000,74000,,57500,20900,130000,,,28100,23400,,,0,10400
QFINAAK,,,,,,26700,147000,211000,218000,,,,,30400,19400,,,,344000,,,,,
QFLNAAK,,,,,,26700,147000,211000,218000,,,,,30400,19400,,,,344000,,,,,
NDDLMLLK,,,,,,,19500,,32800,,,,,,,,,,41800,,,,,
VNWIQQTIAAN,,,,,,,,,49000,,42200,,,47400,,,,,,,,,,
LGEHN(+.98)IDVLEGNEQ,,,,,,,,,,,,,,,,,,,,,,,,
VSSC(+57.02)YLALANTDLK,199000,463000,,664000,,,,,,97100,,165000,,190000,,1160000,,,,,,,,
SGGGGGRFSSC(+57.02)GG,,,,,,,15600,,25100,14000,,,7440,,,,,,,4490,,,,
TNAENEFVTIK,,,,,,,,,18600,,,,,,,,,,,,,,,
KVPQVSTPTLVEVSR,,,,,,,,,,55000,,,,,,,,,,,,,,
WIQQTIAAN,,,,,,,,,,,,,,,,,,,,,,,,15900
LGEHNIDVL,,,611000,1560000,242000,478000,1100000,1560000,2160000,922000,1080000,,278000,914000,1380000,,,1100000,748000,,1340000,352000,,2680
WGDDSQEILNSK,,,,,,,,,,,,,,24400,,,,,,,,,,
KRHLLFKK,1020000,,,,168000,147000,,,,,,,,,89400,,,24700,,,49700,104000,,3050
ILQRLLLLLKVLQH,,,,,,,,,,,,,,,,,,,,,,0,,
RHGDSTGPLK,,,86200,,,,,,,182000,,,,,,,,,,,83000,,,
SGGGGGRFSSC(+57.02),,13300,,,,,,,,,,,,,,,,,,,,,,
SLN(+.98)N(+.98)QFASFIDK,,10200,,,,,,,,,,,,,,,,,,,,,,
AVSADEAAK,,,,,,,,,,,,,,,,,71900,,,,,,,
NPQAVHR,,,,,,,,,,,,,,,,,,,0,,,,,
IATVDVPR,,,,,,,,,,,,,,,,31300,150000,541000,,,,,,
IEISELN(+.98)R,,109000,69700,147000,,,31800,,59600,,,25300,29800,28000,,,,,,,,,,
AIPVLKAFK,,,,,,,,,,,,,20500,,137000,,,,,,,,,
ANSIPYQVSLNSG,,,,,,102000,,283000,508000,,,,,,,,,,543000,,,,,
LGEHN(+.98)IDVLEGN(+.98)EQFINAAK,,,,,,,,,,,,,,,,,,,,,,,,
APDGYNLEK,,,,,,,,,,,17300,,,,,,,,,,,,,
APALIISK,19600,,,166000,,,,,,39700,,16400,,257000,28700,761000,,,,43500,60800,285000,,
APAILISK,19600,,,166000,,,,,,39700,,16400,,257000,28700,761000,,,,43500,60800,285000,,
VEVEVVSVQ,,,,,45100,,,,,,,,,22500,,,34000,,,,,,,
FTPTSLVM(+15.99)R,,,,,48000,,,,,,,,,,,,,2310,,,,,,
LSDDATIK,,,,,,,269000,,,,,,,,,,,126000,730000,,,,,
NDDLM(+15.99)LLK,,,,,,,46900,64100,82500,,,,,21700,,,,,141000,,,,,
DVFLGM(+15.99)FLYEYAR,6280,,,,,,,,,,,,,,,,,,,,,,,
GGGGGGLGSGGSIRSS,,,,,,,,,,,,,,,,,,,,,,,73700,
VVEASLPR,,550000,,,,,,,,,,,,,,,,,,,,2160000,,
SGGGGGRFSSC(+57.02)GGGGG,,,,,,,,,,,,,,,,,,26100,,,,,,
NTFGGISVQNK,,396000,235000,330000,86500,156000,,524000,,,382000,,111000,211000,,90600,85000,434000,296000,,,229000,,
HLGLTPPIL,,140000,,,,,,,,,,,,,,,,,,,99800,,,
GGGGGSFGAGGGFGSR,,,,,,,,,,,,,,,,,,,,,,,12100,
EFHPGAIR,,46700,475000,,131000,,,,5170,1650000,7000000,1650000,,,2940000,,,116000,,948000,923000,51300,,547000
LVAASQAALGL,,,,,,,,,,42500,,,,,,,,,,,,,,13800
IDVLEGNEQFIN,,,,,,,,,,,,,,,,,,,80400,,,,,
VKPDLPR,3370000,5970000,,10400000,1840000,2690000,4500000,3430000,8230000,4760000,4590000,,1850000,5140000,1560000,152000,386000,3180000,7090000,4050000,3460000,4980000,3070000,1270000
KLAISSTK,,,,,,,,,,,,51900,,,,,,,,,,,,
GGGGGLGSGGSIR,,32100,,,,,,,,,,,,,,,,,,,,,57500,
VTM(+15.99)Q(+.98)NLN(+.98)DR,,,,,,,,,,,,,,,,,,,67900,,,,,
DVDGAYM(+15.99)TK,,,,,,,22100,,34000,,,,,,,,,22500,,,,,,
APHEMTLK,,,,,,,58600,,,6990,,,,,,,,,,9510,,,,
TALKIATQ(+.98)SK,,,,,,,,,,,,,,,,,,,,,,0,,
NPAILVFR,,,154000,,,,,,,51600,68300,,,,,,,,,,,,,
VVEVLSPR,,,,,,,,,,,,,,,,,,,,,384000,2060000,429000,121000
VPRSLPR,,,,10600000,1840000,2690000,4500000,3430000,,4760000,4450000,1430000,,5140000,1560000,346000,147000,,7090000,4170000,3520000,125000,,1270000
VC(+57.02)NYVNWIQ(+.98)QTIAAN,,,126,,,,,,,,,,,,,,,,,,,,,
VATVDIPR,,,,,,,,,,,,,,,,,,,,,,,,
KKN(+.98)GVIYAK,,,,,,,,,,,,,,57500,,,,,,,,,,
GLGVAEPR,,,,,,,,,,,,,,,,,,183000,,,,,,
FLEQ(+.98)Q(+.98)N(+.98)QVLQ(+.98)TK,,50000,,,,,,,,,,,73100,,,,,,,,,,,
IATVIPSR,,,,,,13400000,23700000,,,,,,,,21300000,,,,,,,,,
ILLPSTTK,,,,,,,,,,,,,,,,,,,,,,,109000,
SRIQVR,,57800,33600,168000,,,,,,81900,,,,,,129000,12600,,81800,103000,43500,102000,,
SSGSAVVSGGSRR,,19200,,8840,,,,,,,,,,,,,,,,,,,,
IDVLEGN(+.98)EQFINAAK,,,,,,,,,,,,,,,,,,,,,,,,
VSLVSLPR,58200000,66400000,,135000000,18800000,27500000,,53700000,91500000,96100000,48800000,32900000,11800000,96800000,49600000,6560000,18400000,46400000,121000000,92700000,64800000,105000000,57400000,31900000
TAEQ(+.98)MGSKDLALR,,,,,,,,,,,,,,,,,,,,,0,,,
VSSIFIVLFKPLK,,,,,,,,,,,,,,,,,,,,14400,,,,
TTLVLGPK,,207000,,279000,106000,,,126000,,382000,316000,,92400,435000,349000,,22500,,,,,,78400,17600
LSSPATLNSRVATVSLPR,,,,,,,,,,,,,,14500,,,,,,,,,,
LGEHNIDVLEG,,,,,,,,,299000,,,,,81300,,,,,,55100,,,,
KVSKAIIK,47400,,,,,,,,,,,,,,,,,,,,,,,
LLSGN(+.98)EK,,39700,,,,27300,12600,,36000,,,,,,,,,,,,,,,
FEVMTAN(+.98)IPYTMNVVLEK,,,,,,,,,,,516000,,,267000,112000,,,3000,,,,47900,,
TGLDIDNLLQK,,,,,,,,,,,,,,,,,,,,,,,0,
NHVM(+15.99)ILIFVKVLSFSFSIR,,,,,,,,,,,,,,,,,,,,,,,,
NLRGAPGR,,,,,,,,,,,,,,,,,,,,,,,11800,
EFSVNTIRFIDDTFTINR,266000,,,260000,,,,,,10300,258000,,,,,,,67700,,,,,,
RLVGGMTLPR,,,,,,,,,,,,,,,40400,,,,,,,,,
RSKGAAPRR,,,,112000,,,,,,,,,,,,,,,,,,,,
LISGENK,,,,,,10700,,,,,,,4610,,,,,,,,,,,
AANSIPYQVSLNSG,,,,,,100000,253000,253000,528000,,,,,,,,,281000,641000,,,,,
SHFC(+57.02)GGSLINS,,,,,,,21600,,,,,,,,,,,,,,,,,
HNSLSDVALLEHAVR,,,,,,,,,,,,,,,,,,,0,,,,,
DGGLLSGN(+.98)EK,,56400,,,,,,,14300,,,,,,,,,,,,,,,
ISGWGNTK,,,,,,,269000,339000,447000,,,,,,,,,,730000,,,,,
NILTADEK,,,,,,5640,,,,,,,,,,,,,,,,,,
ILTADEK,,101000,,34800,,42300,31400,,56500,,,,,,,,,74800,,,,,,
VLLMILLEQ(+.98)TVLVPR,,,,,,,,,,,,,,,,,,,,,,,,
LEN(+.98)LIR,,,,,,,,,,,,,,,,,,7280,,,,,,
IEN(+.98)ILR,,,,,,,,,,,,,,,,,,7280,,,,,,
LPGN(+.98)GFFK,26800,34500,,56800,,,,,48900,14600,20300,,,23200,,,6840,1410,,,,6550,,
C(+57.02)ILLKLLK,,,,,,,,0,,,,,,178000,,,,1210,395000,8650,,1070,,
PEIQ(+.98)NVK,,,,,,,,,,,,,,,,,,38900,42200,,,,,
LFTAVGAPFVR,386000,182000,314000,356000,13500,,,,,259000,502000,1110000,,,15900,951000,,,88200,722000,,70200,,85800
ILTANEK,,40500,,,,12600,,,,,,,,,,,,,,,,,,
TAFVTLQDSDELM(+15.99)SIDLEK,,,,,,,,,,,,,,,,,67900,1640000,,,467000,,,
QM(+15.99)LVNSGN(+.98)TLQDMLNVLEENRNR,,,,,,,,,,,,,,,,,558,,,,,,,
VIVLDVGQ(+.98)GDAILVEGGR,,,,,,,,,,,,,,,,,,,,,,,,
LGEHNIDVLE,,,,,,,370000,582000,697000,,,,,211000,269000,,,250000,,,,,,
VLDELAEIK,,,,,,,,,,,,,,22800,,,,,,,,,,
RPLVSLFV,,,,,,,,,,,,,,46300,,,,,,,,15200,,
ELQELK,,16800,,,,,,,,,,,,,,34900,,,,,,,,
EIQELK,,16800,,,,,,,,,,,,,,34900,,,,,,,,
SHFC(+57.02)GGSLINSQ(+.98),,,,,,,,,,,,,,,,,,,,,,,,
TVTLPQLR,,,,,,,,,,,,,,,451000,,,,,,,,,
VVSLISPR,58200000,66400000,33300000,135000000,19100000,27500000,44200000,53700000,91500000,95700000,48800000,32900000,11800000,96800000,49600000,,4440000,,121000000,92700000,64800000,105000000,57400000,31900000
LTVPKSGVTTVGIQGNDGFR,,,,,,,,,,,,,,,,,,,,,,1510,,
YTM(+15.99)IINELASGDL,,,,,,,,,,,,,,,418000,,,,,,,,,
RLYSLGR,,,,,,,,,,,,,,,,,56100,,,,,,,
LMEILNLK,,,,,,,9040,50100,300000,,,250000,,61400,,,,,176000,,,63700,0,52000
ATRTVIEAAQDK,,,,,,,,,,,,,,,,14400,,,,,,,,
ENGFVWNAR,,,,,,,,,,,,,,,,,,,,,,,,
GELSLETFSLRC(+57.02)GSN(+.98)FEIK,,,,,108000,,,,,,,,,,,,,,,,,,,
LGEHNIDVLEGNEQ(+.98)FIN,,,,,,,,,,,,,,,,,,,,,,,,
IDAFSDAR,,,,,90000,50800,,,270000,,,,,271000,101000,,,,305000,,,,,
LVM(+15.99)VALVR,,,,,,,99200,,,25100,,,,,,,,,,,,,,269000
Q(+.98)MEELLSDVTEVK,,,,,,,,,,,,,,,25600,,,,,,20000,,,
EHNIDVLEGNEQFINAAK,,,,,,,,,,,,,,,,,,,,,,,,
AVLTADEK,,,,,,,,,83600,,,,,,,,,61700,79000,,,,,
RGVEAHIEDDR,192000,,690000,,145000,63800,189000,12200,,,,,1050000,,,,,,,57700,759000,,1100000,
IDVLEGNEQFIN(+.98)AAK,,,,,,,,,,,,,,,,,,,,,,,,
FQEGDLTEAQAM(+15.99)LEKALGM(+15.99)YAAK,,,,,,,,,,,,,,,,,,,,,,,,
FEKLLKSRLK,,,,,,,,,,,,,,,,,,,,47400,,,,
TSNSSEIIFTPDPEK,,,,,,,,,,,,,,,,,0,3020,,,,,,
YGGTGKN(+.98)YHIEDSVLLGNGYKPIK,,,,,,,,,,,,,,,,0,,,,,,,,
SNIVSSTPFFSASC(+57.02)PSVEIK,,,,,238000,,,,,,1930000,,,,,,,,,,,,,
GSSSGGGYSSGSSSYGSGGR,,6350,,,,,,,,,,,,,,,,,,,,,,
DRSLVQR,,,,,,,,,,,,,,,,,,883000,,,,,,110000
IITHPNFNGN(+.98)TLDNDIM(+15.99)LIK,,,,,,,,,,0,,,,,,,,,,,,,,
SSGSSYPSLLQC(+57.02)L,,96100,,,,,,,,,138000,,,,,300000,,,,,,,,
IVGGYTC(+57.02)AAN(+.98)SIPYQVSLNSG,,90300,,,,,,,,,152000,,,,,213000,,132000,,,,,,
IQLSN(+.98)LYNDFRVWASEN(+.98)VPKT,,,,,,,,,,,,,,,,,,,,,,,,
TC(+57.02)AANSIPYQVSLNSG,,,,,,,,,177000,,,,,,,,,,179000,,,,,
SFSRASSSK,,,,,,,,,,,,,,,,,,,,,,,45900,
WQVKLPAIK,,,,,,,,,,,,,,,,27200,,,,,,,,
NVEIDPEIQ(+.98)K,,,,,,,,,49900,,,,,,,,,,66400,,,,,
C(+57.02)N(+.98)TYQ(+.98)LNLSSTSHC(+57.02)LK,,,,,,,,,,,,,,,,,,,0,,,,,
VC(+57.02)NYVNWIQQ,,,,,,,,,,,,,,,,,,,26000,,,,,
EQ(+.98)LALVNLLIAK,,,,,,,,,,42600,,,,,,,,,,,,,,
SSGGFSGGSFSR,,,,,,,11700,,,,,,,,,,,,,,,,,
EREQ(+.98)IK,,,,,,,,,,,,,5100,,,,,,,,,,,
EREQ(+.98)LK,,,,,,,,,,,,,5100,,,,,,,,,,,
LPDADLKSYSLSAKDWAVIK,,,,0,,,,,,,,,,,,,,,,,,,,
IIQFLAVAK,,,,38200,,,,,,71700,,6840,,378000,26500,,,,1370,4750,65400,192000,0,
VATVSLPRSC(+57.02),,,,,,,17800,,,,,,,,,,,,31300,,,,,
LADKLYR,,,,,,,,,,,,,,,,,,,,,,,,
AVEPPVPR,,,168000,492000,,,,,,,,,,,118000,,,,,,,,,
LGEHNIDVLEGNEQFINA,,,,,,,,,,,,,,,,,,,,,,,,
LDRFLALSK,,,,,,,,,,,613,,,,,,,,,,,,,
EPDGLAR,,,,,,,,,,9290,,,,,,,,,,,,,,
GAAQAQPR,,,,,,,,,,,94000,246000,192000,246000,187000,,,,,,,,,
GVGASAISSLPR,185000,,,,,,,,,,,,,,,,,,,,,,,
GFRLTLIK,,,,,,,,,,,,,,3100,,,,,,,,,,
SSGSSYPSLL,,,,,,,,,,,,,,,,,,137000,497000,,,,,
GTALDPSR,,,,,,,,,,,,,,,,,,,,,,,8830,
APVTAATFGDG,,,,,,,,,,,,,,,,,,,,,,,,
VHVVELFVVGKQ,,,,,,,,,,,,,,,,,,,,,,,,
AAERTGLR,,,,,,,,,,,,,,,,,,883000,,,,,,
SFSC(+57.02)LSR,,,,,,,,,84700,,,,,,,,,,54900,,,,,
RGRPQLHGHALR,,,,,,,,,,,,470000,,,,,,,,,4580,,,
ELGDEIKKR,,,,,,,,,,,,,,,,,,,,,,,52200,
SEIDN(+.98)VKK,,,,15200,,,,,,,,,,,,,,,,,,,,
VVVLFPLLSK,,,,22800,,,,,,,,,,231000,,,,,,,,61200,,
FEVMTAN(+.98)IPYTM(+15.99)N(+.98)VVLEK,,,,,,,,,,,,,,,,,,,,,,,,
IKFGTLNGVGR,,,,,,,,,,,,,,,,,,,,0,,,,
IVMN(+.98)SMSGGTIEEQQDNIDK,,3770,,,,,,,,,,,,,,,,,,,,,,
TLN(+.98)DM(+15.99)R,,24800,,,,,,,,,,,,,,,,,,,,,,
EYNMKK,668000,,,,,,,,,136000,77200,,306000,108000,58000,71600,691000,89900,143000,168000,1030000,152000,1510000,112000
SIIAEVK,,,,48200,,,,,77100,,15600,,,,,,,,,,,,,
SLLAEVK,,,,48200,,,,,77100,,15600,,,,,,,,,,,,,
APTIILKAK,,,,644000,,,,,,6320,,,,,,,,,,,,,3330,
TANSKLSK,,,,,,,,,,,,,,,,,,,,,,,,
HLFPGFN(+.98)R,,,,,,,,,,,,,,,20100,,,,,,,,,
GFSGGSFSR,,,,,,,,23000,,,,,,,,,,29400,190000,,,,,
AFSNSLNNLK,,,,,,,,,,,,,,,,,,99300,,,,,,
NGVKVPGK,,,,,,,,,,,,,,68000,,,,,,,,,,
LSVNEQ(+.98)KSR,,,,,,,80900,,151000,,,,,63300,,,,,,,,,,
PLTHSSKK,,,,,11800,,,,,,,,,,,,,,,,,,,
YKLPKDIK,331000,,113000,,,,46900,,,,,,,,,,,3900,,,,,,
AIIVFILVAK,,422000,187000,,,,72700,,,,,,,,6790,,,,,,,,,
IIRLVSAAAMTPSR,,,,,,,,,,0,,,,,,,,,,,,,,
SPSGLTADVTYN(+.98)LPTSQGGAGQ,,,,,,,,,,,,,,,,,,,,,,,,11100
GLLPKYAKK,,,,,,10200,,,,,,,,,,,,,,,,,,
VATLDPVR,,,,,,,,,,,,,,,,,,,,,,,,
M(+15.99)LLKPLGSK,,,,,,,,,,,,,,,,,,,,,,,,
QNEKLK,,16800,9640,,,,,,,,,,,,,34900,,,,18500,,,,
ILEPLFTTK,,,,,,,,,,,,,,,,,,,,,,6400,,
LSRSDER,,,,,,,,,,,,,,,,,30300,,,,,,,
GVPQPFLAK,,,,,,,,,,,,18400,,,,,,,,,,,,
DVGVVFAAVFQIPR,,0,,,,,,,,,,,,,,,,,,,,,,
ILWFVGFK,,,,,,,,,,,,,,,,,,,,,0,,,
HPIDLM(+15.99)GK,99800,,,,4350,1880,,,,,,,,,,,,,,1710,122000,14100,,
SHFQ(+.98)PIGSK,,,,,,,,,,,,,,,,,,,450,,,,,
LMSYSLPEPK,,,,,,,,,,,,,,,,,,,,,,,,
YIVTLFRRL,,,,,,,,,,,,,,,,,,,,,,,,
TITVFKSAKK,104000,,,,,,,,,,,,,,,,,,,,,32100,,
IVKPVELRHLK,0,,,,,,,,,,,,,,,,,,,,,,,
Q(+.98)FVLKFIPIK,,,,583000,,,,,,,,,,409000,,1360000,,,,,,,,
HGLLEHTLR,,,,,,,,,,,,224000,,,,,,,,,,,,
IIEEPVR,,,,,,,,,54700,,,,,,,,,,,,,,,
LATVTIPR,,,,,,,,,,,,,,,,1770000,,,,,,,,
LATVTLPR,,,,,,,,,,,,,,,,1770000,,,,,,,,
NPVVTLDFNNN,,,,,,,,,,,,,,,,,,,,,,,,
RTTGELIN(+.98)IIK,,,,,,,,,,,97700,,0,,,,,,,,,,,
TLRKLLVR,716000,,,281000,274000,259000,226000,,,,,,,,,,,,,,,,,
LITEIVVK,,,,292000,,,,,,,,,,,,407000,,,,,,,,
GHNTSALAR,,,,,,,,,,997,,,,,,,,3540,,,,,,25900
LGEHNIDVLEGN(+.98)EQFIN,,,,,,,,,,,,,,,,,,,,,,,,
ISLIPAIK,,,,28400,,,,,,,,,,52800,,,,,,,19600,39600,,
LSLLPALK,,,,28400,,,,,,,,,,52800,,,,,,,19600,39600,,
LSLIPAIK,,,,28400,,,,,,,,,,52800,,,,,,,19600,39600,,
LSLLPAIK,,,,28400,,,,,,,,,,52800,,,,,,,19600,39600,,
SALKIKPLR,,,,,,,,,,,,,,,,,,,,,,,,
C(+57.02)HAIAQSKIPAFL,,,,,,,,,,,,,,,,,,7130,,,,,,
M(+15.99)TLDDFR,,,,,,,,,,,,,,,,,,,44400,,,,,
LASFSDSK,,,,,,,67300,,115000,,,,,,,,,4380,56800,,,,,
EATVLIAR,,,,,,,,,290000,,,,,,,,,,34600,,,,,
AAAKKPKSK,,,,,,,,,,,,,,,213000,,,,,,,,,
VHGLSAYLK,,,,,,,,,,,,,,,,,,,,,,,6280,
VLDELTLTK,,,,,,,6450,,,,,,,,,,,,,,,,,
TPSAPMM(+15.99)R,44300,,,,10700,,,,,,,,,,,,,43200,,,,,,
TLDNDIM(+15.99)LIK,,,,,,13500,39900,,,,,,,,,,,,,,,,,
APALIISKS,,,,,,,,,,,,,,,,,,,,,,46700,,
KIILISYGKK,,,,,,,,,,,,10500,,,126000,,,,,,,76500,,
LIPGHGTVIK,,,,58000,,,,,,50100,,,,,,,,,,,,,,
NYLN(+.98)IRPLGLNSQEIKLLK,,,,,,,,,,,,,,,,33800,,,,,,,,
KAVAVSDK,,,,,,,,,,,,,,,62800,,,,,,,,,
NLYQTQASFN(+.98)QTQENK,,8320000,,1050000,,,,,,1790000,,,,,,,,,,,,,,
VVLDATPR,,,,,,,,,,,,,,,,,,,,,,,,
LIRPVISY,,,,,,8550,,,,,,,,,,,,,,,,,,8030
LLAN(+.98)DTKPC(+57.02)PK,,,,,,9060,,,,,,,,,,,,5070,,3460,,,0,
AGAGLGGRR,,,,,,,,,,,,,,,,,,,,,,,,
ITQRLPLRVK,,,,6530,,,,,,,,,,103000,,,,,,,,,,
KIN(+.98)EILLK,,,,,,,,,,,,,,,469000,,,,,,,,,
KIN(+.98)ELIIK,,,,,,,,,,,,,,,469000,,,,,,,,,
KIN(+.98)EIILK,,,,,,,,,,,,,,,469000,,,,,,,,,
KIN(+.98)EIIIK,,,,,,,,,,,,,,,469000,,,,,,,,,
KIN(+.98)ELILK,,,,,,,,,,,,,,,469000,,,,,,,,,
KLN(+.98)ELLIK,,,,,,,,,,,,,,,469000,,,,,,,,,
PATLNSR,,,,,11600,,,,,,,,,,,,32800,,,,,,,
VAAEAVPR,,,,,,,,,,,,,,,,,8460,195000,,,,,,
WVVSAAH,,,,,,,,,,,,,,,,,,,42900,,,,,
SARLRHELAIAR,,,,,,,,,,,,,,,,902,,,,,,,,
QGIVSGFC(+57.02)GK,,,,,7220,16700,59900,13400,,,,,,,,,48300,,378000,,,,,
VSDVLLPR,,,,515000,,,,,64400,,,,,,,,,,,,,,,
LSVRTNSNR,,,,,,,,,,,,,,,,,,,,,,,,
VPHTLFR,,,,,,,,,,,,,,,,,,,,,,,0,1070
TETPHVYGPGSPYSQQ(+.98)PMMR,,,,,,,,,,,,,,,,,,,,,,,,
GM(+15.99)YSQIMHHM(+15.99)GVPEEKISAVLESK,,,,,,,,,,,,,,,,,,,,,,,,0
NM(+15.99)LLLVKK,,,,,,,,,,,,,,,,,,,,,,,,
KKQFPLSSK,,,,,,,,,,,131000,,,,,,,,,,,13200,,
LQ(+.98)VPVDFTR,,,,,,,,,,,,6640,,,,,,,,,,,,
GGKM(+15.99)AGNC(+57.02)TAGDN(+.98)APTYIK,,203000,,144000,,,,,,,,,,,,,,6330,93600,,,,,
LVILLKEFK,,,,,,,,,,,,18400,,,,,,,,,,107000,,
QFIQQK,,,,,,,,,218000,,,,,,,,,,,,,,,
MAKAQAGK,,,,,,,,,,,,,,,,,,,,,,,,
AQ(+.98)DIIN(+.98)ELR,,,,,,,,,,,,,,,,,,,,,,,,
TVTVSLPR,,,,,,,,,274000,,,,,,,,,,,,,,,
GAINEFGDVRHATQ(+.98)YK,,,,0,,,,,,,,,,,,,,,,,,,,
ILM(+15.99)KVLN(+.98)LLLIK,3820,,,,,,,,,,,,,,,,,,,,,,,
SN(+.98)IVSSTPFFSASC(+57.02)PSVEIK,,,,,,,,,,,,,21900,,,,,,,,,,,
VALQPLVK,,,,,,,,,,,,,,,,,,,,,,32300,,
TILN(+.98)LSQARN(+.98)R,,,,,,,,,,0,,,,,,,,,,,,,,
IFVVRRK,,,,,,,,,,,,,,,,,,3240,,,,,,
VILTAIPK,,,,,,,,,,,,,,,8730,,,,,,,,,
N(+.98)GATLEALHANRAHDFAELNR,,,,,,,,,,,,,,,,,,,,,,,,
LVIPPVLVRPGK,,,,,,,,,,26300,,,,,,,,,,,,,,
PIPTLPPYVNK,,,,33300,,,,,,,,,,,,,,,,,,,,
GAVQIVAGKILLPK,,,,0,,,,,,,,,,,,,,,,,,,,
LSN(+.98)ESVLK,,,,,,,,,,,302000,,,,,,,,,,,,,
VFVILIFTGNK,,,,,,,,,,,,,,,,,,,,,,,,
KIAFDMGLSNFN(+.98)VEAQK,,,,,,,,,,,,,,,,,,,,,0,,,
MLVIILGR,,,,,,,,,,,,,,,,,,,,21800,,5820,,
AGVIGRITALLAVPKAK,,,,,,,,,,,,,,,,,,,,2210,,,,
LVTDLTK,,,,,,,,,,22800,,,,,,,,,,10400,,,,
QQ(+.98)QLFQK,,,,,,,,,,,,,,,,,,,,,16400,,,
FVVLPSVR,,,,,,,,,,,,,,,,,,14700,,,,,,266000
N(+.98)VEIDPEIQ(+.98)K,,39500,,,,,,,126000,,,,,,,,,,,,,,,
VAVWLMR,,,,,,,,,,,,,,,,49500,,444000,,,,,,
YIVEAKNNAIDIAIAAKAA,,,,,,,,,,,,,,,,,,,,,,,,
IRRPSRFN,,,,,,,,,,8150,,,,,,,,,,,,,,
LVVREDLLPGGTKSR,,,,,,,,,,,,,,,,,,,,4720,,,,
MILNKVAR,51900,,,,,,,,,,,542,,,,,,,,,,,,
VGATLGSLAIP,,,,112000,,,,,,,,,,,,,,,,,,,,
FVVGLGIISK,,,,,,,,,,,,,,,,,,,,,,15400,,
RGDGPTQAVRYWGVTQQEYYQ(+.98)R,,,,,,,,,,,,,,,,0,,,,,,,,
AKLDGANLK,,,,,59200,,,,,,,,,,,,,,,,,,,
KQLSGWN(+.98)PTS,,,,,,,,,,,,,,,,,,,222000,,,,,
GLPTINSSFKK,,,,,,,,,,,,7880,,,,,,,,,,,5770,
TLLIPVVK,,,,,,,,,,,,,,,,,,,167000,,,,,
FNGNTLDND,,,,,,,,,,,,,,,,,,,902000,,,,,
LTLVPALK,,,,,,,,,,,,,,,,,,,,,,0,,
IQQTIAAN,,,,,,,,,176000,,,,,,,,,,,,,,,
NDIM(+15.99)LIK,,,,,,,,,104000,,,,,,,,,,,,,,,
LLLLPLAFAK,,,,,,,,,,,,,,,,,,,,,,,,
TVVHAFLTK,,,,,,,,,,,,,,,,,,,,,,,7190,
LEGEESR,,,,,,,,,,,,,,,,,5880,,,,,,,
IVMNSMSGGTIEEQQDNIDK,,,,,79400,,,,,,,,,,,,,,,,,,,
LTIATVIPSR,,,,,,,,,,,,,,,,,9610,26100,,,,,,
ISQINEHAR,,,,,,,,,,,,,,,,,,,,,,,,
QHAIRR,,,,,,,,,,,57700,,,,,,,,,,,,,
KAAKKAPAAK,,,,,,,,,,,,,,,,,,,,,263000,,,
GDVLRN(+.98)DVQPQGN(+.98)K,,,,5720,,,,,,,,,,,,,,,,,,,,
VVAAGAVVGK,,,,,,,,,,,,,,,,,,,,,,,,
GLAGLLPGK,,,,,,,,,,,,,,,125000,,,,,,,,,110000
LVN(+.98)SN(+.98)GDYISGTEIQ(+.98)IVGDPN(+.98),,,,,,,,,,,,,,,,,,,,,,,,
VPLALATK,,,,,,,,,,,,,,,,,,,,,0,,,
VPIAIATK,,,,,,,,,,,,,,,,,,,,,0,,,
SLAQHPAGHR,,,,,,,,,,,,161000,37700,,,,,,,,,,,
ANSIPYQVSLNS,,,,,,,,,,,,,,,,,,89600,,,,,,
GLLSENGK,,35400,,,,,,,,,,,,,,,,,,,,,,
KAN(+.98)GFDALAPANVKSNIK,,,,,,,,,,,,,0,,,,,,,,,,,
RAGLDPHQVVK,,,,,,,,,,,,,,,,,,,,0,,,,
LSLQ(+.98)GLHRQVR,,,,,,,,,,,,,,,,,,,,0,,,,
C(+57.02)IDGLILLVIGK,,,,,,,,,,,,,,,,,,,,,,8610,,
DEIVKRVLKNR,,,329000,,,,,,,,,,,,,,,,,,,,,
GYGPVC(+57.02)PPG,,,,,,,,,60000,,,,,,,,,,,,,,,
TAVSGVVLGVK,,,,,,,,,,,,,,,,,,,,3210,,,,
GKHKPTFS,,,,,,,,,,0,,,,,,,,,,,,,,
TAQ(+.98)Q(+.98)GFTGSADWTWISEIK,,,,,,,,,,,,,,,,,,,,,,,,
YGKLKHTLK,,,,,,,,,,,,,,,,,,,,,,,,
KLFQNK,,,,,,,4610,,,27500,,,,,,,,,,,,,,
AVC(+57.02)AVRAVR,,,,,,,19000,,,2050,,365000,,71800,,,,,,,5040,,0,
IQMFVLVIIY,,,,,,,,,,,,,,,,,,,1340,,,,,
YILVAISLVK,,7690,,,,,,,,,,,,,,,,,,,,,,
YAVYDGDQ(+.98)PALNLK,,,,,,,,,,,,,,,,,,0,,,,,,
IISALKIKPLR,,,,,,,,,,,,,,66600,,,,,,,,,,
SKFVISKTIK,,,,,,,,,,,,,,22000,,,,,,,,,,
DKYIKPIVK,,,,,,,,,,,,,,,,,,,,,,,0,
GLLSGN(+.98)EK,,,,,,,23800,,,,,,,,,,,,,,,,,
SHFC(+57.02)GGSLIN(+.98)SQ,,,,,,,,,,,,,,,,,,,,,,,,
ILIHKLSGSKM(+15.99)IQK,,,,6480,,,,,,,,,,,,,,,,,,,,
ITFC(+57.02)AN(+.98)C(+57.02)R,,,13400,,,,,,,,,,,,,,,,,,,,,
VLVVPPAK,,,,,,,,,,,,,,,,,,,,,4460,,,
PVVRAGYKR,,,,,,,,,,,,,,,74200,,,,,,,,,
DGLSPGEC(+57.02)SAIDLGTEQ(+.98)AIYR,,,,,,,,,,,,,,,,,,,,,,,0,
GVTVARPR,977000,,,,,,,,,,,,,,,,,,,,,,,
LLEGEEC(+57.02)R,,,,,,,,,38900,,,,,,,,,,,,,,,
ASGLAAVSR,,,,,,,,,62700,,,,,,,,,,,,,,,
MVYPNTGSILTGSN(+.98)GN(+.98)GN(+.98)K,,21500,,112000,,,,,,,,,,,,,,,,,,,,
GGGKLPQR,,,,,,,,,,,,,,,,,,5550,,,,,,
ALC(+57.02)AAARTSR,,,,,,,,,,,,,,,,,,425000,,,,,,
PINSATVDPLK,,,,,,948,,,,,,,,,,,,,,,,,,
PNGALLAIPFPLTASIQ(+.98)DYEANLK,,,,,,,,,,,,,,,,0,,,,,,,,
SSFEDTEGQ(+.98)LDLLSGDKNEK,,,,,,,,,,,,,,,,29900,,,,,,,,
ERLSIGAR,,,,,,,,,,,,,,,,,,274000,,,,,,
SSGTSYPDVLKC(+57.02)LK,,463000,,,,,,,,,,,,,,,,,,,,,,
LVQ(+.98)VFC(+57.02)N,,,,,,,,,,,,,,,,,,,,,,,33700,
KNILQ(+.98)LILLK,,,,,,,,,,,,,,,,,,,,,,,,
NPSLLIGKAK,,,,,,,,,,,,,,,,,,,,,,,0,
EHHWVRFQLKGSTVNR,,,,,,,,,,,,,,,,,,,,,,,,
LLLLVFQ(+.98)EK,,,,,,,,,,,,,,,218000,,,,,,,,,
LALTGEPR,,,,,,,,,,,,,,,,,40100,1810000,,,,,,198000
TAALIAIQFGGNK,,,,,,,,,,,,,,,,,,,,,,0,,
LLPLIKKFE,,,,,,,,,,,,,,,,,,,,,,29500,,
LISGIPM(+15.99)EK,,,,,,,,,,,,,,,,,,,2360000,,,,,
YDFMQ(+.98)ALARIQ(+.98)R,,,,,,,,,,,,,,,,,,7040,,,,,,
SIEAILR,,,,,,,,,,,,,,,,,,,,,31800,,,
LDSLLADLK,,,,,,,,,2660,,,,,,,,,,,,,,,
AVDAGIPGTPR,,,,,,,,,,,,,,,,,,,,,,,0,
LLVSLPGQ,,,,,,,,,,,,,,,,,,,,,,,,
NVQVFSRVLN,,,,,,,,,,,,,,,,,,,,4050,,,,
SFIVLSVK,,,,,,,,,,,,,,,,59000,,,,,,,,
TLEEIEEK,,,19200,30400,,,,,,16200,,,,,,,21800,,,,,,,
QFIINTIR,,,,,,,,,,,,,,,,,,,,,,,49000,
N(+.98)LKVIPAPKR,,,,,,,,,,,,,,,,,,,,,,,,
SFVRIKTK,,,,,,,,,,,,,,,,,,,,139000,,,,
KPVKSPSK,,,,,,,,,,,,,,,,,,,3.17,,,,,
PAAALLVILFLN(+.98)LK,,,,,,,,,,,,,,,4710,,,,,,,,,
KVVPVSANK,,,,,,,,,,,,,,,,,,,,,,9070,,
NFVGSTFR,,,51700,,,,,,,,,,,,,,,,,,,,,
TLLGIVSLHLWNQ(+.98)K,,,,,,,,,,,,,17200,,,,,,,,,,,
IPITYNK,,,,,,,,,,276000,,,,,,,,,,,,,,
ANPDPHGS,,,,,3060,,,,,,,,,,,,,,,,,,,
VPYQVSLNSG,,,,,,,,43400,,,,,,,,,,,,,,,,
GSGGGSSGGSIGGRGSSSGGVKSSGGSS,,,,,,,,,,16300,,,,,,,,,,,,,,
ATLGRAN(+.98)GVMVGQVK,,,,,,,,,,,,,,,,,,,,,,,0,
PVGFGTLGFALPAGIGAK,,,,,14300,,,,,11200,,,34600,3420000,27.9,,,,,,,,,
QQWLALK,,,,,,,,,,,,,,,,,,,,,,,49600,
IPYQVSLNSG,,,,,,,,,,,,,,,,,,68400,,,,,,
IFGPNAFGGRGQGGGQ(+.98)GGR,,,,,,,,,,,,,,,,,,,,,,,,
VATTKAQR,,,,,,,,,,,,,,,,,100000,,,,,,,
KTNNPTM(+15.99)M(+15.99)IITIGTTC(+57.02)I,,,64300,,,,,,,,,,,,,,,,,,,,,
EQ(+.98)PPADPPM(+15.99)PTAPGSK,,,,,,,,,,,,,,,,,,,,,,,,
SGAAMAQYSQDQ(+.98)R,,,,,,,,,,,,,,,,,8160,,,,,,,
PN(+.98)FSYKTC(+57.02)VADESSQ(+.98)HPLK,,,,,,,,,,,,,,,,,,4720,,,,,,
NPAQNKTN(+.98)K,,,,,,,,,,,,,,,,,,,,,,,,13400
QGLEAQDLSIFSLIEKNR,,,,,,,,,,,,,,,,,,,,,,,,
GGGISGAGQ(+.98)KGGSGGS,,,,,,,,,,,,,,,,,,,,,,,,
LYIVFTKFIK,,,,,0,,,,,,,,,,,,,,,,,,,
TIIDLALK,,,,,,,,,,52000,,,,,,,,,,,,,,
TRAFMTDKQ(+.98)VQ(+.98)EGAIDFR,,,,,,,,,,,,,,,,,0,,,,,,,
GGPPRVGHVPR,,,,,,,,,,,,,,,,,,,,0,,,,
NYYNYVTILN(+.98)N(+.98)LK,,,,,,,,,,,,,,,,0,,,,,,,,
FLRLGVLLSR,,,,,,,,,,,,230000,,,,,,,,,,,,
IYNGAADAIEK,,,235000,,,,,,898000,,,,,,,,,,,,,,,
N(+.98)GNSITWRK,,,,,,,,,,,,,,,,,140000,,,,,,,
SISDAEQ(+.98)R,6980,,,,,,,,,,,,,,,,,,,,,,,
NGEILVVR,,,,,,,,,,,,,,,,,,,,,,,,
LLANNGPTR,,,,,,,,,,,,,,,,,,1970,,,,,,
NALKPPSK,,,,,,,,,,,,,,,,,,,9250,,,,,
HLSN(+.98)KEVSVFGTYIAQ(+.98)EGDIRLK,,,,,,,,,,,,,,,,0,,,,,,,,
GYLLLGRISK,,,,,,,,,,115000,,,,508000,,,,,,,,,,
HQGIKFRNK,,,,,5780,,,,,,,,,,,,,,,,,,,
DSISFSLFGK,,,,,,,,,,,,,,,,,,,,,,7730,,
TEEINR,,17600,,,,,,,,,,,,,,,,,,,,,,
LAAIPLSK,,,,,,,,,,,,,,,,,,,,,,0,,
DGSVDVRYSTDSAQ(+.98)SKAELK,,,,,,,,,,,2660000,,,,,,,,,,,,,
N(+.98)TISKFLEVR,,,,,,,,,,,,,,,,507000,,,,,,,,
LLSLGNLPKN,,,,,,,,,,,,,,,,,,,,,,,0,
ISSPSLIEDI,,,,,,,,,,,,,,,,,,,,,,,,
VVAKSAAPK,,,,,0,,,,,,,,,,,,,,,,,,,
SAVVSGGSRR,,3590,,,,,,,,,,,,,,,,,,,,,,
SQLLPVVK,,,,,,,,,,,,,,122000,185000,,,,,,,276000,,
LVVVPAPK,,,,,,,,,,,,,,,,,,,,3450,,12700,,
Q(+.98)LEKQQPK,,,,,,,,,,,,,,68200,,,,,,,,,,
LPVAITQK,,,,,,,,,,,,,,,,29400,,,,,,,,
VIPPLIFLK,,,,,,,,,,,,,,,,,,,,,12600,,,
VTLAGEAPR,,,,,,,,,,,,,,,,,,612000,,,,,,
LLKNLPPN(+.98)LK,,,,,,,,,,,,,,,19400,,,,,,,,,
GFSVTN(+.98)AGSLQ(+.98)Q(+.98)QYQDILK,,,,,,,,,,,,,,,,,,11300,,,,,,
IVPFKVQPLK,,,,,,,,,,,,,,,,,,,,15400,,,,
QLLSPQAK,,,,,,,,,,,,,,,,,,5410,,,,,,
FEVMTAN(+.98)IPYTM(+15.99)NVVLEK,3.44,,,,,,,,,,,,,,,3980,,,,,,,,
AHPELGVVIADDGLQ(+.98)HVHLPR,,,,0,,,,,,,,,,,,,,,,,,,,
LAFTEEELKC(+57.02)IPGN(+.98)YTNGK,,,,,,,,,,,,,,,,,,,,,,,,
RRINWIILSK,,,,,,,,,,,,,,,,,,,,0,,,,
TAATQRERTAK,,,,,,,,,,,,,,,,,,,,,0,,,
QGKEVPVFVKVTK,,,,,,,,,,,,,,,,,,,,,0,,,
NSIPYQVSLNS,,,,,,,,48800,,,,,,,,,,,,,,,,
DGKLIAQGGPELGMYIQQHGYEHASY,,,,,,,,,,,,,,,,,0,,,,,,,
LAQ(+.98)MLLDGEVDAAVLAADQN(+.98)PK,,,,,,,,,,,,,,,,,0,,,,,,,
QAN(+.98)Q(+.98)ATKAAKAAK,,,,,,,,,0,,,,,,,,,,,,,,,
LLGEGLR,,,,,,,,,,,,,,,,,,,,,0,,,
VTGISLNGVG,,,,,,,,,,,,,,,,,,6640,,,,,,
ALLLIGGLLGLVIFN,,,,,,,,,,,,,,,,,,,,,196000,,,
ITIGTPLSQ(+.98)K,,,,,,,,,,,,,,,,,,,,,,,,
MDLNISLIKK,,,,,,,,,,,,,,,,,,4140,,,,,,
TALDILDSVSK,,,,,,,,,,,,,,,,,,,,,,,,13400
KVPFLIVVKK,,,,,,,,,,,,,,,,0,,,,,,,,
ILEMIINK,,,,,,,,,,,,,,,,,,,22100,,51200,,46800,
ETSLGFATNIHADDPSTPIK,,,,,,,,,,,,,,,,,,,,,,,,
MFVQ(+.98)C(+57.02)SHTLGVDL,,,,,12000,,,,,,,,,,,,,,,,,,,
NWSDNIIMIK,,0,,,,,,,,,,,,,,,,,,,,,,
Q(+.98)VLDN(+.98)LTM(+15.99)EK,,,,,,,,,,,,,,,,,,0,,,,,,
VGKGYQPIYIK,,,,,,,,,,,,,,,,,,,,,,360000,,
RLSPIKTYR,,,,,,,,,,,,,,,,,,,,,,,,
SHFC(+57.02)GGSLIN,,,,,,,,,,,,,,,,,,,,,,,,
LVNSFNLAAKLN,,,,,,,,,,,,,,0,,,,,,,,,,
KAAQMAELDYMRK,,,,,,,,,,,,,,,,,,,,,,,,
DGVLKQK,,,,,,,,,,,,,,55400,,,,,,,,,,
HGARGATC(+57.02)Q(+.98)TLK,,,,,,,,,,,16300,,,,,,,,,,,,,
TTAKKAPAKK,,,,,,,,,,,,,,309000,,,,,,,36300,,,
AYLQ(+.98)GDTISDGVFL,,11500,,,,,,,,,,,,,,,,,,,,,,
C(+57.02)GAKIAGGAYTPETGAGK,,,,,,,,,,,,,,,,,,,,,,,,
IEAAKLLLR,,,,,,,,,,,,,,,,,,,,,,10300,,
NVSTKPK,,,,,,,,,,,,,,,44500,,,,,,,,,
C(+57.02)VHLFC(+57.02)NALNWLVQ(+.98)FGGSS,,,,,,,,,,,6.58,,,,,,,,,,,,,
DGVYTKGR,,,,,,,,,50400,,,,,,,,,,,,,,,
Q(+.98)FNNGALALC(+57.02)SLC(+57.02)IQFR,,,,,,,,,,,,,,,,,,,,,,0,,
MARILLIN,785000,,,,,,,,,,,1800000,,,1780000,,,,,,,,,
VGFLEGGK,,,,,,,,,,,,,,,,,,,566000,,,,,
ILSGFDPVR,,,,,,,,,,,,,,,,,,,,,,,,
TVVWLVVR,,,,,,,,,,,,,,,424000,0,,,,,,37500,,
TIRKISAGQVTTVVSGK,,,,,,,,,,,,,30200,,,,,,,,,,,
HGGQ(+.98)AAPAGRTHGAGIGRGARGG,,,,,,,,,,,,,,,,,,,,,,0,,
DQ(+.98)TSQ(+.98)ETLLAYNVPSQ,,,,,,,,,,,,5330,,,,,,,,,11200,,,
VALHFKK,,,,,,,,,,,,,,,,,,,,,,97900,,
PTINLNLR,,,,,,,,,,,,,,68300,,,,,,,,,,
SVQAPVSQPDSLPTDGTSTDRAHR,,,,0,,,,,,,,,,,,,,,,,,,,
LAAVVHHGLLVRKVRK,,,,,,,,,,,,,,,,,,,,,0,,,
DGLTLVR,,,,,,,,,,,,,,,,,,,,,7280,,,
APVVAALK,,,,,,,,,,,,,,,,,,,,,,,0,
VSALATALPAISK,,,,0,,,,,,,,,,,,,,,,,,,,
DGLLAVAPTAVVR,,,,,,,,,,,,,,,,,,,,,0,,,
N(+.98)TLAKRAIK,,,,,,,,,,,,,,,,,,,,,29700,,,
GGPGQ(+.98)M(+15.99)GYVTPGSGDM(+15.99)MGAASLIYLK,9020,,,,,,,,,,,,,,,,,,,,,,,
NPIEEKNIPK,,,,,,,,,,,,,,,,,,,,0,,,,
KKLAPVVK,,,,,,,,,,,,,,,,,10300,,,,,,,
TTDLTQKKK,,,,,,,,,,,,,,,,,,,,,2270,,,
NGTNELC(+57.02)WR,,,,,,,,,,,,,,15900,,,,,,,,,,
NIRLLVTK,,,,,,,,,,,,,,,,,,,,,,,,
AIN(+.98)Q(+.98)YGSNNATGIF,,,,,,,,,,193000,,,,,,,,,,,,,,
GM(+15.99)SPNEAVSATAKK,,,,,,,,,,,,,,,,,,,,,,,,
TDLANAVVAR,,,,,,,,,,,,288000,,,,,,,,,,,,
EATSVYQ(+.98)Q(+.98)LQ(+.98)GEYDPSLLK,,,,,,,,,,,,,,,,,,,,,,,,
VC(+57.02)DSVAILN(+.98)K,,,,,,,,,,,,,,,,,,,,,,,,
APTILKLAK,,,,,,,,,,,,208000,,,,,,,,,,,,
NDLLEVM(+15.99)K,,,,,,,,,,,,,,,35400,,,,,,,,,
LLVLSTLLLLATLP,,,,,,,,,,,,,,,,,,,,,0,,,
LVNEVTEFAK,,,,,,,,,,7290,,,,,,,,,,,,,,
TLPLLYLVGS,,,,,,,,,,,,,,,,,,,,,0,,,
IHLTLRLSLFVR,,,,,,,,,,,,,,,,,,,,,,32100,,
NVAAAN(+.98)PAVV,,,,,,,,,,,,,,,,,,,,,,0,,
LSTNMANTN(+.98)K,,1770,,,,,,,,,,,,,,,,,,,,,,
GGIGVN(+.98)AVAPA,,,,42000,,,,,,,,,,,,,,,,,,,,
TEEIN(+.98)R,,46300,,,,,,,9340,,,,,,,,,,,,,,,
DM(+15.99)LKPGGTFVGK,,,,,,,,,,,,,,,,,28200,,,,,,,
HQPHLTLR,,,,,,,,,,,,,,,,,,,,,,12300,,
Q(+.98)ATPGVAQAGAGDVAGH,,,,,,,,,,,,,,,,,,,,,,,,
YQ(+.98)SETTTLSGSLFFVN(+.98)FQ(+.98)NR,,,,,,,,,,,,,,,,,,,,,,,,
FKDSVFPEGK,,,,,,,,,,,,,,,,,,19800,,,,,,
VKN(+.98)IPIAR,,,,,,,,,,,,,,,,,,,,,,,,13500
ILYTGVIC(+57.02)Q(+.98)TK,,,,,,,,,,,,,,,,,,,,35800,,9040,,
LLPGKTNFK,,0,,,,,,,,9240,,,,,,,,,,,,,,
VPFLIVVKK,,,,,,,,,,,,,,,,,,,,,,33700,,
TTVLADGGVRS,,,,,,,,,,,,,,,,,,,,,,,,
LTGGSVSQSQEM(+15.99)IC(+57.02)GGRYLSGDQ(+.98)AMR,,,,,,,,,,,,,,,,,0,,,,,,,
DGSPNLM(+15.99)GIYKGYVYPALPAPEEIEK,,,,,,,,,,,,,,,,0,,,,,,,,
TVFLFTGEGES,,,,,,,,,,,58900,,,,,,,,,,,,,
AVAALLPK,,,,,,,,,,,,,,,,541000,,,,,12200,,,
AEFVEVTK,,,,,,16800,,,,,,,,,,,,,,,,,,
NPFKIILK,,,,,,,,,,,,,,,24200,,,,,,,,,
GANTVPYQVSLNSG,,,,,,,,,270000,,,,,,,,,,,,,,,
YGIGLDSS,,,,,22100,,,,,,,,,,,,69500,,,,,,,
EATSVYQ(+.98)Q(+.98)LQGEYDPSLLK,,,,,,,,,,,,,,,,,,3960,,,,,,
LN(+.98)NQTITAGYWM(+15.99)ER,,,,,29200,,,,,,,,,,,,,,,,,,,
WIGGTLTNNSQVRNSVTKYLHLK,,,,,,,,,,,,,,,,0,,,,,,,,
ATGYWFPR,,,,,,,,,,,,,,,,,,,,,,,,
LPHERR,1810000,,,,,,,,,,,,,,,,,,,,,,,
EHPGKFPSAK,,,,,,,,,,0,,,,,,,,,,,,,,
HLLVSTKK,,,,,,,,,,,,,,,,,,,,,,,,
DGAKLIVKDATK,,,,,,,,,,,,,,,,,,0,,,,,,
VAILEGIR,,,,,,,,,0,,,,,,,,,,,,,,,
YASMC(+57.02)KSVDVC(+57.02)ANDAEDK,,,,,,,,,,,181000,,,,,,,,,,,,,
RREGGGYLIGDDAHEAEALR,,24900,,,,,,,,,,,,,,,,,,,,,,
TTGITGRGLEG,,,,,,,,,,,,,,,,,,,,,,,,
PLLPM(+15.99)VR,,,,,,,,,,,,,,,,,,,0,,,,,
KAGFTQR,,,0,,,,,,,,,,,,,,,,,,,,,
VTSANSVYAR,,,,,,,,,,,,,,,,,,,,,,,,
VELMISIMATSN(+.98)TAKEAWNR,,,,,,,,,,,,,3520,,,,,,,,,,,
SLAGGFPLAAVVGKAK,,,,,,,,,,,,,,,,,,,,0,,,,
NKPGVYTK,,,,,,,,,,,,,,,,,,,,,,,,
IINLLPAK,,,,,,,,,,,,,,,,,,,,,,,,
IINILPAK,,,,,,,,,,,,,,,,,,,,,,,,
LLNIIPAK,,,,,,,,,,,,,,,,,,,,,,,,
VTALPSALV,,,,,,,,,,,,,,,,,,,,,,,,
ETSDKLSGWGKDK,,,,,,,,,,31000,,,,,,,,,,,,,,
KPALSAPKN(+.98)DMLQFKHSEDR,,,,,,,,,,,,,2160,,,,,,,,,,,
SKATISTTLKK,,,,,,,,,,,,,,,,,,,,,35600,,,
LPIVVIETIDHC(+57.02)M(+15.99)DVPN(+.98)NLN(+.98)EN(+.98)SMK,,,,,,,,,,,,,,,,0,,,,,,,,
KSFIAKISAK,,,,,,,,,,,,,,,,,,,,,,,,
RLPEILSK,,,,232000,,,,,,,,,,,,,,,,,,,,
TGLDLVR,,,,,,,,,,,,,,,,,,,,,,62000,,
YRITSYPAYY,,,,,62000,,,,,,,,,,,,,,,,,,,
SLGVC(+57.02)TDELGAGSKRRAHRPGDR,0,,,,,,,,,,,,,,,,,,,,,,,
GDVASLYANVR,,,,,,,,,,,,,,,,,,,,58600,,,,
NRLLALTK,,,,,,,,,,,,,,,,,,,,,,,,
NRLIALTK,,,,,,,,,,,,,,,,,,,,,,,,
TGSPKILAR,,,,,,,,,,,,,,,,,,,,,,5510,,11300
VIPVLM(+15.99)K,,,,,,,,,,,,,,,,,,,,,,0,,
ITTLPVSK,,,,,,,,,,,,,,,,,,,1030,,,,6620,
PRPAALGIIFR,,,,,,,,,,,,,,,,,,,,,,,,
M(+15.99)IRNNELR,,,,,,,,,,,,,,,,,,,,,,,,
MN(+.98)IYEK,,,,,,,,,,,,,,,,,,,,,,,,
ATLHVDAGR,,,,,,,,,,,,,,,,,,,,,,,0,
IVGGYTC(+57.02)GANTVPYQ,,,,,,,,,183000,,,,,,,,,,,,,,,
LTQ(+.98)ALRLLK,,,,,,,,,,,,,,124000,,,,,,,,,,
LRGLGGRMLRILGLR,,,,,,,,,,,,,,20300,,,,,,,,,,
YKTLILDKN(+.98)K,,,,,,,,,,,,,,,,,,,,,,,,
QEQIIQQHESTDTNFDIF,,,,,134000,,,,,,,,,,,,,,,,,,,
NYDALGFK,,,,,,,,,,,,,45800,,,,,,,,,,158000,
QVMESLAGAFSDQ(+.98)PGGEGVLDSK,,,,,,,,,,,,,,,,,,,,,,,,
RASISLVQR,,,,,,,,,,,,,,76500,,,,,,,,,,
HGATVVQR,,,,,,,,,,,,,,,,,188000,,,,,,,
SDGIDKQ(+.98)YIPITDN(+.98)SN(+.98)K,,,,,,,,,,,,,,,,,,,,,,,,
IKKIVQ(+.98)LPPQ,,,,,,,,,,,,,,,63500,,,,,,,,,
IPLIRN(+.98)LIEK,,,,,,,,,,,,,,,,,,,,,,,0,
VKNIPIAR,,,,,,,,,,0,,,,,,,,,,,,,,
MVDTNSQ(+.98)ANTSK,,,,,14500,,,,,,,,,,,,,,,,,,,
PPGTQ(+.98)NGSQ(+.98)FGIT,,,,,,,,,,,,,,,,,,,,,,,,
TAFVTLQ(+.98)DSDELM(+15.99)SIDLEK,,,143000,,,,,,,15700,,,,,,,,,,,,,,
Q(+.98)FTSALDADSNPK,,,,,,,,,,,,,,,,,,,,739,,,,
QTLGDPEIR,,,,,,,,,,,,,,49600,,,,,,,,,,
TVTTANQ(+.98)AIR,,,,,,,,,295000,,,,,,,,,,,,,,,
EASLEQARR,,,,,,,,,,,,,,,,11500,,,,,,,,
NPLGDALNL,,,,,,,,,,,,22000,,,,,,,,,,,,
GKGM(+15.99)MPVFLLK,,,,,,,,,,,,,,,,,,,,,,,,
ITENTM(+15.99)PSMISGDVFEK,,,,,,,,,,,,,,,,731000,,,,,,,,
GLLSNKIPLLR,,,,,,5710,,,,,,,,,,,,,,,,,,
AALTDAEK,,,,,,,,,30200,,,,,,,,,,,,,,,
ILLLVLDLR,2080,,,,,,,,,,,,,,,,,,,,,,,
LQPPQLIQ(+.98)FLR,,,,,,,,,,,,,,,,,,,,,,,,
LVVAKGYDIALNAAK,,,,,,,,,,,,133000,,,,,,,,,,,,
QVLDGLPQR,,,,,,,,,,27100,,,,,,,,,,,,,,
AGTEC(+57.02)LISGWGNTK,,,,,,,,10300,,,,,,,,,,,,,,,,
NKYNQVTVDTALK,,,,,,,,,,,,,,,,,,,,,,,3990,
LVVDNGSGM(+15.99)C(+57.02)K,,,,,,,,,,,,,,,,,,,,,,,,
NLPPETQ(+.98)DAIQ(+.98)MVESTLNR,,,,,,,,,,,,,,,,,,,,,,,,
LGEILSASN(+.98)R,,,,,,,,,,,,,,33300,,,,,,,,,,
QGESNN(+.98)GQ(+.98)GMAYYQLK,,,,,,,,,,,,,,,,,37700,,,,,,,
VVIRYRK,,,,,,,,,,,,,,22400,,,,,,,,,,
IHQLLIPAVR,,,,,,,,,,,,,,,,,,0,,,,,,
LPDN(+.98)TLLLTDSFAN,,,,,,,,,,,14700,,,,,,,,,,,,,
RTFENVSSK,,,,,,,,,,,174000,,,,,,,,,,,,,
IPQVLTK,,,,,,,,,,,,,,,,,,,,859,,,,
LPQVLTK,,,,,,,,,,,,,,,,,,,,859,,,,
ILHAVEGR,,,,,,,,,,,,,,,25500,,,,,,,,,
TAAAALGLIKD,,,,,,,,,,,,,,,,,,,,,,0,,
GIIPLPLTVMQ,1190,,,,,,,,,,,,,,,,,,,,,,,
NFLFSGGTMDAKEMLALGLAAK,,,,,,,,,,,,,,,,,,,,,,,,
MLLLKPLN,,,,,,,,,,,,,,,,,,,,,,,,4410
NAGLWVR,,,,,,,,,,,,,,26300,,,,,,,,,,
PNTPRNELM(+15.99)EEYYN(+.98)R,,13500,,,,,,,,,,,,,,,,,,,,,,
DEVAPVAKSK,,,,,,,,,,,,,,,,,,,,,,,,
NPKFNYVLMC(+57.02)NK,,,,,,,,,,,,,,,,,,,,,,,,
Q(+.98)ALHELESSQN(+.98)K,,2560,,,,,,,,,,,,,,,,,,,,,,
QC(+57.02)GLNIKPPQLLNNNSGK,,,,,,,,,,,,,,,,,,,,,,,,
SLGVNVTK,,,,,,,,,,,,,,28000,,,,,,,,,,
AKSQPGAPKTTPN,,,,,442000,,,,,,,,,,,,,,,,,,,
LNNQTITAGYWM(+15.99)ER,,,,,,,,,,,,,,,,,,,,,,,,
HEITQADVTAAFEKVAIGPER,,,,,,,,,,,,,,,,,,,,,,,0,
LPLVVAFLTA,,,,,,,,,,,,,,,,,,,,,,,,
LDGNTLAASC(+57.02)AWQ(+.98)VVREWR,,,,,,,,,,,,,,3200,,,,,,,,,,
KELTKLTPK,,,,,,,,,,,,,,,,,,,,,,,,
GGYYFFK,,,,,,,,,,,,,,,,,,,,,,,,0
LKILLLPK,,,,,,,,,,,,,,,,,,9540,,,,,,
NYLNIRPLGLN(+.98)SQEIKLLK,,,,,,,,,,,0,,,,,,,,,,,,,
LEATIEVPAN(+.98)AGK,,0,,,,,,,,,,,,,,,,,,,,,,
FVAKGNVRIVLPISA,,,,50100,,,,,,,,,,,,,,,,,,,,
IPPYLFSEIAALK,,,,,,,,,,,,,,0,,,,,,,,,,
NGGDLDKAIANFQ(+.98)PDADAAVK,,,,,,,,,,,,,,,,,,,,,,0,,
MAKLGIITR,,,,,,,,,,,,,,47400,,,,,,,,,,
RILAQEDGFGC(+57.02)R,,,,,,,,,,0,,,,,,,,,,,,,,
GPLFLKNLPLYR,171000,,,,,,,,,,,,,,,,,,,,,,,
LPPYIIAIMAAIK,,,,,,,,,,,,,0,,,,,,,,,,,
N(+.98)KLNDLEDALQ(+.98)Q(+.98)AKEDLARLLR,,,,,,,,,,,,,,,,3820,,,,,,,,
NKYIFK,,,,,,,,,,,,,,,,,,187000,,,,,,
LQLLLIIIL,,,,,,,,,,,,225000,,,,,,,,,,,,
TVDPREEQK,,,,,,,,,,,,,,,,,,,,,,,,
C(+57.02)VVGILGVTFKEN(+.98)C(+57.02),,,,183000,,,,,,,,,,,,,,,,,,,,
FGEKVIGRIKSGG,0,,,,,,,,,,,,,,,,,,,,,,,
GNC(+57.02)SN(+.98)PIHYQKNNSK,,11200,,,,,,,,,,,,,,,,,,,,,,
PGAVISVPFAIRSK,,,,,,,,,,,,,,,,,,,,,,0,,
FHVVLVR,,,,,,,,,,,,,,,,,,,,,,,,22000
RHIAAKAVDAGFGHPEQHLTR,,,,,,,,,,,,,,,,1940,,,,,,,,
VLKPNVFK,,,,,,,,,,,,,,,72800,,,,,,,,,
AVTVSAVIRSVELDLEAAAATA,,,,,,,,,,,,,,,,0,,,,,,,,
KQVKFDLPSELSPGK,,,,,,,,,,,,,,,,,,,,,,,,262000
SM(+15.99)ADWTLFRLEESGTIR,,,,,,,,,,,,,,,,7290,,,,,,,,
IDVLEGNEQF,,,,,,,,,,,,,,,,,,,,,,,,
NAVIARVK,,,,181000,,,,,,,,,,,,,,,,,,,,
AQQQPQRRPPR,,,,,,,,,,,,,,,,,,,,,,,0,
MSLTSLADLTLIK,,,,,,,,,,,,,,,,,,,,,,,13700,
SKNGVVLGQ,,,,,,,,,,,,,,,,,,,,,6550,,,
ALFKALKK,,,,,,,,,,,,,,,,,,,,,,,,
IVGGYTC(+57.02)GANTVPYQ(+.98)VSLNS,,,,,,,,,,,,,,,,,,,,,,,4640,
LPFAAALR,136000,,,,,,,,,,,,,,,,,,,,,,,
DGFYKNGKN(+.98)SADKIAAHIVET,0,,,,,,,,,,,,,,,,,,,,,,,
NALISPKLIASK,,,,,,,,,,,,,,,,,,,,,,,,
IGGKPPYIVR,,,,,,,,,,0,,,,,,,,,,,,,,
MTLRGALLIAVLLDGR,,,,,,,,,,,,,,,,,71800,,,,,,,
GGAPRLDHQQRFAR,,,,,,,,,,,,,,,,,,,,0,,,,
GYLTLDTSDDNLLPDDKGLK,,,,,,,,,,,,,,,,,,,,,,,0,
FMPLKLTK,,,,,,,,,,,,,,75300,,,,,,,,,,
ASVAARTR,,,,,,12100,,,,,,,,,,,,,,,,,,
LHLAITAYLLAV,,,,,2920,,,,,,,,,,,,,,,,,,,
N(+.98)NSLC(+57.02)LLSSSSLPLS,,,,,,,,,,,,,,,,,,,,,,,,35500
VVMLRPR,,,,,,,,,,,,,,0,,,,,,,,,,
QVATIVAALK,,,,,,,,,,,,,,,,,,,,,,,,
EHHWVRFQ(+.98)LKGSTVNR,,,,,,,,,,,,,11300,,,,,,,,,,,
RYIGVRSK,,,,,,,,,,,,,,,,,,,,0,,,,
RNIIAGKR,,,,,,,,,,,,,,,,,,,,,,,,15800
VLATEGGPVR,,,,,,,,,,,,,,19700,,,,,,,,,,
YNFTKKADHAGQGK,,,,,,,,,,,,,,,,1050000,,,,,,,,
NIPVIMLTAK,,,,,,,,,,,,,,,,,,,,0,,,,
HNIDVLEGNEQFINAAK,,,,,,,,,,,,,,,,,,,,,,,,
SN(+.98)IN(+.98)NALNNIYSLIMSGGNR,,,,,,,,,,,,,,,,,,,,,,,,
KEQ(+.98)M(+15.99)SGVSLDEEAAN(+.98)MLK,,,,,,,,,,,,,,,,,,,,,3910,,,
QETVN(+.98)FGSQNIYNKR,,,,,,,,,,,,,,,,,,,,,,,,
GKVVIANAR,,,,,,,,,,,,,,,,,,,,,,,,
HVIDHALIK,,,,,,,,,,80800,,,,,,,,,,,,,,
VPGVN(+.98)PLK,,,,,,,,,,,141000,,,,,,,,,,,,,
KGKAEGKKPSAPK,,,,,,,,,,,,,,,,,,,,0,,,,
IM(+15.99)KNFGAEHLAEM(+15.99)M(+15.99)LQ(+.98)N(+.98)PK,,,,,,,,,,,,,,,,,,,,7130,,,,
LAIAFSLAAR,,,,,,,,,,,,,,,9880,,,,,,,,,
DIQAVQ(+.98)RLLESGVSPNLK,,,,,,,,,,,,,,,,,,,,0,,,,
VPLVSDLK,,,,,,,,,,,,,,,,,,,,,,,,
NIN(+.98)GKTQK,,,,,,,,,,,,,,,,,,,,,,,,
NM(+15.99)ILKVLK,,,,76200,,,,,,,,,,,,261000,,,,,,,,
TAIKVSSKVLNGAKGLLK,,,,4590,,,,,,,,,,,,,,,,,,,,
FGTRTQTN,,,,,,,,,,108000,,,,,,,,,,,,,,
ALATTGPKR,,,,,,,,,,,,,,,,,,,,,,,,
YEELQ(+.98)ITAG,,,,,,,,,,,,,,,,,,11500,,,,,,
KIDPLRHKK,,,,,,,,,,,,,,,,,,,,,,,,
KSSTAGANPLINTTATASSESR,,13000,,,,,,,,,,,,,,,,,,,,,,
TLGFESYFLTVADITDM(+15.99)AR,,,,,,,,,,,,,,,,,,,,,,,,
VVGTGQER,,,,,,,,,,,,,,,,,6450,,,,,,,
LRLLAGAGGK,,,,,,,,,,,,,,1140000,,,,,,,,,,
SFVFTGFR,,,,,,,,,,,,,,70200,,,,,,,,,,
ESMTSVNIN(+.98)DNFVKLQM(+15.99)K,,,,,,3090,,,,,,,,,,,,,,,,,,
DSKVALGM(+15.99)YYK,,,,,0,,,,,,,,,,,,,,,,,,,
GPKIIRKFINPM,,,344000,,,,,,,,,,,,,,,,,,,,,
RN(+.98)VADLEQVALRQR,,,,,,,,,,,,,,,,,,0,,,,,,
NIQ(+.98)DLVIK,,,,,,,,,,,,,,,,,,,,,,,0,
FLHGDHERK,,,,,89400,,,,,,,,,,,,,,,,,,,
VGLQ(+.98)SLGVK,,,,,,,,,,,,,,,,,,,,,,31300,,
LSSVGEQVTPG,,,,,,,,,,,,,,,,,,,,,,,,
QAQKVLPK,,,,,,,,,,,,,,644000,,,,,,,,371000,,
IDVLEQNGE,,,,,,,,,,,,,,,,,,,255000,,,,,
NVLYTGT,,,,,,,,,,,,,,,,,,,,,,,,14300
TAIFFTGGTLK,,,,,,,,,,,,,,,,,,,,,,1760,,
AFDITAGAK,,,,,,,,,,,,,,,,,,,,,,,,
AAGSHTGMGNLPR,,,,,,,,,,,,,,,,,,,,,,,,
ISHYPEVR,,,,,,,,,,,,,,,,,,0,,,,,,
GIGIDGC(+57.02)SEFFGLAGFLC(+57.02)MC(+57.02)GGK,,,,,,,,,,0,,,,,,,,,,,,,,
TPSAPM(+15.99)MR,,,,,,,,,,,,12400,,,,,,,,,,,,
Q(+.98)Q(+.98)KIPVER,,,,,,,,,,,,,,,,,,,,,,,0,
TLAVNAAQDATDLVAK,,,,,,,,,,,,,,,,,,,,,,,,
NLMIRAVK,,,,,,,,,,,,,,,,,,,,,,,,17100
YGGEPLVQIAKLAVEYFKAQ(+.98)GFK,,,,,,,,,,,,,,,,0,,,,,,,,
LEFQKKIK,,,,,,,,,,,,,,,,,,,,,18600,,,
LLQLVIGHLQ,,,,,,,,,,,,9700,,,,,,,,,,,,
HLLVVC(+57.02)ILR,,,,,,,,,,,,,,,,,,,,,,,,
LHKKVFLK,,,,,,,,,,,,,,185000,,,,,,,,,,
C(+57.02)TLGEISDALEK,,,,,,,,,,,,,,,,,,,,,,,,
GM(+15.99)AM(+15.99)N(+.98)PVDHPN(+.98)GGGGGKSKGGGGRQ(+.98)HLK,,,,,,,,,,,,,,,,178000,,,,,,,,
TLAKPAVK,,,,,,,,,,,,,,,,,,,,,,,,
LRPIQ(+.98)PAKTR,,,,,,,,,,,,,,,,,,,,,,,0,
PFNIIPAR,,,,,,,,,,,,,,,,,,,,,,,,
ARSLESLGGLGAR,,,,,,,,,,,,,,,,,,,,2120,,,,
LATVDGAVVR,,,,,,,,,,,,,,18100,,,,,,,,,,
