Protein Group,Protein ID,Protein Accession,Peptide,Unique,-10lgP,Mass,Length,ppm,m/z,z,RT,Area Sample 8,Fraction,Scan,Source File,#Spec,#Spec Sample 8,Start,End,PTM,AScore
3,5,AM_AGSSY_3962856_1,S.LATVISPR.M,Y,35.72,855.5178,8,0.1,428.7662,2,59.14,6.2E6,8,10575,20210624_Trocas8_682_NMCP82_surface_DDA_120min.raw,3,3,85,92,,
3,4,AM_AGSSY_73454_1,K.LATVLSPR.V,Y,35.72,855.5178,8,0.1,428.7662,2,59.14,6.2E6,8,10575,20210624_Trocas8_682_NMCP82_surface_DDA_120min.raw,3,3,246,253,,
26,3998,AM_AGSSY_3545028_1,R.VLPILYK.D,Y,33.40,844.5422,7,-8.3,423.2749,2,89.36,1E4,8,15182,20210624_Trocas8_682_NMCP82_surface_DDA_120min.raw,1,1,129,135,,
26,5389,AM_AGSSY_2769781_1,G.VLPIIYK.G,Y,33.40,844.5422,7,-8.3,423.2749,2,89.36,1E4,8,15182,20210624_Trocas8_682_NMCP82_surface_DDA_120min.raw,1,1,99,105,,
26,5390,AM_AGSSY_1758041_1,K.VIPLLYK.E,Y,33.40,844.5422,7,-8.3,423.2749,2,89.36,1E4,8,15182,20210624_Trocas8_682_NMCP82_surface_DDA_120min.raw,1,1,74,80,,
26,5391,AM_AGSSY_539575_1,F.VLPIIYK.R,Y,33.40,844.5422,7,-8.3,423.2749,2,89.36,1E4,8,15182,20210624_Trocas8_682_NMCP82_surface_DDA_120min.raw,1,1,387,393,,
26,5392,AM_AGSSY_427434_1,F.VLPILYK.R,Y,33.40,844.5422,7,-8.3,423.2749,2,89.36,1E4,8,15182,20210624_Trocas8_682_NMCP82_surface_DDA_120min.raw,1,1,415,421,,
26,5393,AM_AGSSY_36261_1,H.VLPILYK.A,Y,33.40,844.5422,7,-8.3,423.2749,2,89.36,1E4,8,15182,20210624_Trocas8_682_NMCP82_surface_DDA_120min.raw,1,1,152,158,,
4,14,AM_AGSSY_4877884_1,VVTIVSPR.S,Y,26.45,869.5334,8,-1.1,435.7735,2,61.04,1.08E7,8,10904,20210624_Trocas8_682_NMCP82_surface_DDA_120min.raw,3,3,1,8,,
8,18,AM_AGSSY_3044494_1,E.VAEVSLPR.V,Y,26.20,869.4970,8,-0.3,435.7556,2,62.50,9.38E4,8,11145,20210624_Trocas8_682_NMCP82_surface_DDA_120min.raw,2,2,43,50,,
27,5394,AM_AGSSY_2626372_1,G.ISSPATTSGPR.R,Y,26.00,1072.5513,11,-0.5,537.2827,2,49.66,1.49E5,8,8970,20210624_Trocas8_682_NMCP82_surface_DDA_120min.raw,1,1,174,184,,
19,1662,AM_AGSSY_1822544_1,H.VVTVSLPR.G,Y,24.81,869.5334,8,0.0,435.7740,2,60.53,8.49E6,8,10812,20210624_Trocas8_682_NMCP82_surface_DDA_120min.raw,1,1,80,87,,
19,109,AM_AGSSY_1680574_1,T.VVTVSLPR.E,Y,24.81,869.5334,8,0.0,435.7740,2,60.53,8.49E6,8,10812,20210624_Trocas8_682_NMCP82_surface_DDA_120min.raw,1,1,241,248,,
19,1663,AM_AGSSY_537075_1,T.VVTVSIPR.V,Y,24.81,869.5334,8,0.0,435.7740,2,60.53,8.49E6,8,10812,20210624_Trocas8_682_NMCP82_surface_DDA_120min.raw,1,1,298,305,,
28,93,AM_AGSSY_2487650_1,T.NNM(+15.99)TQK.K,Y,22.38,750.3331,6,12.4,376.1785,2,71.96,7.3E3,8,12604,20210624_Trocas8_682_NMCP82_surface_DDA_120min.raw,1,1,133,138,Oxidation (M),M3:Oxidation (M):1000.00
28,94,AM_AGSSY_2458673_1,K.NNM(+15.99)TQK.I,Y,22.38,750.3331,6,12.4,376.1785,2,71.96,7.3E3,8,12604,20210624_Trocas8_682_NMCP82_surface_DDA_120min.raw,1,1,187,192,Oxidation (M),M3:Oxidation (M):1000.00
28,100,AM_AGSSY_1786900_1,F.NNM(+15.99)TQK.N,Y,22.38,750.3331,6,12.4,376.1785,2,71.96,7.3E3,8,12604,20210624_Trocas8_682_NMCP82_surface_DDA_120min.raw,1,1,215,220,Oxidation (M),M3:Oxidation (M):1000.00
28,21,AM_AGSSY_1553211_1,L.NNM(+15.99)TQK.A,Y,22.38,750.3331,6,12.4,376.1785,2,71.96,7.3E3,8,12604,20210624_Trocas8_682_NMCP82_surface_DDA_120min.raw,1,1,215,220,Oxidation (M),M3:Oxidation (M):1000.00
12,5424,AM_AGSSY_170686_1,R.LHIVAHIGNGHQ(+.98).Q,Y,21.14,1295.6735,12,0.2,432.8985,3,104.62,3.98E0,8,17713,20210624_Trocas8_682_NMCP82_surface_DDA_120min.raw,1,1,316,327,Deamidation (NQ),Q12:Deamidation (NQ):4.52
16,185,AM_AGSSY_5389380_1,R.HSYIHSHPQKVRAI.K,Y,21.07,1671.8958,14,8.3,558.3105,3,87.22,0,8,14852,20210624_Trocas8_682_NMCP82_surface_DDA_120min.raw,1,1,39,52,,
7,48,AM_AGSSY_3114738_1,D.RPVSLPR.D,Y,21.04,823.5028,7,-14.7,412.7526,2,58.10,1.9E6,8,10401,20210624_Trocas8_682_NMCP82_surface_DDA_120min.raw,2,2,93,99,,
7,49,AM_AGSSY_2395304_1,A.RPVSLPR.A,Y,21.04,823.5028,7,-14.7,412.7526,2,58.10,1.9E6,8,10401,20210624_Trocas8_682_NMCP82_surface_DDA_120min.raw,2,2,193,199,,
7,50,AM_AGSSY_1376267_1,R.RPVSLPR.L,Y,21.04,823.5028,7,-14.7,412.7526,2,58.10,1.9E6,8,10401,20210624_Trocas8_682_NMCP82_surface_DDA_120min.raw,2,2,25,31,,
7,51,AM_AGSSY_1378122_1,R.RPVSLPR.L,Y,21.04,823.5028,7,-14.7,412.7526,2,58.10,1.9E6,8,10401,20210624_Trocas8_682_NMCP82_surface_DDA_120min.raw,2,2,24,30,,
7,52,AM_AGSSY_1142851_1,S.RPVSLPR.V,Y,21.04,823.5028,7,-14.7,412.7526,2,58.10,1.9E6,8,10401,20210624_Trocas8_682_NMCP82_surface_DDA_120min.raw,2,2,139,145,,
7,53,AM_AGSSY_1146785_1,S.RPVSLPR.V,Y,21.04,823.5028,7,-14.7,412.7526,2,58.10,1.9E6,8,10401,20210624_Trocas8_682_NMCP82_surface_DDA_120min.raw,2,2,139,145,,
29,5425,AM_AGSSY_1438855_1,R.IVALAQRHRRYGVGM(+15.99)IYLK.L,Y,19.63,2259.2786,19,-5.4,1130.6405,2,37.54,3.09E3,8,6564,20210624_Trocas8_682_NMCP82_surface_DDA_120min.raw,1,1,51,69,Oxidation (M),M15:Oxidation (M):1000.00
30,5426,AM_AGSSY_667718_1,R.ARFVREIVQAIR.R,Y,18.68,1456.8625,12,-2.5,486.6269,3,113.61,0,8,19151,20210624_Trocas8_682_NMCP82_surface_DDA_120min.raw,1,1,138,149,,
22,5428,AM_AGSSY_325469_1,MTVTEFEKALK.K,Y,18.54,1295.6794,11,-2.8,432.8992,3,112.36,1.87E4,8,18952,20210624_Trocas8_682_NMCP82_surface_DDA_120min.raw,1,1,1,11,,
11,4846,AM_AGSSY_4526595_1,K.RGELPPITEER.K,Y,18.17,1295.6833,11,-5.9,432.8992,3,97.36,9.11E3,8,16496,20210624_Trocas8_682_NMCP82_surface_DDA_120min.raw,1,1,8,18,,
14,5395,AM_AGSSY_1010508_1,E.ATPRLVR.A,Y,17.97,811.5028,7,13.5,406.7642,2,100.79,6.41E2,8,17084,20210624_Trocas8_682_NMCP82_surface_DDA_120min.raw,1,1,268,274,,
14,5398,AM_AGSSY_8667_1,G.ATPRLVR.N,Y,17.97,811.5028,7,13.5,406.7642,2,100.79,6.41E2,8,17084,20210624_Trocas8_682_NMCP82_surface_DDA_120min.raw,1,1,595,601,,
14,5430,AM_AGSSY_6022304_1,A.ATPRLVR.T,Y,17.97,811.5028,7,13.5,406.7642,2,100.79,6.41E2,8,17084,20210624_Trocas8_682_NMCP82_surface_DDA_120min.raw,1,1,9,15,,
14,5431,AM_AGSSY_5840814_1,N.ATPRIVR.I,Y,17.97,811.5028,7,13.5,406.7642,2,100.79,6.41E2,8,17084,20210624_Trocas8_682_NMCP82_surface_DDA_120min.raw,1,1,49,55,,
14,5434,AM_AGSSY_3479061_1,A.ATPRIVR.I,Y,17.97,811.5028,7,13.5,406.7642,2,100.79,6.41E2,8,17084,20210624_Trocas8_682_NMCP82_surface_DDA_120min.raw,1,1,6,12,,
14,5435,AM_AGSSY_1432353_1,L.ATPRIVR.W,Y,17.97,811.5028,7,13.5,406.7642,2,100.79,6.41E2,8,17084,20210624_Trocas8_682_NMCP82_surface_DDA_120min.raw,1,1,166,172,,
14,5437,AM_AGSSY_1240808_1,G.ATPRIVR.S,Y,17.97,811.5028,7,13.5,406.7642,2,100.79,6.41E2,8,17084,20210624_Trocas8_682_NMCP82_surface_DDA_120min.raw,1,1,162,168,,
14,5439,AM_AGSSY_661693_1,T.ATPRIVR.R,Y,17.97,811.5028,7,13.5,406.7642,2,100.79,6.41E2,8,17084,20210624_Trocas8_682_NMCP82_surface_DDA_120min.raw,1,1,267,273,,
14,5442,AM_AGSSY_375724_1,S.ATPRIVR.W,Y,17.97,811.5028,7,13.5,406.7642,2,100.79,6.41E2,8,17084,20210624_Trocas8_682_NMCP82_surface_DDA_120min.raw,1,1,16,22,,
14,5444,AM_AGSSY_343739_1,S.ATPRLVR.R,Y,17.97,811.5028,7,13.5,406.7642,2,100.79,6.41E2,8,17084,20210624_Trocas8_682_NMCP82_surface_DDA_120min.raw,1,1,193,199,,
14,5448,AM_AGSSY_185319_1,R.ATPRIVR.A,Y,17.97,811.5028,7,13.5,406.7642,2,100.79,6.41E2,8,17084,20210624_Trocas8_682_NMCP82_surface_DDA_120min.raw,1,1,418,424,,
33,5432,AM_AGSSY_2144288_1,L.GALLAATTLEAAGDSK.S,Y,17.84,1487.7831,16,8.1,496.9390,3,73.47,2.77E4,8,12833,20210624_Trocas8_682_NMCP82_surface_DDA_120min.raw,1,1,93,108,,
23,5438,AM_AGSSY_2186299_1,K.RIPQLLKM(+15.99)LAEN.G,Y,17.36,1440.8123,12,11.6,721.4218,2,106.45,1.01E4,8,18033,20210624_Trocas8_682_NMCP82_surface_DDA_120min.raw,1,1,39,50,Oxidation (M),M8:Oxidation (M):1000.00
36,5440,AM_AGSSY_4106508_1,G.ALHKGVIYI.E,Y,17.23,1012.6069,9,10.8,507.3162,2,128.79,0,8,21428,20210624_Trocas8_682_NMCP82_surface_DDA_120min.raw,1,1,41,49,,
20,5396,AM_AGSSY_4800263_1,R.LGFLVAEGVR.V,Y,17.19,1059.6077,10,-4.2,530.8089,2,91.58,5.55E3,8,15534,20210624_Trocas8_682_NMCP82_surface_DDA_120min.raw,1,1,46,55,,
39,5445,AM_AGSSY_1025046_1,K.GQTLSGVALK.Y,Y,17.08,972.5604,10,11.3,487.2930,2,92.67,6.03E4,8,15710,20210624_Trocas8_682_NMCP82_surface_DDA_120min.raw,1,1,63,72,,
42,5447,AM_AGSSY_127413_1,K.GFEVSIRPAR.L,Y,16.99,1130.6196,10,7.6,566.3214,2,95.65,9.93E3,8,16189,20210624_Trocas8_682_NMCP82_surface_DDA_120min.raw,1,1,355,364,,
41,3613,AM_AGSSY_1602912_1,K.IPHPTDNSSVITNIQ(+.98)QLEK.A,Y,16.99,2134.0906,19,-10.8,1068.0410,2,42.53,2.87E3,8,7618,20210624_Trocas8_682_NMCP82_surface_DDA_120min.raw,1,1,101,119,Deamidation (NQ),Q15:Deamidation (NQ):0.00
43,5449,AM_AGSSY_1007483_1,H.LSALRQAAR.K,Y,16.75,984.5828,9,-11.2,493.2932,2,95.66,5.57E2,8,16197,20210624_Trocas8_682_NMCP82_surface_DDA_120min.raw,1,1,296,304,,
9,5452,AM_AGSSY_4294086_1,M.LPPKYVR.A,Y,16.67,871.5280,7,7.5,436.7745,2,91.78,9.34E4,8,15567,20210624_Trocas8_682_NMCP82_surface_DDA_120min.raw,2,2,104,110,,
5,80,AM_AGSSY_740826_1,K.GAILVLTFDGK.G,Y,16.66,1132.6492,11,-4.0,567.3296,2,93.91,9.27E4,8,15901,20210624_Trocas8_682_NMCP82_surface_DDA_120min.raw,2,2,323,333,,
44,5450,AM_AGSSY_3852765_1,R.GTGPLRQPPIK.E,Y,16.49,1162.6823,11,8.4,582.3533,2,107.32,2.15E4,8,18187,20210624_Trocas8_682_NMCP82_surface_DDA_120min.raw,1,1,115,125,,
45,5453,AM_AGSSY_4014768_1,V.AILLINLYK.D,Y,16.46,1059.6692,9,7.6,530.8459,2,127.34,0,8,21215,20210624_Trocas8_682_NMCP82_surface_DDA_120min.raw,1,1,15,23,,
17,5454,AM_AGSSY_120073_1,K.LTDIRPIQ(+.98)IK.A,Y,16.42,1196.7129,10,-3.3,599.3618,2,99.45,3.24E2,8,16847,20210624_Trocas8_682_NMCP82_surface_DDA_120min.raw,1,1,612,621,Deamidation (NQ),Q8:Deamidation (NQ):1000.00
50,5461,AM_AGSSY_2892335_1,R.ELRALHGLVR.A,Y,16.02,1162.6935,10,-1.6,582.3531,2,106.82,1.39E4,8,18100,20210624_Trocas8_682_NMCP82_surface_DDA_120min.raw,1,1,62,71,,
53,5464,AM_AGSSY_724015_1,K.EVFEQVIDPIKIN(+.98)K.T,Y,15.62,1671.9083,14,1.4,558.3109,3,93.41,2.57E2,8,15824,20210624_Trocas8_682_NMCP82_surface_DDA_120min.raw,1,1,89,102,Deamidation (NQ),N13:Deamidation (NQ):10.87
13,5465,AM_AGSSY_5502252_1,Q.ATIFPFWISSK.L,Y,15.55,1295.6914,11,-10.6,432.8998,3,92.53,1.59E2,8,15690,20210624_Trocas8_682_NMCP82_surface_DDA_120min.raw,1,1,28,38,,
54,5466,AM_AGSSY_3251851_1,R.GGSKTQ(+.98)KKYVK.S,Y,15.52,1223.6874,11,12.5,408.9082,3,126.10,0,8,21031,20210624_Trocas8_682_NMCP82_surface_DDA_120min.raw,1,1,7,17,Deamidation (NQ),Q6:Deamidation (NQ):1000.00
55,5467,AM_AGSSY_1221244_1,K.Q(+.98)PEVVAELESQASTPVGNTTAQFR.A,Y,15.42,2559.2451,24,5.9,1280.6373,2,49.50,0,8,8930,20210624_Trocas8_682_NMCP82_surface_DDA_120min.raw,1,1,264,287,Deamidation (NQ),Q1:Deamidation (NQ):29.98
21,5397,AM_AGSSY_1581719_1,S.LPLAAFTG.V,Y,15.33,788.4432,8,-7.2,395.2260,2,86.53,1.24E4,8,14747,20210624_Trocas8_682_NMCP82_surface_DDA_120min.raw,1,1,107,114,,
