Peptide,-10lgP,Mass,Length,ppm,m/z,RT,Area Trocas7-303-Bay,Fraction,Scan,Source File,#Spec,#Spec Trocas7-303-Bay,Accession,PTM,AScore
SC(+57.02)AAAGTEC(+57.02)LISGWGNTK,88.75,1881.8350,18,1.6,941.9263,92.88,5.88E6,81,16351,20210411_Trocas7_666_Bay303_DDA_120min_1.raw,4,4,,Carbamidomethylation,C2:Carbamidomethylation:1000.00;C9:Carbamidomethylation:1000.00
SGGGGGGGLGSGGSIR,78.64,1231.5905,16,1.5,616.8034,39.36,5.32E5,81,6746,20210411_Trocas7_666_Bay303_DDA_120min_1.raw,1,1,,,
LGEHNIDVLEGNEQFINAAK,76.38,2210.0967,20,1.3,737.7071,96.63,3.33E6,81,17313,20210411_Trocas7_666_Bay303_DDA_120min_1.raw,4,4,,,
SSGSSYPSLLQC(+57.02)LK,71.01,1525.7446,14,1.1,763.8804,101.46,3.79E5,81,18472,20210411_Trocas7_666_Bay303_DDA_120min_1.raw,3,3,,Carbamidomethylation,C12:Carbamidomethylation:1000.00
RHPYFYAPELLFFAKR,69.02,2054.0889,16,2.1,514.5306,131.89,4.79E4,81,25155,20210411_Trocas7_666_Bay303_DDA_120min_1.raw,1,1,,,
LGEHNIDVLEGN(+.98)EQFINAAK,62.21,2211.0808,20,10.5,1106.5593,95.27,0,81,16941,20210411_Trocas7_666_Bay303_DDA_120min_1.raw,1,1,,Deamidation (NQ),N12:Deamidation (NQ):16.91
APVLSDSSC(+57.02)K,55.71,1062.5016,10,1.2,532.2587,35.71,7.86E4,81,6008,20210411_Trocas7_666_Bay303_DDA_120min_1.raw,1,1,,Carbamidomethylation,C9:Carbamidomethylation:1000.00
FSSC(+57.02)GGGGGSFGAGGGFGSR,53.19,1764.7274,20,2.5,883.3732,70.82,1.15E5,81,12725,20210411_Trocas7_666_Bay303_DDA_120min_1.raw,2,2,,Carbamidomethylation,C4:Carbamidomethylation:1000.00
LGEHNIDVLEGNEQFIN,51.36,1939.9275,17,3.0,970.9739,99.16,0,81,17899,20210411_Trocas7_666_Bay303_DDA_120min_1.raw,1,1,,,
RHPYFYAPELLFFAK,50.64,1897.9878,15,2.2,633.6713,130.29,1.81E5,81,24901,20210411_Trocas7_666_Bay303_DDA_120min_1.raw,8,8,,,
SGYRSGGGFSSGSAGIINYQR,50.47,2120.0034,21,1.6,707.6762,73.52,5.88E4,81,13153,20210411_Trocas7_666_Bay303_DDA_120min_1.raw,1,1,,,
AAFGGSGGRGSSSGGGYSSGSSSYGSGGR,49.66,2500.0598,29,1.4,834.3617,44.88,2.52E4,81,7854,20210411_Trocas7_666_Bay303_DDA_120min_1.raw,1,1,,,
LSSPATLNSR,48.62,1044.5564,10,3.7,523.2874,47.03,6.24E7,81,8246,20210411_Trocas7_666_Bay303_DDA_120min_1.raw,2,2,,,
SGGGFSSGSAGIINYQR,48.60,1656.7855,17,2.8,829.4023,76.22,6.81E4,81,13573,20210411_Trocas7_666_Bay303_DDA_120min_1.raw,1,1,,,
QFSSSYLSR,46.23,1073.5142,9,1.2,537.7650,64.23,2.26E5,81,11634,20210411_Trocas7_666_Bay303_DDA_120min_1.raw,1,1,,,
SRSGGGGGGGLGSGGSIR,45.89,1474.7236,18,1.3,492.5825,34.26,1.12E6,81,5728,20210411_Trocas7_666_Bay303_DDA_120min_1.raw,2,2,,,
FSSSSGYGGGSSR,45.60,1234.5214,13,2.3,618.2693,33.05,4.97E4,81,5511,20210411_Trocas7_666_Bay303_DDA_120min_1.raw,1,1,,,
GGSGGSYGGGGSGGGYGGGSGSR,45.46,1790.7203,23,3.0,597.9158,30.80,1.74E5,81,5109,20210411_Trocas7_666_Bay303_DDA_120min_1.raw,2,2,,,
LGEHNIDVLEGNEQ,44.86,1565.7322,14,2.2,783.8751,75.65,6E5,81,13485,20210411_Trocas7_666_Bay303_DDA_120min_1.raw,2,2,,,
SLVNLGGSK,44.33,873.4919,9,0.6,437.7535,61.01,8.13E5,81,11043,20210411_Trocas7_666_Bay303_DDA_120min_1.raw,1,1,,,
GSGGGSSGGSIGGRGSSSGGVK,43.79,1750.8193,22,1.7,584.6147,22.40,8.05E4,81,3610,20210411_Trocas7_666_Bay303_DDA_120min_1.raw,1,1,,,
SRSGGGGGGGLGSGGSIRSSY,41.61,1811.8510,21,1.6,604.9586,52.33,1.34E5,81,9388,20210411_Trocas7_666_Bay303_DDA_120min_1.raw,1,1,,,
IVGGYTC(+57.02)AANSIPYQVSLNSG,39.15,2170.0364,21,1.2,1086.0267,99.82,1.05E6,81,18083,20210411_Trocas7_666_Bay303_DDA_120min_1.raw,2,2,,Carbamidomethylation,C7:Carbamidomethylation:1000.00
IITHPNFNGNTLDND,38.33,1683.7853,15,1.7,842.9014,73.42,1.69E5,81,13135,20210411_Trocas7_666_Bay303_DDA_120min_1.raw,1,1,,,
SSSKGSLGGGFSSGGFSGGSFSR,37.67,2095.9558,23,0.0,699.6592,80.02,8.28E4,81,14162,20210411_Trocas7_666_Bay303_DDA_120min_1.raw,1,1,,,
IVGGYTC(+57.02)AAN,34.71,1024.4647,10,1.8,513.2405,47.87,1.09E6,81,8427,20210411_Trocas7_666_Bay303_DDA_120min_1.raw,1,1,,Carbamidomethylation,C7:Carbamidomethylation:1000.00
IPLLSTTK,34.58,871.5378,8,-2.5,436.7751,95.31,5.17E5,81,16951,20210411_Trocas7_666_Bay303_DDA_120min_1.raw,3,3,KNOT_4594749_PROKKA_309394,,
REQFSSR,33.28,908.4464,7,1.0,455.2310,30.48,3.46E5,81,5051,20210411_Trocas7_666_Bay303_DDA_120min_1.raw,1,1,KNOT_22093062_PROKKA_722722,,
AQ(+.98)YEEIAQ(+.98)R,32.67,1108.5037,9,1.2,555.2598,53.70,2.95E4,81,9656,20210411_Trocas7_666_Bay303_DDA_120min_1.raw,1,1,,Deamidation (NQ),Q2:Deamidation (NQ):1000.00;Q8:Deamidation (NQ):1000.00
VATVSLPR,31.61,841.5021,8,2.2,421.7593,60.28,1.23E8,81,10909,20210411_Trocas7_666_Bay303_DDA_120min_1.raw,5,5,,,
TLLEGEESR,31.18,1032.5087,9,1.2,517.2622,49.11,4.36E4,81,8734,20210411_Trocas7_666_Bay303_DDA_120min_1.raw,1,1,,,
SISISVAR,30.96,831.4814,8,2.4,416.7490,61.16,8.47E5,81,11072,20210411_Trocas7_666_Bay303_DDA_120min_1.raw,1,1,,,
IITHPNFNGNTLD,30.48,1454.7153,13,1.2,728.3658,75.83,1.03E5,81,13514,20210411_Trocas7_666_Bay303_DDA_120min_1.raw,1,1,,,
KVPQVSTPTLVEVSR,30.36,1638.9304,15,0.5,547.3177,131.71,5.5E4,81,25124,20210411_Trocas7_666_Bay303_DDA_120min_1.raw,2,2,,,
LGEHNIDVLEGNEQFIN(+.98),29.99,1940.9115,17,11.4,647.9852,99.08,0,81,17884,20210411_Trocas7_666_Bay303_DDA_120min_1.raw,1,1,,Deamidation (NQ),N17:Deamidation (NQ):12.33
GGGGGGGLGSGGSIR,29.13,1144.5585,15,2.8,573.2881,39.19,9.98E4,81,6716,20210411_Trocas7_666_Bay303_DDA_120min_1.raw,1,1,,,
GSLGGGFSSGGFSGGSFSR,28.34,1706.7648,19,1.3,854.3908,88.58,4.6E4,81,15552,20210411_Trocas7_666_Bay303_DDA_120min_1.raw,1,1,,,
STM(+15.99)Q(+.98)ELN(+.98)SR,28.26,1082.4550,9,1.6,542.2356,30.84,5.62E4,81,5115,20210411_Trocas7_666_Bay303_DDA_120min_1.raw,1,1,,Oxidation (M); Deamidation (NQ),M3:Oxidation (M):1000.00;Q4:Deamidation (NQ):1000.00;N7:Deamidation (NQ):1000.00
VAEVSLPR,28.02,869.4970,8,1.4,435.7564,66.29,6.47E5,81,11997,20210411_Trocas7_666_Bay303_DDA_120min_1.raw,2,2,KNOT_11443525_PROKKA_534238,,
FQNALLVR,28.00,959.5552,8,1.1,480.7854,131.85,7.65E4,81,25149,20210411_Trocas7_666_Bay303_DDA_120min_1.raw,1,1,,,
FQNALIVR,28.00,959.5552,8,1.1,480.7854,131.85,7.65E4,81,25149,20210411_Trocas7_666_Bay303_DDA_120min_1.raw,1,1,,,
STM(+15.99)Q(+.98)ELNSR,27.23,1081.4709,9,1.7,541.7437,27.24,2.05E4,81,4508,20210411_Trocas7_666_Bay303_DDA_120min_1.raw,1,1,,Oxidation (M); Deamidation (NQ),M3:Oxidation (M):1000.00;Q4:Deamidation (NQ):38.16
AVM(+15.99)DDFAAFVEK,27.18,1357.6223,12,0.2,679.8185,139.32,3.31E4,81,26514,20210411_Trocas7_666_Bay303_DDA_120min_1.raw,2,2,,Oxidation (M),M3:Oxidation (M):1000.00
SLVN(+.98)LGGSK,27.16,874.4760,9,0.0,438.2452,63.77,5.09E4,81,11547,20210411_Trocas7_666_Bay303_DDA_120min_1.raw,2,2,,Deamidation (NQ),N4:Deamidation (NQ):1000.00
VVTVTVPR,27.03,869.5334,8,0.9,435.7744,63.25,9.61E7,81,11453,20210411_Trocas7_666_Bay303_DDA_120min_1.raw,4,4,GROUPS_9140978_PROKKA_212107,,
FGIAISSLLEK,26.42,1176.6754,11,-2.6,589.3434,96.58,3.31E5,81,17301,20210411_Trocas7_666_Bay303_DDA_120min_1.raw,2,2,GROUPS_15462140_PROKKA_684432,,
RHGDSTGPLK,25.95,1066.5519,10,-11.7,534.2770,46.91,1.82E5,81,8218,20210411_Trocas7_666_Bay303_DDA_120min_1.raw,1,1,GROUPS_9013476_PROKKA_204595,,
YLYEIAR,25.95,926.4861,7,-1.5,464.2496,131.72,2.9E5,81,25126,20210411_Trocas7_666_Bay303_DDA_120min_1.raw,4,4,,,
YLYELAR,25.95,926.4861,7,-1.5,464.2496,131.72,2.9E5,81,25126,20210411_Trocas7_666_Bay303_DDA_120min_1.raw,4,4,,,
LSGTSAAQR,25.05,889.4617,9,6.4,445.7410,49.43,2.43E5,81,8803,20210411_Trocas7_666_Bay303_DDA_120min_1.raw,1,1,KNOT_3341672_PROKKA_231719,,
NPAILVFR,24.93,928.5494,8,-3.0,465.2806,93.25,5.16E4,81,16440,20210411_Trocas7_666_Bay303_DDA_120min_1.raw,1,1,GROUPS_13952032_PROKKA_576492:KNOT_13393004_PROKKA_581521:KNOT_10346772_PROKKA_501784,,
TLEEIGNSK,24.91,989.5029,9,-10.3,495.7536,52.41,1.62E4,81,9403,20210411_Trocas7_666_Bay303_DDA_120min_1.raw,1,1,KNOT_5198872_PROKKA_326633,,
LVAASQAALGL,24.59,1012.5917,11,0.7,507.3035,90.66,4.25E4,81,15931,20210411_Trocas7_666_Bay303_DDA_120min_1.raw,1,1,,,
LATVSLPR,23.91,855.5178,8,0.3,428.7663,61.51,3.64E7,81,11133,20210411_Trocas7_666_Bay303_DDA_120min_1.raw,4,4,KNOT_5879241_PROKKA_348517,,
MHQRPTLQTGK,23.64,1295.6769,11,1.8,432.9003,94.31,1.24E6,81,16726,20210411_Trocas7_666_Bay303_DDA_120min_1.raw,17,17,GROUPS_12124742_PROKKA_433805,,
NILVVPK,23.35,781.5062,7,-0.9,391.7600,113.25,6.28E3,81,21206,20210411_Trocas7_666_Bay303_DDA_120min_1.raw,1,1,KNOT_30712944_PROKKA_810316:GROUPS_6963185_PROKKA_105855:KNOT_259946_PROKKA_16854:KNOT_2259809_PROKKA_153605,,
NLLVVPK,23.35,781.5062,7,-0.9,391.7600,113.25,6.28E3,81,21206,20210411_Trocas7_666_Bay303_DDA_120min_1.raw,1,1,GROUPS_12900728_PROKKA_509513,,
LGEHNID,23.06,796.3715,7,1.5,399.1936,33.57,3.7E5,81,5603,20210411_Trocas7_666_Bay303_DDA_120min_1.raw,1,1,,,
SC(+57.02)AAAGTEC(+57.02)LISGWGN,22.83,1652.6923,16,1.1,827.3543,100.11,3.59E5,81,18136,20210411_Trocas7_666_Bay303_DDA_120min_1.raw,1,1,,Carbamidomethylation,C2:Carbamidomethylation:1000.00;C9:Carbamidomethylation:1000.00
NGKVLHLHHLK,22.48,1294.7622,11,5.7,648.3921,114.83,3.22E4,81,21577,20210411_Trocas7_666_Bay303_DDA_120min_1.raw,1,1,KNOT_1355959_PROKKA_88997,,
M(+15.99)TPEEAQK,22.48,948.4222,8,10.1,475.2232,89.07,3.23E4,81,15641,20210411_Trocas7_666_Bay303_DDA_120min_1.raw,1,1,KNOT_31446370_PROKKA_827297,Oxidation (M),M1:Oxidation (M):1000.00
SC(+57.02)AAAGTEC(+57.02)LISGWGN(+.98)TK,22.17,1882.8190,18,2.3,942.4189,96.29,4.96E4,81,17231,20210411_Trocas7_666_Bay303_DDA_120min_1.raw,2,2,,Carbamidomethylation; Deamidation (NQ),C2:Carbamidomethylation:1000.00;C9:Carbamidomethylation:1000.00;N16:Deamidation (NQ):1000.00
TAFKSLKT,21.16,894.5175,8,-13.1,448.2602,94.93,4.04E5,81,16868,20210411_Trocas7_666_Bay303_DDA_120min_1.raw,1,1,KNOT_5581118_PROKKA_338676,,
HQ(+.98)LFVYRDLWR,20.89,1532.7888,11,-1.4,767.4006,109.99,0,81,20394,20210411_Trocas7_666_Bay303_DDA_120min_1.raw,1,1,KNOT_2905070_PROKKA_200544,Deamidation (NQ),Q2:Deamidation (NQ):1000.00
SRIQVR,20.89,757.4559,6,0.5,379.7354,23.09,8.19E4,81,3718,20210411_Trocas7_666_Bay303_DDA_120min_1.raw,1,1,,,
EFHPGAIR,20.86,925.4769,8,5.4,463.7482,87.99,1.56E6,81,15452,20210411_Trocas7_666_Bay303_DDA_120min_1.raw,9,9,KNOT_6855810_PROKKA_384782,,
AKNGPFSSK,20.78,934.4872,9,10.5,468.2558,100.60,1.01E4,81,18280,20210411_Trocas7_666_Bay303_DDA_120min_1.raw,1,1,GROUPS_7090835_PROKKA_113142,,
VHSIADTIK,20.77,982.5447,9,1.9,492.2806,99.20,0,81,17915,20210411_Trocas7_666_Bay303_DDA_120min_1.raw,1,1,GROUPS_13937284_PROKKA_573424,,
ATSVPFQHHFGSKSSR,20.76,1771.8754,16,9.6,886.9535,110.29,0,81,20491,20210411_Trocas7_666_Bay303_DDA_120min_1.raw,1,1,KNOT_3961628_PROKKA_273495,,
SSPATLNSR,20.67,931.4723,9,1.6,466.7442,27.75,1.07E5,81,4591,20210411_Trocas7_666_Bay303_DDA_120min_1.raw,1,1,,,
LITVDRNTQTLGHR,20.11,1622.8853,14,-8.2,812.4432,141.00,2.28E3,81,26902,20210411_Trocas7_666_Bay303_DDA_120min_1.raw,1,1,GROUPS_9112677_PROKKA_210254,,
AKFLAKIK,20.11,917.6062,8,3.8,459.8121,137.06,8.44E2,81,26155,20210411_Trocas7_666_Bay303_DDA_120min_1.raw,1,1,GROUPS_13401951_PROKKA_538426,,
GDTEFTLHEN(+.98)ESTYIAAGTVHR,19.78,2448.1194,22,-10.6,817.0385,114.71,0,81,21555,20210411_Trocas7_666_Bay303_DDA_120min_1.raw,1,1,,Deamidation (NQ),N10:Deamidation (NQ):1000.00
LVTDLTK,19.76,788.4644,7,1.6,395.2401,47.53,2.28E4,81,8360,20210411_Trocas7_666_Bay303_DDA_120min_1.raw,1,1,,,
IITHPNFNGN(+.98)TLDNDIM(+15.99)LIK,19.20,2299.1519,20,9.0,767.3981,104.51,0,81,19112,20210411_Trocas7_666_Bay303_DDA_120min_1.raw,1,1,,Deamidation (NQ); Oxidation (M),N10:Deamidation (NQ):0.00;M17:Oxidation (M):1000.00
HSQ(+.98)LVKASEAVVK,18.75,1395.7721,13,0.9,466.2651,103.92,6.22E3,81,18991,20210411_Trocas7_666_Bay303_DDA_120min_1.raw,1,1,,Deamidation (NQ),Q3:Deamidation (NQ):1000.00
ITVN(+.98)GVDLK,18.73,958.5335,9,13.0,480.2802,52.75,1.64E4,81,9468,20210411_Trocas7_666_Bay303_DDA_120min_1.raw,1,1,,Deamidation (NQ),N4:Deamidation (NQ):1000.00
LGEHNIDVL,18.67,1008.5240,9,0.8,505.2697,81.36,9.22E5,81,14369,20210411_Trocas7_666_Bay303_DDA_120min_1.raw,1,1,,,
SGGGGGRFSSC(+57.02)GG,18.42,1141.4570,13,1.7,571.7368,27.56,1.4E4,81,4562,20210411_Trocas7_666_Bay303_DDA_120min_1.raw,1,1,,Carbamidomethylation,C11:Carbamidomethylation:1000.00
GAAEKIAPRLQK,18.40,1280.7563,12,3.8,641.3879,121.84,4.38E3,81,23107,20210411_Trocas7_666_Bay303_DDA_120min_1.raw,2,2,,,
IVGGYTC(+57.02)GANTVPYQVSLNSG,18.37,2156.0208,21,0.6,1079.0183,93.85,1.43E5,81,16583,20210411_Trocas7_666_Bay303_DDA_120min_1.raw,1,1,,Carbamidomethylation,C7:Carbamidomethylation:1000.00
TEATKLSAIK,18.26,1060.6128,10,9.9,531.3189,113.40,2.49E2,81,21243,20210411_Trocas7_666_Bay303_DDA_120min_1.raw,1,1,,,
VARLLYASGR,18.15,1104.6404,10,10.3,553.3331,100.99,1.05E5,81,18380,20210411_Trocas7_666_Bay303_DDA_120min_1.raw,2,2,,,
LLVLAGAGSGK,18.15,984.5967,11,13.3,493.3122,118.29,4.11E3,81,22360,20210411_Trocas7_666_Bay303_DDA_120min_1.raw,1,1,,,
TSSNATTNYFVYKN(+.98)N(+.98)GK,18.00,1909.8694,17,0.4,955.9424,93.63,1.37E7,81,16540,20210411_Trocas7_666_Bay303_DDA_120min_1.raw,1,1,,Deamidation (NQ),N14:Deamidation (NQ):9.45;N15:Deamidation (NQ):21.15
EFSVNTIRFIDDTFTINR,17.80,2187.0959,18,-12.6,1094.5415,99.46,1.03E4,81,18000,20210411_Trocas7_666_Bay303_DDA_120min_1.raw,1,1,,,
YIKPSTLLDK,17.66,1176.6754,10,-2.6,589.3434,100.62,8.04E3,81,18297,20210411_Trocas7_666_Bay303_DDA_120min_1.raw,1,1,,,
PVTVSLPR,17.62,867.5178,8,1.4,434.7668,82.93,4.34E4,81,14618,20210411_Trocas7_666_Bay303_DDA_120min_1.raw,1,1,,,
AQ(+.98)PEQNAGKDK,17.59,1185.5625,11,3.5,593.7906,83.06,2.1E4,81,14639,20210411_Trocas7_666_Bay303_DDA_120min_1.raw,1,1,,Deamidation (NQ),Q2:Deamidation (NQ):28.36
TIIDLALK,17.38,885.5535,8,-2.2,443.7831,105.27,5.2E4,81,19255,20210411_Trocas7_666_Bay303_DDA_120min_1.raw,1,1,,,
VLGVYVREK,17.25,1061.6233,9,0.2,531.8190,106.93,2.5E5,81,19645,20210411_Trocas7_666_Bay303_DDA_120min_1.raw,1,1,,,
HLIVRSLLQ(+.98)GT,17.14,1236.7190,11,8.3,619.3719,107.38,3.1E4,81,19783,20210411_Trocas7_666_Bay303_DDA_120min_1.raw,1,1,,Deamidation (NQ),Q9:Deamidation (NQ):1000.00
GSGGGSSGGSIGGRGSSSGGVKSSGGSS,16.98,2212.9905,28,1.5,738.6719,22.12,1.63E4,81,3565,20210411_Trocas7_666_Bay303_DDA_120min_1.raw,1,1,,,
VPRSLPR,16.75,823.5028,7,-12.2,412.7537,61.56,4.76E6,81,11144,20210411_Trocas7_666_Bay303_DDA_120min_1.raw,2,2,,,
Q(+.98)ALWIK,16.69,758.4327,6,-3.7,380.2222,22.35,3.24E3,81,3602,20210411_Trocas7_666_Bay303_DDA_120min_1.raw,1,1,,Deamidation (NQ),Q1:Deamidation (NQ):1000.00
SSSSGSVGESSSKGP,16.60,1338.5898,15,1.6,670.3033,22.46,1E4,81,3619,20210411_Trocas7_666_Bay303_DDA_120min_1.raw,1,1,,,
KHVVFLGK,16.52,926.5701,8,-3.1,464.2909,113.87,1.92E5,81,21345,20210411_Trocas7_666_Bay303_DDA_120min_1.raw,1,1,,,
GN(+.98)SYTVTGVGLDKADQ(+.98)IIYR,16.49,2171.0745,20,-11.6,724.6904,94.30,3.51E3,81,16716,20210411_Trocas7_666_Bay303_DDA_120min_1.raw,1,1,,Deamidation (NQ),N2:Deamidation (NQ):1000.00;Q16:Deamidation (NQ):1000.00
DQ(+.98)NYEWMVWGTDYLK,16.34,1947.8348,15,-10.0,650.2791,93.86,1.94E5,81,16585,20210411_Trocas7_666_Bay303_DDA_120min_1.raw,1,1,,Deamidation (NQ),Q2:Deamidation (NQ):0.00
GKTATLVVK,16.34,915.5753,9,-14.7,458.7882,96.08,2.51E4,81,17168,20210411_Trocas7_666_Bay303_DDA_120min_1.raw,1,1,,,
TPAPLLVLH,16.28,959.5804,9,8.8,480.8017,98.47,6.45E4,81,17748,20210411_Trocas7_666_Bay303_DDA_120min_1.raw,1,1,,,
KPLLLAFLTL,16.27,1127.7318,10,7.3,564.8773,131.91,6.47E4,81,25164,20210411_Trocas7_666_Bay303_DDA_120min_1.raw,1,1,,,
GIRNKKSK,16.27,929.5770,8,1.9,465.7967,107.43,1.68E4,81,19793,20210411_Trocas7_666_Bay303_DDA_120min_1.raw,1,1,,,
KKKHVLYK,16.26,1042.6650,8,-14.0,522.3325,130.99,5.31E4,81,25011,20210411_Trocas7_666_Bay303_DDA_120min_1.raw,1,1,,,
ETSDKLSGWGKDK,16.15,1449.7100,13,-10.7,725.8545,87.69,3.1E4,81,15403,20210411_Trocas7_666_Bay303_DDA_120min_1.raw,1,1,,,
KPGVYTV,15.98,762.4276,7,-2.4,382.2201,86.55,1.37E5,81,15206,20210411_Trocas7_666_Bay303_DDA_120min_1.raw,1,1,,,
HKVIESDK,15.95,954.5134,8,3.9,478.2658,93.87,7.49E4,81,16590,20210411_Trocas7_666_Bay303_DDA_120min_1.raw,1,1,,,
NLYQTQASFN(+.98)QTQENK,15.91,1913.8755,16,-5.4,638.9623,87.88,1.79E6,81,15432,20210411_Trocas7_666_Bay303_DDA_120min_1.raw,1,1,,Deamidation (NQ),N10:Deamidation (NQ):0.00
ISSTIDSR,15.77,877.4505,8,1.7,439.7333,38.38,3.06E4,81,6572,20210411_Trocas7_666_Bay303_DDA_120min_1.raw,1,1,,,
LPALLASK,15.77,811.5167,8,-1.8,406.7649,107.85,1.69E4,81,19879,20210411_Trocas7_666_Bay303_DDA_120min_1.raw,1,1,GROUPS_13937284_PROKKA_573424,,
IPALLASK,15.77,811.5167,8,-1.8,406.7649,107.85,1.69E4,81,19879,20210411_Trocas7_666_Bay303_DDA_120min_1.raw,1,1,,,
SYIPGVK,15.76,762.4276,7,-11.3,382.2167,85.18,5.12E4,81,14972,20210411_Trocas7_666_Bay303_DDA_120min_1.raw,1,1,,,
NKVTGQNLK,15.74,1000.5665,9,2.5,501.2918,92.47,7.64E3,81,16264,20210411_Trocas7_666_Bay303_DDA_120min_1.raw,1,1,,,
APTIILKAK,15.73,953.6273,9,-10.3,477.8160,109.25,6.32E3,81,20201,20210411_Trocas7_666_Bay303_DDA_120min_1.raw,1,1,,,
AVEGLGSAVVQVLK,15.73,1368.7976,14,8.3,685.4117,112.07,4.96E3,81,20925,20210411_Trocas7_666_Bay303_DDA_120min_1.raw,1,1,,,
VGYLKER,15.64,863.4865,7,-2.3,432.7495,61.05,2.78E5,81,11051,20210411_Trocas7_666_Bay303_DDA_120min_1.raw,1,1,,,
ATLSPGM(+15.99)EQ(+.98)DLHDIIR,15.62,1811.8723,16,3.3,906.9464,124.11,0,81,23650,20210411_Trocas7_666_Bay303_DDA_120min_1.raw,1,1,,Oxidation (M); Deamidation (NQ),M7:Oxidation (M):1000.00;Q9:Deamidation (NQ):1000.00
ATALALVPPGIEK,15.61,1278.7546,13,-5.2,640.3813,124.10,5.86E3,81,23636,20210411_Trocas7_666_Bay303_DDA_120min_1.raw,1,1,,,
LHAVGLTTLTR,15.55,1180.6927,11,8.9,591.3589,141.37,0,81,26985,20210411_Trocas7_666_Bay303_DDA_120min_1.raw,1,1,,,
IYFIVRNTLI,15.53,1250.7386,10,8.9,626.3821,115.50,0,81,21722,20210411_Trocas7_666_Bay303_DDA_120min_1.raw,1,1,,,
M(+15.99)SKGDLKDLVGVM(+15.99)GPVMAN(+.98)AK,15.42,2193.0842,21,5.4,732.0393,110.28,1.22E4,81,20481,20210411_Trocas7_666_Bay303_DDA_120min_1.raw,1,1,,Oxidation (M); Deamidation (NQ),M1:Oxidation (M):13.91;M13:Oxidation (M):11.12;N19:Deamidation (NQ):1000.00
LSSPATARN(+.98)R,15.36,1072.5625,10,-9.2,537.2836,51.23,7.34E5,81,9177,20210411_Trocas7_666_Bay303_DDA_120min_1.raw,1,1,,Deamidation (NQ),N9:Deamidation (NQ):1000.00
LPEARLHAAR,15.22,1132.6465,10,0.5,567.3308,98.12,2.79E3,81,17679,20210411_Trocas7_666_Bay303_DDA_120min_1.raw,1,1,,,
NEIRIPIALGR,15.20,1250.7458,11,0.8,626.3807,111.60,7.16E3,81,20784,20210411_Trocas7_666_Bay303_DDA_120min_1.raw,1,1,,,
APHEMTLK,15.19,925.4691,8,12.9,463.7478,94.92,6.99E3,81,16866,20210411_Trocas7_666_Bay303_DDA_120min_1.raw,1,1,,,
EFHPAVAR,15.13,925.4769,8,5.7,463.7484,90.47,1.1E3,81,15898,20210411_Trocas7_666_Bay303_DDA_120min_1.raw,1,1,,,
LDRFLALSK,15.12,1061.6233,9,-0.3,531.8188,107.29,1.79E4,81,19751,20210411_Trocas7_666_Bay303_DDA_120min_1.raw,1,1,,,
TILN(+.98)LSQARN(+.98)R,15.02,1286.6942,11,10.9,644.3614,100.33,0,81,18194,20210411_Trocas7_666_Bay303_DDA_120min_1.raw,1,1,,Deamidation (NQ),N4:Deamidation (NQ):12.33;N10:Deamidation (NQ):9.42
ASTSHIPSLDTGAGVAA,15.01,1553.7686,17,7.6,777.8975,101.65,6.46E4,81,18508,20210411_Trocas7_666_Bay303_DDA_120min_1.raw,1,1,,,
