Peptide,-10lgP,Mass,Length,ppm,m/z,RT,Area Sample 7,Fraction,Scan,Source File,#Spec,#Spec Sample 7,Accession,PTM,AScore
LSSPATLNSR,46.14,1044.5564,10,-0.8,523.2850,44.44,9.99E6,7,7165,20210623_Trocas8_681_NMCP78_50%_DDA_120min.raw,3,3,,,
EGNEQFINAAK,44.17,1219.5833,11,-1.0,610.7983,51.17,3.16E5,7,8400,20210623_Trocas8_681_NMCP78_50%_DDA_120min.raw,1,1,,,
VLEGNEQFINAAK,43.75,1431.7357,13,-0.2,716.8750,67.88,7.8E4,7,11053,20210623_Trocas8_681_NMCP78_50%_DDA_120min.raw,1,1,,,
LSSPATLN(+.98)SR,42.48,1045.5404,10,0.7,523.7778,47.56,1.25E5,7,7792,20210623_Trocas8_681_NMCP78_50%_DDA_120min.raw,2,2,,Deamidation (NQ),N8:Deamidation (NQ):1000.00
LATVISPR,37.75,855.5178,8,-1.1,428.7657,57.85,6.6E6,7,9480,20210623_Trocas8_681_NMCP78_50%_DDA_120min.raw,3,3,AM_AGSSY_3962856_1,,
LATVLSPR,37.75,855.5178,8,-1.1,428.7657,57.85,6.6E6,7,9480,20210623_Trocas8_681_NMCP78_50%_DDA_120min.raw,3,3,AM_AGSSY_73454_1,,
GSGGGSSGGSIGGR,35.85,1091.4955,14,-1.7,546.7541,16.78,2.48E4,7,2505,20210623_Trocas8_681_NMCP78_50%_DDA_120min.raw,2,2,,,
GNEQFINAAK,34.61,1090.5406,10,-0.2,546.2775,49.06,1.11E5,7,8034,20210623_Trocas8_681_NMCP78_50%_DDA_120min.raw,1,1,,,
SLVNLGGSK,32.34,873.4919,9,-1.7,437.7525,56.88,7.99E4,7,9321,20210623_Trocas8_681_NMCP78_50%_DDA_120min.raw,2,2,,,
VATVSLPR,31.82,841.5021,8,-0.2,421.7583,56.96,1.48E7,7,9334,20210623_Trocas8_681_NMCP78_50%_DDA_120min.raw,3,3,,,
SISISVAR,27.48,831.4814,8,-0.5,416.7478,57.53,4E4,7,9431,20210623_Trocas8_681_NMCP78_50%_DDA_120min.raw,1,1,,,
SC(+57.02)AAAGTEC(+57.02)L,27.33,1038.4110,10,-0.7,520.2124,48.58,1.05E5,7,7953,20210623_Trocas8_681_NMCP78_50%_DDA_120min.raw,1,1,,Carbamidomethylation,C2:Carbamidomethylation:1000.00;C9:Carbamidomethylation:1000.00
VVTIVSPR,25.75,869.5334,8,-0.4,435.7738,59.82,6.45E6,7,9806,20210623_Trocas8_681_NMCP78_50%_DDA_120min.raw,2,2,AM_AGSSY_4877884_1,,
VVTVSLPR,24.96,869.5334,8,-1.7,435.7733,60.33,6.45E6,7,9896,20210623_Trocas8_681_NMCP78_50%_DDA_120min.raw,1,1,AM_AGSSY_1822544_1:AM_AGSSY_1680574_1,,
VVTVSIPR,24.96,869.5334,8,-1.7,435.7733,60.33,6.45E6,7,9896,20210623_Trocas8_681_NMCP78_50%_DDA_120min.raw,1,1,AM_AGSSY_537075_1,,
VFISSLTK,24.92,893.5222,8,-7.3,447.7651,92.07,0,7,14654,20210623_Trocas8_681_NMCP78_50%_DDA_120min.raw,1,1,AM_AGSSY_441657_1:AM_AGSSY_441239_1:AM_AGSSY_441136_1:AM_AGSSY_441039_1:AM_AGSSY_443853_1,,
VFISSITK,24.92,893.5222,8,-7.3,447.7651,92.07,0,7,14654,20210623_Trocas8_681_NMCP78_50%_DDA_120min.raw,1,1,AM_AGSSY_442170_1,,
YLYEIAR,24.90,926.4861,7,-0.9,464.2499,68.38,1.93E4,7,11127,20210623_Trocas8_681_NMCP78_50%_DDA_120min.raw,1,1,,,
LGEHNIDVL,24.63,1008.5240,9,-0.7,505.2689,76.91,3.15E5,7,12407,20210623_Trocas8_681_NMCP78_50%_DDA_120min.raw,1,1,,,
GLGLTAHITTGQAG,24.26,1295.6833,14,-5.8,432.8992,117.52,1.19E4,7,18938,20210623_Trocas8_681_NMCP78_50%_DDA_120min.raw,2,2,AM_AGSSY_605184_1,,
TVTVSPIR,22.94,871.5127,8,-2.2,436.7627,56.66,2.94E4,7,9284,20210623_Trocas8_681_NMCP78_50%_DDA_120min.raw,1,1,AM_AGSSY_4623849_1,,
QFLANAK,21.57,790.4337,7,0.8,396.2245,40.29,1.86E4,7,6367,20210623_Trocas8_681_NMCP78_50%_DDA_120min.raw,1,1,AM_AGSSY_1996458_1,,
LVNELTEFAK,21.36,1162.6233,10,-1.0,582.3184,84.98,3.32E4,7,13577,20210623_Trocas8_681_NMCP78_50%_DDA_120min.raw,1,1,,,
SPATLNSR,21.07,844.4402,8,-1.0,423.2270,22.73,8.61E4,7,3358,20210623_Trocas8_681_NMCP78_50%_DDA_120min.raw,3,3,,,
TAHLVIR,21.05,808.4919,7,13.1,405.2585,109.05,1.06E3,7,17522,20210623_Trocas8_681_NMCP78_50%_DDA_120min.raw,1,1,AM_AGSSY_3699815_1,,
KAVLHEK,20.99,823.4916,7,-0.5,412.7528,56.36,2.22E6,7,9236,20210623_Trocas8_681_NMCP78_50%_DDA_120min.raw,2,2,AM_AGSSY_72995_1:AM_AGSSY_1005228_1,,
KAVIHEK,20.99,823.4916,7,-0.5,412.7528,56.36,2.22E6,7,9236,20210623_Trocas8_681_NMCP78_50%_DDA_120min.raw,2,2,AM_AGSSY_3553642_1,,
Q(+.98)PAQHAM(+15.99)GLR,20.81,1124.5397,10,-6.0,563.2737,79.42,7.03E3,7,12771,20210623_Trocas8_681_NMCP78_50%_DDA_120min.raw,1,1,AM_AGSSY_2067933_1,Deamidation (NQ); Oxidation (M),Q1:Deamidation (NQ):16.66;M7:Oxidation (M):1000.00
GDIVPGTGTVK,20.45,1042.5658,11,10.2,522.2955,101.23,0,7,16152,20210623_Trocas8_681_NMCP78_50%_DDA_120min.raw,1,1,AM_AGSSY_5158142_1,,
RPVSLPR,20.39,823.5028,7,-13.7,412.7531,57.38,2.22E6,7,9399,20210623_Trocas8_681_NMCP78_50%_DDA_120min.raw,1,1,AM_AGSSY_3114738_1:AM_AGSSY_2395304_1:AM_AGSSY_1376267_1:AM_AGSSY_1378122_1:AM_AGSSY_1142851_1:AM_AGSSY_1146785_1,,
WIQQTIAAN,20.36,1043.5400,9,-0.1,522.7772,68.02,1.44E4,7,11075,20210623_Trocas8_681_NMCP78_50%_DDA_120min.raw,1,1,,,
LGEHNIDVLE,19.60,1137.5665,10,-0.3,569.7903,73.52,6.17E4,7,11913,20210623_Trocas8_681_NMCP78_50%_DDA_120min.raw,1,1,,,
LPLAGSAFKK,19.56,1030.6174,10,-0.7,516.3156,130.45,7.26E3,7,20920,20210623_Trocas8_681_NMCP78_50%_DDA_120min.raw,1,1,AM_AGSSY_93701_1:AM_AGSSY_109374_1:AM_AGSSY_2375971_1:AM_AGSSY_56381_1:AM_AGSSY_46064_1:AM_AGSSY_45026_1:AM_AGSSY_43059_1:AM_AGSSY_40973_1:AM_AGSSY_39561_1:AM_AGSSY_39009_1:AM_AGSSY_38690_1:AM_AGSSY_38504_1:AM_AGSSY_37614_1:AM_AGSSY_37325_1:AM_AGSSY_34254_1,,
LPIAGSAFKK,19.56,1030.6174,10,-0.7,516.3156,130.45,7.26E3,7,20920,20210623_Trocas8_681_NMCP78_50%_DDA_120min.raw,1,1,AM_AGSSY_43317_1,,
FVPAPILGK,18.68,940.5745,9,7.2,471.2979,118.07,4.31E2,7,19027,20210623_Trocas8_681_NMCP78_50%_DDA_120min.raw,1,1,AM_AGSSY_5987727_1,,
VGPVTVPR,18.53,823.4916,8,-0.1,412.7530,56.87,2.22E6,7,9318,20210623_Trocas8_681_NMCP78_50%_DDA_120min.raw,1,1,AM_AGSSY_3224863_1,,
C(+57.02)KQ(+.98)AGQLASK,18.26,1090.5441,10,-4.6,546.2768,49.63,1.11E5,7,8142,20210623_Trocas8_681_NMCP78_50%_DDA_120min.raw,1,1,AM_AGSSY_3491615_1,Carbamidomethylation; Deamidation (NQ),C1:Carbamidomethylation:1000.00;Q3:Deamidation (NQ):28.36
MVLN(+.98)AGLYK,18.24,1008.5314,9,-8.7,505.2686,76.40,1.97E3,7,12333,20210623_Trocas8_681_NMCP78_50%_DDA_120min.raw,1,1,AM_AGSSY_864558_1,Deamidation (NQ),N4:Deamidation (NQ):1000.00
QVDFTN(+.98)AFAQGTLSEIVYI,18.03,2116.0364,19,-8.1,706.3470,130.36,1.98E3,7,20889,20210623_Trocas8_681_NMCP78_50%_DDA_120min.raw,1,1,AM_AGSSY_5830_1,Deamidation (NQ),N6:Deamidation (NQ):0.00
SLAVRGAPALGVAGA,17.25,1308.7513,15,-2.0,655.3817,101.81,0,7,16254,20210623_Trocas8_681_NMCP78_50%_DDA_120min.raw,1,1,AM_AGSSY_927039_1:AM_AGSSY_925348_1,,
SSPATLNSR,17.20,931.4723,9,0.7,466.7437,25.76,5.21E4,7,3906,20210623_Trocas8_681_NMCP78_50%_DDA_120min.raw,1,1,,,
LGEHNID,16.99,796.3715,7,-0.3,399.1929,31.20,3.15E5,7,4787,20210623_Trocas8_681_NMCP78_50%_DDA_120min.raw,2,2,,,
MHGGKHVAGK,16.63,1020.5287,10,2.5,511.2729,89.77,0,7,14304,20210623_Trocas8_681_NMCP78_50%_DDA_120min.raw,1,1,AM_AGSSY_2869303_1,,
APVPISVIC(+57.02),16.46,954.5208,9,3.0,478.2691,87.43,3.47E4,7,13945,20210623_Trocas8_681_NMCP78_50%_DDA_120min.raw,1,1,AM_AGSSY_5051769_1,Carbamidomethylation,C9:Carbamidomethylation:1000.00
GAILVLTFDGK,15.91,1132.6492,11,-4.4,567.3293,95.24,1.4E3,7,15147,20210623_Trocas8_681_NMCP78_50%_DDA_120min.raw,1,1,AM_AGSSY_740826_1,,
KNSMEAIK,15.73,919.4797,8,-3.9,460.7453,45.98,6.28E4,7,7533,20210623_Trocas8_681_NMCP78_50%_DDA_120min.raw,1,1,AM_AGSSY_402449_1,,
VVPETAPLLVR,15.33,1192.7179,11,-14.0,597.3578,101.27,5.2E3,7,16166,20210623_Trocas8_681_NMCP78_50%_DDA_120min.raw,1,1,AM_AGSSY_467127_1,,
PIVLM(+15.99)IPTGEQM(+15.99)VPM(+15.99)IQIK,15.30,2185.1560,19,0.3,1093.5856,31.52,4.48E3,7,4842,20210623_Trocas8_681_NMCP78_50%_DDA_120min.raw,1,1,AM_AGSSY_5091599_1,Oxidation (M),M5:Oxidation (M):1000.00;M12:Oxidation (M):1000.00;M15:Oxidation (M):1000.00
RIALTAVHNK,15.03,1121.6669,10,6.7,561.8445,99.12,9.96E3,7,15784,20210623_Trocas8_681_NMCP78_50%_DDA_120min.raw,1,1,AM_AGSSY_715100_1,,
