peptide,lca,superkingdom,kingdom,subkingdom,superphylum,phylum,subphylum,superclass,class,subclass,infraclass,superorder,order,suborder,infraorder,parvorder,superfamily,family,subfamily,tribe,subtribe,genus,subgenus,species group,species subgroup,species,subspecies,varietas,forma,Area,NAAF_num.
AESDSLER,Pseudogymnoascus,Eukaryota,Fungi,Dikarya,,Ascomycota,Pezizomycotina,,Leotiomycetes,,,,,,,Pseudeurotiaceae,,,,Pseudogymnoascus,,,,,,,,,,,
ALTVVDPR,Opitutae,Bacteria,,,,Verrucomicrobia,,,Opitutae,,,,,,,,,,,,,,,,,,,,,,
AMTETNYNK,Vibrio harveyi group,Bacteria,,,,Proteobacteria,,,Gammaproteobacteria,,,Vibrionales,,,,Vibrionaceae,,,,Vibrio,,Vibrio harveyi group,,,,,,,,,
CHHEEK,Aspergillus,Eukaryota,Fungi,Dikarya,,Ascomycota,Pezizomycotina,,Eurotiomycetes,Eurotiomycetidae,,Eurotiales,,,,Aspergillaceae,,,,Aspergillus,,,,,,,,,,173000.0,28833.33333333333
CNLSGWK,Candidatus Uhrbacteria,Bacteria,,,,Candidatus Uhrbacteria,,,,,,,,,,,,,,,,,,,,,,,,,
DPNNPAQK,Candidatus Aminicenantes,Bacteria,,,,Candidatus Aminicenantes,,,,,,,,,,,,,,,,,,,,,,,,,
EFHPGLAR,Oleiphilus messinensis,Bacteria,,,,Proteobacteria,,,Gammaproteobacteria,,,Oceanospirillales,,,,Oleiphilaceae,,,,Oleiphilus,,,,Oleiphilus messinensis,,,,,,,
FLLPNLPK,Pedobacter kyungheensis,Bacteria,,,,Bacteroidetes,,,Sphingobacteriia,,,Sphingobacteriales,,,,Sphingobacteriaceae,,,,Pedobacter,,,,Pedobacter kyungheensis,,,,,,,
GVYTV,Dendrothele bispora CBS 962.96,Eukaryota,Fungi,Dikarya,,Basidiomycota,Agaricomycotina,,Agaricomycetes,Agaricomycetidae,,Agaricales,,,,,,,,Dendrothele,,,,Dendrothele bispora,,Dendrothele bispora CBS 962.96,,,,,
LATVLSPR,Gammaproteobacteria,Bacteria,,,,Proteobacteria,,,Gammaproteobacteria,,,,,,,,,,,,,,,,,,,,,50600000.0,6325000.0
LATVLSPR,Gammaproteobacteria,Bacteria,,,,Proteobacteria,,,Gammaproteobacteria,,,,,,,,,,,,,,,,,,,,,50600000.0,6325000.0
LATVLSPR,Gammaproteobacteria,Bacteria,,,,Proteobacteria,,,Gammaproteobacteria,,,,,,,,,,,,,,,,,,,,,50600000.0,6325000.0
LATVLSPR,Gammaproteobacteria,Bacteria,,,,Proteobacteria,,,Gammaproteobacteria,,,,,,,,,,,,,,,,,,,,,50600000.0,6325000.0
LATVLSPR,Gammaproteobacteria,Bacteria,,,,Proteobacteria,,,Gammaproteobacteria,,,,,,,,,,,,,,,,,,,,,,
LATVLSPR,Gammaproteobacteria,Bacteria,,,,Proteobacteria,,,Gammaproteobacteria,,,,,,,,,,,,,,,,,,,,,1690000.0,211250.0
LATVLSPR,Gammaproteobacteria,Bacteria,,,,Proteobacteria,,,Gammaproteobacteria,,,,,,,,,,,,,,,,,,,,,5480000.0,685000.0
LATVLSPR,Gammaproteobacteria,Bacteria,,,,Proteobacteria,,,Gammaproteobacteria,,,,,,,,,,,,,,,,,,,,,2930000.0,366250.0
LATVLSPR,Gammaproteobacteria,Bacteria,,,,Proteobacteria,,,Gammaproteobacteria,,,,,,,,,,,,,,,,,,,,,1690000.0,211250.0
LATVTVPR,Actinomycetia,Bacteria,,,,Actinobacteria,,,Actinomycetia,,,,,,,,,,,,,,,,,,,,,346000.0,43250.0
LEFLVASK,Quercus lobata,Eukaryota,Viridiplantae,,,Streptophyta,Streptophytina,,Magnoliopsida,,,Fagales,,,,Fagaceae,,,,Quercus,,,,Quercus lobata,,,,,,,
LEHVEYK,Thermofilum,Archaea,,,,Crenarchaeota,,,Thermoprotei,,,Thermoproteales,,,,Thermofilaceae,,,,Thermofilum,,,,,,,,,,,
LETLLVVK,Buchnera aphidicola,Bacteria,,,,Proteobacteria,,,Gammaproteobacteria,,,Enterobacterales,,,,Erwiniaceae,,,,Buchnera,,,,Buchnera aphidicola,,,,,,,
LLHLHYSK,Megasphaera,Bacteria,,,,Firmicutes,,,Negativicutes,,,Veillonellales,,,,Veillonellaceae,,,,Megasphaera,,,,,,,,,,,
LLQFLAVAK,Bdellovibrionales,Bacteria,,,,Proteobacteria,,,Oligoflexia,,,Bdellovibrionales,,,,,,,,,,,,,,,,,,,
LPGNGFFK,Clavibacter michiganensis,Bacteria,,,,Actinobacteria,,,Actinomycetia,,,Micrococcales,,,,Microbacteriaceae,,,,Clavibacter,,,,Clavibacter michiganensis,,,,,,,
LSGWQSGR,Acidobacteria,Bacteria,,,,Acidobacteria,,,,,,,,,,,,,,,,,,,,,,,,,
LTLVPALK,Candidatus Uhrbacteria,Bacteria,,,,Candidatus Uhrbacteria,,,,,,,,,,,,,,,,,,,,,,,,,
LVNPVELK,Bacteroidales,Bacteria,,,,Bacteroidetes,,,Bacteroidia,,,Bacteroidales,,,,,,,,,,,,,,,,,,,
LVVVAPPK,Alphaproteobacteria,Bacteria,,,,Proteobacteria,,,Alphaproteobacteria,,,,,,,,,,,,,,,,,,,,,,
MHLMHLTK,Dorea,Bacteria,,,,Firmicutes,,,Clostridia,,,Eubacteriales,,,,Lachnospiraceae,,,,Dorea,,,,,,,,,,,
NPNAHNK,Flavobacterium,Bacteria,,,,Bacteroidetes,,,Flavobacteriia,,,Flavobacteriales,,,,Flavobacteriaceae,,,,Flavobacterium,,,,,,,,,,,
NYAGYLEQVK,Candidatus Omnitrophica,Bacteria,,,,Candidatus Omnitrophica,,,,,,,,,,,,,,,,,,,,,,,,,
RPSVDALR,Dendrobium catenatum,Eukaryota,Viridiplantae,,,Streptophyta,Streptophytina,,Magnoliopsida,Petrosaviidae,,Asparagales,,,,Orchidaceae,Epidendroideae,Malaxideae,Dendrobiinae,Dendrobium,,,,Dendrobium catenatum,,,,,,,
SLSNSNER,Polytomella parva,Eukaryota,Viridiplantae,,,Chlorophyta,,,Chlorophyceae,,,Chlamydomonadales,,,,Chlamydomonadaceae,,,,Polytomella,,,,Polytomella parva,,,,,,18600.0,2325.0
SPWALALR,Streptomyces,Bacteria,,,,Actinobacteria,,,Actinomycetia,,,Streptomycetales,,,,Streptomycetaceae,,,,Streptomyces,,,,,,,,,,17900.0,2237.5
TELLVLVK,Sphaerosporella brunnea,Eukaryota,Fungi,Dikarya,,Ascomycota,Pezizomycotina,,Pezizomycetes,,,Pezizales,,,,Pyronemataceae,,,,Sphaerosporella,,,,Sphaerosporella brunnea,,,,,,,
TLEGALLAR,Proteobacteria,Bacteria,,,,Proteobacteria,,,,,,,,,,,,,,,,,,,,,,,,,
TLESHFEK,Candidatus Falkowbacteria,Bacteria,,,,Candidatus Falkowbacteria,,,,,,,,,,,,,,,,,,,,,,,,30400.0,3800.0
TLNVLLPALK,Actinomycetia,Bacteria,,,,Actinobacteria,,,Actinomycetia,,,,,,,,,,,,,,,,,,,,,,
TLPALLLSK,Sphingomonas,Bacteria,,,,Proteobacteria,,,Alphaproteobacteria,,,Sphingomonadales,,,,Sphingomonadaceae,,,,Sphingomonas,,,,,,,,,,,
TMNDDSEK,Paraburkholderia,Bacteria,,,,Proteobacteria,,,Betaproteobacteria,,,Burkholderiales,,,,Burkholderiaceae,,,,Paraburkholderia,,,,,,,,,,114000.0,14250.0
TTTVSLPR,Trichomonas vaginalis,Eukaryota,,,,Parabasalia,,,,,,Trichomonadida,,,,Trichomonadidae,,,,Trichomonas,,,,Trichomonas vaginalis,,,,,,49500.0,6187.5
TTTVSLPR,Trichomonas vaginalis,Eukaryota,,,,Parabasalia,,,,,,Trichomonadida,,,,Trichomonadidae,,,,Trichomonas,,,,Trichomonas vaginalis,,,,,,25500.0,3187.5
VATVSPLR,Solirubrobacteraceae,Bacteria,,,,Actinobacteria,,,Thermoleophilia,,,Solirubrobacterales,,,,Solirubrobacteraceae,,,,,,,,,,,,,,246000000.0,30750000.0
VATVSPLR,Solirubrobacteraceae,Bacteria,,,,Actinobacteria,,,Thermoleophilia,,,Solirubrobacterales,,,,Solirubrobacteraceae,,,,,,,,,,,,,,246000000.0,30750000.0
VATVSPLR,Solirubrobacteraceae,Bacteria,,,,Actinobacteria,,,Thermoleophilia,,,Solirubrobacterales,,,,Solirubrobacteraceae,,,,,,,,,,,,,,246000000.0,30750000.0
VATVSPLR,Solirubrobacteraceae,Bacteria,,,,Actinobacteria,,,Thermoleophilia,,,Solirubrobacterales,,,,Solirubrobacteraceae,,,,,,,,,,,,,,246000000.0,30750000.0
VATVSPLR,Solirubrobacteraceae,Bacteria,,,,Actinobacteria,,,Thermoleophilia,,,Solirubrobacterales,,,,Solirubrobacteraceae,,,,,,,,,,,,,,246000000.0,30750000.0
VATVSPLR,Solirubrobacteraceae,Bacteria,,,,Actinobacteria,,,Thermoleophilia,,,Solirubrobacterales,,,,Solirubrobacteraceae,,,,,,,,,,,,,,2590000.0,323750.0
VATVSPLR,Solirubrobacteraceae,Bacteria,,,,Actinobacteria,,,Thermoleophilia,,,Solirubrobacterales,,,,Solirubrobacteraceae,,,,,,,,,,,,,,6690000.0,836250.0
VATVSPLR,Solirubrobacteraceae,Bacteria,,,,Actinobacteria,,,Thermoleophilia,,,Solirubrobacterales,,,,Solirubrobacteraceae,,,,,,,,,,,,,,12500000.0,1562500.0
VATVSPLR,Solirubrobacteraceae,Bacteria,,,,Actinobacteria,,,Thermoleophilia,,,Solirubrobacterales,,,,Solirubrobacteraceae,,,,,,,,,,,,,,524000.0,65500.0
VATVSPLR,Solirubrobacteraceae,Bacteria,,,,Actinobacteria,,,Thermoleophilia,,,Solirubrobacterales,,,,Solirubrobacteraceae,,,,,,,,,,,,,,523000.0,65375.0
VGHWLPR,Streptoalloteichus hindustanus,Bacteria,,,,Actinobacteria,,,Actinomycetia,,,Pseudonocardiales,,,,Pseudonocardiaceae,,,,Streptoalloteichus,,,,Streptoalloteichus hindustanus,,,,,,492000.0,70285.71428571429
VVEVSLPR,Planctomycetales,Bacteria,,,,Planctomycetes,,,Planctomycetia,,,Planctomycetales,,,,,,,,,,,,,,,,,,,
VVHVFLR,Dendrobium catenatum,Eukaryota,Viridiplantae,,,Streptophyta,Streptophytina,,Magnoliopsida,Petrosaviidae,,Asparagales,,,,Orchidaceae,Epidendroideae,Malaxideae,Dendrobiinae,Dendrobium,,,,Dendrobium catenatum,,,,,,,
VVTADLPR,Chloroflexi,Bacteria,,,,Chloroflexi,,,,,,,,,,,,,,,,,,,,,,,,,
