peptide,lca,superkingdom,kingdom,subkingdom,superphylum,phylum,subphylum,superclass,class,subclass,infraclass,superorder,order,suborder,infraorder,parvorder,superfamily,family,subfamily,tribe,subtribe,genus,subgenus,species group,species subgroup,species,subspecies,varietas,forma
VLEGNEQFLNAAK,Simiiformes,Eukaryota,Metazoa,,,Chordata,Craniata,Sarcopterygii,Mammalia,,Euarchontoglires,Primates,Haplorrhini,Simiiformes,,,,,,,,,,,,,,,
SPATLNSR,Mammalia,Eukaryota,Metazoa,,,Chordata,Craniata,Sarcopterygii,Mammalia,,,,,,,,,,,,,,,,,,,,
LSSPATLNSR,Mammalia,Eukaryota,Metazoa,,,Chordata,Craniata,Sarcopterygii,Mammalia,,,,,,,,,,,,,,,,,,,,
MLNAAK,root,,,,,,,,,,,,,,,,,,,,,,,,,,,,
LAADDFR,root,,,,,,,,,,,,,,,,,,,,,,,,,,,,
LATVLSPR,Gammaproteobacteria,Bacteria,,,,Proteobacteria,,,Gammaproteobacteria,,,,,,,,,,,,,,,,,,,,
LDVLEGNEK,,,,,,,,,,,,,,,,,,,,,,,,,,,,,
EGNEQFLNAAK,,,,,,,,,,,,,,,,,,,,,,,,,,,,,
VVTVSLPR,root,,,,,,,,,,,,,,,,,,,,,,,,,,,,
VATVSPLR,Solirubrobacteraceae,Bacteria,,,,Actinobacteria,,,Thermoleophilia,,,Solirubrobacterales,,,,Solirubrobacteraceae,,,,,,,,,,,,,
WEAWFDEK,,,,,,,,,,,,,,,,,,,,,,,,,,,,,
SSPATLNDK,,,,,,,,,,,,,,,,,,,,,,,,,,,,,
LLSGWGNTK,,,,,,,,,,,,,,,,,,,,,,,,,,,,,
NGQQFLNAAK,,,,,,,,,,,,,,,,,,,,,,,,,,,,,
VAEVSLPR,,,,,,,,,,,,,,,,,,,,,,,,,,,,,
VVTVLSPR,root,,,,,,,,,,,,,,,,,,,,,,,,,,,,
SQMLNAAK,Eubacteriales,Bacteria,,,,Firmicutes,,,Clostridia,,,Eubacteriales,,,,,,,,,,,,,,,,,
CLVDLHLGPK,,,,,,,,,,,,,,,,,,,,,,,,,,,,,
LDVLEGNEQFLNAAK,,,,,,,,,,,,,,,,,,,,,,,,,,,,,
TLLEGEESR,Craniata,Eukaryota,Metazoa,,,Chordata,Craniata,,,,,,,,,,,,,,,,,,,,,,
NNLMLLK,root,,,,,,,,,,,,,,,,,,,,,,,,,,,,
LSGWGNTK,,,,,,,,,,,,,,,,,,,,,,,,,,,,,
LLSGSVGNTR,,,,,,,,,,,,,,,,,,,,,,,,,,,,,
APVLSDSSCK,Mammalia,Eukaryota,Metazoa,,,Chordata,Craniata,Sarcopterygii,Mammalia,,,,,,,,,,,,,,,,,,,,
GYGCAK,root,,,,,,,,,,,,,,,,,,,,,,,,,,,,
QQLSGWGNTR,,,,,,,,,,,,,,,,,,,,,,,,,,,,,
LNDALSLR,root,,,,,,,,,,,,,,,,,,,,,,,,,,,,
CLLSGSVGNTR,,,,,,,,,,,,,,,,,,,,,,,,,,,,,
QFLNAAK,root,,,,,,,,,,,,,,,,,,,,,,,,,,,,
LSGSVGNTR,,,,,,,,,,,,,,,,,,,,,,,,,,,,,
CLLSGWGNTK,Camelidae,Eukaryota,Metazoa,,,Chordata,Craniata,Sarcopterygii,Mammalia,,Laurasiatheria,Artiodactyla,Tylopoda,,,Camelidae,,,,,,,,,,,,,
DCLLSGWK,,,,,,,,,,,,,,,,,,,,,,,,,,,,,
MCETGAASGR,,,,,,,,,,,,,,,,,,,,,,,,,,,,,
MVDLAWFK,,,,,,,,,,,,,,,,,,,,,,,,,,,,,
AFGSNLSVQNK,,,,,,,,,,,,,,,,,,,,,,,,,,,,,
HHLSDSVDVR,,,,,,,,,,,,,,,,,,,,,,,,,,,,,
MLAAMMK,root,,,,,,,,,,,,,,,,,,,,,,,,,,,,
LFEEENEVLETK,,,,,,,,,,,,,,,,,,,,,,,,,,,,,
GFGSNLSVQNK,,,,,,,,,,,,,,,,,,,,,,,,,,,,,
ETMVGTECLLSGWGAATK,,,,,,,,,,,,,,,,,,,,,,,,,,,,,
MVDLAAVYK,,,,,,,,,,,,,,,,,,,,,,,,,,,,,
VPGVSLPR,,,,,,,,,,,,,,,,,,,,,,,,,,,,,
MDLGSFK,root,,,,,,,,,,,,,,,,,,,,,,,,,,,,
MCLLSGWGNTR,,,,,,,,,,,,,,,,,,,,,,,,,,,,,
FQNGELVNAYEGPK,,,,,,,,,,,,,,,,,,,,,,,,,,,,,
VTTVSLPR,Scophthalmus maximus,Eukaryota,Metazoa,,,Chordata,Craniata,Actinopterygii,Actinopteri,Neopterygii,,Pleuronectiformes,Pleuronectoidei,,,Scophthalmidae,,,,Scophthalmus,,,,Scophthalmus maximus,,,,,
EATVLLAR,root,,,,,,,,,,,,,,,,,,,,,,,,,,,,
TVVNLGGSK,,,,,,,,,,,,,,,,,,,,,,,,,,,,,
MTNGLLNHNK,,,,,,,,,,,,,,,,,,,,,,,,,,,,,
AEYEDLAEK,Mammalia,Eukaryota,Metazoa,,,Chordata,Craniata,Sarcopterygii,Mammalia,,,,,,,,,,,,,,,,,,,,
GFSGGSFSR,,,,,,,,,,,,,,,,,,,,,,,,,,,,,
AEPYQVTHNK,,,,,,,,,,,,,,,,,,,,,,,,,,,,,
AFVPASCPVK,,,,,,,,,,,,,,,,,,,,,,,,,,,,,
FDHSAR,root,,,,,,,,,,,,,,,,,,,,,,,,,,,,
VTVNLNSK,root,,,,,,,,,,,,,,,,,,,,,,,,,,,,
ALEESNYELEGK,Mammalia,Eukaryota,Metazoa,,,Chordata,Craniata,Sarcopterygii,Mammalia,,,,,,,,,,,,,,,,,,,,
FLNNR,root,,,,,,,,,,,,,,,,,,,,,,,,,,,,
CLTNGNFHTK,,,,,,,,,,,,,,,,,,,,,,,,,,,,,
NSMGSNLSVELK,,,,,,,,,,,,,,,,,,,,,,,,,,,,,
MVCLLSGWSNAR,,,,,,,,,,,,,,,,,,,,,,,,,,,,,
AEYEELPMK,,,,,,,,,,,,,,,,,,,,,,,,,,,,,
QQLSGWEDR,,,,,,,,,,,,,,,,,,,,,,,,,,,,,
HQPLTNGNFQWNTK,,,,,,,,,,,,,,,,,,,,,,,,,,,,,
NMMQERPLK,,,,,,,,,,,,,,,,,,,,,,,,,,,,,
MDLYQK,root,,,,,,,,,,,,,,,,,,,,,,,,,,,,
GFNSYPSLLQCLK,,,,,,,,,,,,,,,,,,,,,,,,,,,,,
QNVATVSLPR,,,,,,,,,,,,,,,,,,,,,,,,,,,,,
MDLGYAK,Bacteria,Bacteria,,,,,,,,,,,,,,,,,,,,,,,,,,,
MHFPHLTSAK,,,,,,,,,,,,,,,,,,,,,,,,,,,,,
EAVDK,root,,,,,,,,,,,,,,,,,,,,,,,,,,,,
NPMLLSGWK,,,,,,,,,,,,,,,,,,,,,,,,,,,,,
GFNSYPSLLQMNR,,,,,,,,,,,,,,,,,,,,,,,,,,,,,
CGTLVDLNFDR,,,,,,,,,,,,,,,,,,,,,,,,,,,,,
MVTNGNFMWVLK,,,,,,,,,,,,,,,,,,,,,,,,,,,,,
CSLTNGNLR,,,,,,,,,,,,,,,,,,,,,,,,,,,,,
QVCMWSLLSGWGNTR,,,,,,,,,,,,,,,,,,,,,,,,,,,,,
MNLWEENR,,,,,,,,,,,,,,,,,,,,,,,,,,,,,
GSNLSVELK,,,,,,,,,,,,,,,,,,,,,,,,,,,,,
EMLGSNLSVQNK,,,,,,,,,,,,,,,,,,,,,,,,,,,,,
DTAENEVFTLK,,,,,,,,,,,,,,,,,,,,,,,,,,,,,
CHLAQK,root,,,,,,,,,,,,,,,,,,,,,,,,,,,,
CWNLSNSPNSK,,,,,,,,,,,,,,,,,,,,,,,,,,,,,
MQGSNLSVQNK,,,,,,,,,,,,,,,,,,,,,,,,,,,,,
AFSNLSVQNK,,,,,,,,,,,,,,,,,,,,,,,,,,,,,
QQLSGADGGGTK,,,,,,,,,,,,,,,,,,,,,,,,,,,,,
WSLSGELMEK,,,,,,,,,,,,,,,,,,,,,,,,,,,,,
TMVYK,root,,,,,,,,,,,,,,,,,,,,,,,,,,,,
TLELDAEHMK,,,,,,,,,,,,,,,,,,,,,,,,,,,,,
LNYYWEK,,,,,,,,,,,,,,,,,,,,,,,,,,,,,
FLNAAK,root,,,,,,,,,,,,,,,,,,,,,,,,,,,,
TNLGSNDK,,,,,,,,,,,,,,,,,,,,,,,,,,,,,
LSTHGHPK,,,,,,,,,,,,,,,,,,,,,,,,,,,,,
NHSVPDNK,,,,,,,,,,,,,,,,,,,,,,,,,,,,,
HHLSGWHYK,,,,,,,,,,,,,,,,,,,,,,,,,,,,,
NWQFLNNR,,,,,,,,,,,,,,,,,,,,,,,,,,,,,
ECLLSGWHYK,,,,,,,,,,,,,,,,,,,,,,,,,,,,,
CGNTR,root,,,,,,,,,,,,,,,,,,,,,,,,,,,,
NMQSVELK,,,,,,,,,,,,,,,,,,,,,,,,,,,,,
QAVDK,root,,,,,,,,,,,,,,,,,,,,,,,,,,,,
HMLMHLYVPR,,,,,,,,,,,,,,,,,,,,,,,,,,,,,
MWYWWLSTSNLSVQNK,,,,,,,,,,,,,,,,,,,,,,,,,,,,,
MCDGAAATK,,,,,,,,,,,,,,,,,,,,,,,,,,,,,
WYVAHMNPLK,,,,,,,,,,,,,,,,,,,,,,,,,,,,,
WCGSNLSVELK,,,,,,,,,,,,,,,,,,,,,,,,,,,,,
YPEGELVDLCMLK,,,,,,,,,,,,,,,,,,,,,,,,,,,,,
NMGGSNLSVELK,,,,,,,,,,,,,,,,,,,,,,,,,,,,,
ENGELVDQMLEK,,,,,,,,,,,,,,,,,,,,,,,,,,,,,
MHMLHLPYVR,,,,,,,,,,,,,,,,,,,,,,,,,,,,,
MHLMHLTSK,,,,,,,,,,,,,,,,,,,,,,,,,,,,,
FVTNGNLLCR,,,,,,,,,,,,,,,,,,,,,,,,,,,,,
QVFNPAPDK,,,,,,,,,,,,,,,,,,,,,,,,,,,,,
HWHYDWVWSDLSVK,,,,,,,,,,,,,,,,,,,,,,,,,,,,,
MHLMHLTSAK,,,,,,,,,,,,,,,,,,,,,,,,,,,,,
YVHSKPSR,,,,,,,,,,,,,,,,,,,,,,,,,,,,,
YFAVTVLVLK,,,,,,,,,,,,,,,,,,,,,,,,,,,,,
MTDLMPESAPSK,,,,,,,,,,,,,,,,,,,,,,,,,,,,,
HMLMHLMLVR,,,,,,,,,,,,,,,,,,,,,,,,,,,,,
QAYNGWAEK,,,,,,,,,,,,,,,,,,,,,,,,,,,,,
APEYSAECQGAATK,,,,,,,,,,,,,,,,,,,,,,,,,,,,,
FLVYNYMVPYK,,,,,,,,,,,,,,,,,,,,,,,,,,,,,
FTDTEELVDLQMEK,,,,,,,,,,,,,,,,,,,,,,,,,,,,,
HACYSNLSVELK,,,,,,,,,,,,,,,,,,,,,,,,,,,,,
ATVNLPR,root,,,,,,,,,,,,,,,,,,,,,,,,,,,,
EASPAFMDK,,,,,,,,,,,,,,,,,,,,,,,,,,,,,
NPPLETK,root,,,,,,,,,,,,,,,,,,,,,,,,,,,,
VYHSK,root,,,,,,,,,,,,,,,,,,,,,,,,,,,,
LLTGPDPDK,root,,,,,,,,,,,,,,,,,,,,,,,,,,,,
HLTEER,root,,,,,,,,,,,,,,,,,,,,,,,,,,,,
LVEYPDR,root,,,,,,,,,,,,,,,,,,,,,,,,,,,,
LLTHPNMNGNGMYTK,,,,,,,,,,,,,,,,,,,,,,,,,,,,,
FANSLSVQNK,,,,,,,,,,,,,,,,,,,,,,,,,,,,,
ATECLLSNEANSK,,,,,,,,,,,,,,,,,,,,,,,,,,,,,
NSMSVLLEK,,,,,,,,,,,,,,,,,,,,,,,,,,,,,
MMLSGGLVAHNPDK,,,,,,,,,,,,,,,,,,,,,,,,,,,,,
CLLSTQYHK,,,,,,,,,,,,,,,,,,,,,,,,,,,,,
WQGMQSVLEK,,,,,,,,,,,,,,,,,,,,,,,,,,,,,
NLDHEMHSK,,,,,,,,,,,,,,,,,,,,,,,,,,,,,
LEGNEQFLNAAK,,,,,,,,,,,,,,,,,,,,,,,,,,,,,
VFFDTDK,root,,,,,,,,,,,,,,,,,,,,,,,,,,,,
LLCQLK,root,,,,,,,,,,,,,,,,,,,,,,,,,,,,
MTLDDFR,root,,,,,,,,,,,,,,,,,,,,,,,,,,,,
APVLSNK,root,,,,,,,,,,,,,,,,,,,,,,,,,,,,
LASYLNK,root,,,,,,,,,,,,,,,,,,,,,,,,,,,,
QEFLNAAK,Phorcysia thermohydrogeniphila,Bacteria,,,,Aquificae,,,Aquificae,,,Desulfurobacteriales,,,,Desulfurobacteriaceae,,,,Phorcysia,,,,Phorcysia thermohydrogeniphila,,,,,
TDAENEFVTLK,Mammalia,Eukaryota,Metazoa,,,Chordata,Craniata,Sarcopterygii,Mammalia,,,,,,,,,,,,,,,,,,,,
LSSPATLDSR,,,,,,,,,,,,,,,,,,,,,,,,,,,,,
VSTVSLPR,root,,,,,,,,,,,,,,,,,,,,,,,,,,,,
MCTGADQK,,,,,,,,,,,,,,,,,,,,,,,,,,,,,
SFSCLSR,Eukaryota,Eukaryota,,,,,,,,,,,,,,,,,,,,,,,,,,,
AEYENLAEK,,,,,,,,,,,,,,,,,,,,,,,,,,,,,
TSSSFSCLSR,,,,,,,,,,,,,,,,,,,,,,,,,,,,,
SLQVR,root,,,,,,,,,,,,,,,,,,,,,,,,,,,,
TVVNLNSK,,,,,,,,,,,,,,,,,,,,,,,,,,,,,
LNSPATLNSR,Myomorpha,Eukaryota,Metazoa,,,Chordata,Craniata,Sarcopterygii,Mammalia,,Euarchontoglires,Rodentia,Myomorpha,,,,,,,,,,,,,,,,
LDVLEGLEEFLNAAK,,,,,,,,,,,,,,,,,,,,,,,,,,,,,
ELVATVSLPR,,,,,,,,,,,,,,,,,,,,,,,,,,,,,
LLSGWGK,root,,,,,,,,,,,,,,,,,,,,,,,,,,,,
VEVLEGNEQFLNAAK,,,,,,,,,,,,,,,,,,,,,,,,,,,,,
DDCVLVR,root,,,,,,,,,,,,,,,,,,,,,,,,,,,,
ESAENEFVTLK,,,,,,,,,,,,,,,,,,,,,,,,,,,,,
NDNLMLLK,,,,,,,,,,,,,,,,,,,,,,,,,,,,,
AVLTADEK,root,,,,,,,,,,,,,,,,,,,,,,,,,,,,
VGFLENK,root,,,,,,,,,,,,,,,,,,,,,,,,,,,,
GLLTADEK,root,,,,,,,,,,,,,,,,,,,,,,,,,,,,
LSGWGTNK,Rhizopus stolonifer,Eukaryota,Fungi,,,Mucoromycota,Mucoromycotina,,Mucoromycetes,,,Mucorales,Mucorineae,,,Rhizopodaceae,,,,Rhizopus,,,,Rhizopus stolonifer,,,,,
LSGWGK,root,,,,,,,,,,,,,,,,,,,,,,,,,,,,
CLLSGWGR,Metazoa,Eukaryota,Metazoa,,,,,,,,,,,,,,,,,,,,,,,,,,
QNYAGTECLLSGWGAATK,,,,,,,,,,,,,,,,,,,,,,,,,,,,,
MPLVGK,root,,,,,,,,,,,,,,,,,,,,,,,,,,,,
EAFELNDDR,,,,,,,,,,,,,,,,,,,,,,,,,,,,,
NDDLMLLK,,,,,,,,,,,,,,,,,,,,,,,,,,,,,
MVLWWFK,,,,,,,,,,,,,,,,,,,,,,,,,,,,,
LNSVDK,root,,,,,,,,,,,,,,,,,,,,,,,,,,,,
TYLDDMR,root,,,,,,,,,,,,,,,,,,,,,,,,,,,,
VAEVSPLR,Gammaproteobacteria,Bacteria,,,,Proteobacteria,,,Gammaproteobacteria,,,,,,,,,,,,,,,,,,,,
DLVLEGNEAGFLNAAK,,,,,,,,,,,,,,,,,,,,,,,,,,,,,
NPAAATVSLPR,,,,,,,,,,,,,,,,,,,,,,,,,,,,,
QPQATVSLPR,,,,,,,,,,,,,,,,,,,,,,,,,,,,,
LDVLEMR,root,,,,,,,,,,,,,,,,,,,,,,,,,,,,
APVLSDCSSK,,,,,,,,,,,,,,,,,,,,,,,,,,,,,
NWECLLSGWGK,,,,,,,,,,,,,,,,,,,,,,,,,,,,,
ESMLLSNNNPSK,,,,,,,,,,,,,,,,,,,,,,,,,,,,,
NGSLNAAK,,,,,,,,,,,,,,,,,,,,,,,,,,,,,
VATDLALR,Bacteria,Bacteria,,,,,,,,,,,,,,,,,,,,,,,,,,,
MWNFAAFVTR,,,,,,,,,,,,,,,,,,,,,,,,,,,,,
LASFSSDK,Hymenolepis diminuta,Eukaryota,Metazoa,,,Platyhelminthes,,,Cestoda,Eucestoda,,Cyclophyllidea,,,,Hymenolepididae,,,,Hymenolepis,,,,Hymenolepis diminuta,,,,,
MVMNTNGNFAK,,,,,,,,,,,,,,,,,,,,,,,,,,,,,
NDLVPLK,root,,,,,,,,,,,,,,,,,,,,,,,,,,,,
MGYEELDNK,,,,,,,,,,,,,,,,,,,,,,,,,,,,,
MVDLAAYVK,,,,,,,,,,,,,,,,,,,,,,,,,,,,,
MDLGFSK,root,,,,,,,,,,,,,,,,,,,,,,,,,,,,
LLSGWNTAK,,,,,,,,,,,,,,,,,,,,,,,,,,,,,
VPYQEHANK,,,,,,,,,,,,,,,,,,,,,,,,,,,,,
VATVSLCPSR,,,,,,,,,,,,,,,,,,,,,,,,,,,,,
YYWEK,root,,,,,,,,,,,,,,,,,,,,,,,,,,,,
WVHAEK,root,,,,,,,,,,,,,,,,,,,,,,,,,,,,
EATVALLR,Bacteria,Bacteria,,,,,,,,,,,,,,,,,,,,,,,,,,,
WTCLLSGWNGTK,,,,,,,,,,,,,,,,,,,,,,,,,,,,,
LSSPNPATGHCK,,,,,,,,,,,,,,,,,,,,,,,,,,,,,
FVTNGNMPR,,,,,,,,,,,,,,,,,,,,,,,,,,,,,
QFNAGTECGNATK,,,,,,,,,,,,,,,,,,,,,,,,,,,,,
TMAGNLK,root,,,,,,,,,,,,,,,,,,,,,,,,,,,,
LSSPWLGGDK,,,,,,,,,,,,,,,,,,,,,,,,,,,,,
EDNSSPATDNLK,,,,,,,,,,,,,,,,,,,,,,,,,,,,,
LNDATVLR,Bacteria,Bacteria,,,,,,,,,,,,,,,,,,,,,,,,,,,
TTALSGWGGSAR,,,,,,,,,,,,,,,,,,,,,,,,,,,,,
NPWVMQGQK,,,,,,,,,,,,,,,,,,,,,,,,,,,,,
ATVSLPR,root,,,,,,,,,,,,,,,,,,,,,,,,,,,,
SMLCK,root,,,,,,,,,,,,,,,,,,,,,,,,,,,,
WENCGR,root,,,,,,,,,,,,,,,,,,,,,,,,,,,,
MGYEELDSR,,,,,,,,,,,,,,,,,,,,,,,,,,,,,
CLNYVR,root,,,,,,,,,,,,,,,,,,,,,,,,,,,,
VAVVAEPR,Bacteria,Bacteria,,,,,,,,,,,,,,,,,,,,,,,,,,,
LQPTYMK,Helobdella robusta,Eukaryota,Metazoa,,,Annelida,,,Clitellata,Hirudinea,,Rhynchobdellida,,,,Glossiphoniidae,,,,Helobdella,,,,Helobdella robusta,,,,,
EASPAEDHCR,,,,,,,,,,,,,,,,,,,,,,,,,,,,,
NPGTSGWGNTK,,,,,,,,,,,,,,,,,,,,,,,,,,,,,
LVSPANVNDK,,,,,,,,,,,,,,,,,,,,,,,,,,,,,
STYLSSPATLDNK,,,,,,,,,,,,,,,,,,,,,,,,,,,,,
MVDLAVSFK,,,,,,,,,,,,,,,,,,,,,,,,,,,,,
CGSNLSVELK,,,,,,,,,,,,,,,,,,,,,,,,,,,,,
ESMLLSDCHSK,,,,,,,,,,,,,,,,,,,,,,,,,,,,,
EMLSVVQNK,,,,,,,,,,,,,,,,,,,,,,,,,,,,,
ALEEADNHYLK,,,,,,,,,,,,,,,,,,,,,,,,,,,,,
LLKPAR,root,,,,,,,,,,,,,,,,,,,,,,,,,,,,
VATQMK,root,,,,,,,,,,,,,,,,,,,,,,,,,,,,
EDALYSLSK,,,,,,,,,,,,,,,,,,,,,,,,,,,,,
ANMLLK,root,,,,,,,,,,,,,,,,,,,,,,,,,,,,
VATETCK,root,,,,,,,,,,,,,,,,,,,,,,,,,,,,
HTWVLYMVPYK,,,,,,,,,,,,,,,,,,,,,,,,,,,,,
MNFQPTNTR,,,,,,,,,,,,,,,,,,,,,,,,,,,,,
GMMSSPATDNLK,,,,,,,,,,,,,,,,,,,,,,,,,,,,,
MHMLHLYVPR,,,,,,,,,,,,,,,,,,,,,,,,,,,,,
CLNHLAQK,,,,,,,,,,,,,,,,,,,,,,,,,,,,,
MNLSVCR,root,,,,,,,,,,,,,,,,,,,,,,,,,,,,
QGMSVLELK,,,,,,,,,,,,,,,,,,,,,,,,,,,,,
ADPYQVHTNK,,,,,,,,,,,,,,,,,,,,,,,,,,,,,
LMQLSER,root,,,,,,,,,,,,,,,,,,,,,,,,,,,,
MVTNGNFMER,,,,,,,,,,,,,,,,,,,,,,,,,,,,,
DYLSNVLACR,,,,,,,,,,,,,,,,,,,,,,,,,,,,,
VPTVSPLR,Cellulomonas gelida,Bacteria,,,,Actinobacteria,,,Actinomycetia,,,Micrococcales,,,,Cellulomonadaceae,,,,Cellulomonas,,,,Cellulomonas gelida,,,,,
LVGGMDHR,,,,,,,,,,,,,,,,,,,,,,,,,,,,,
SAATVTVPR,,,,,,,,,,,,,,,,,,,,,,,,,,,,,
TYSEGEFK,,,,,,,,,,,,,,,,,,,,,,,,,,,,,
LLGNGMR,root,,,,,,,,,,,,,,,,,,,,,,,,,,,,
YHCLSNSPNSK,,,,,,,,,,,,,,,,,,,,,,,,,,,,,
NWQYSLSK,,,,,,,,,,,,,,,,,,,,,,,,,,,,,
SMVTVYR,root,,,,,,,,,,,,,,,,,,,,,,,,,,,,
GSADLALVR,,,,,,,,,,,,,,,,,,,,,,,,,,,,,
NVELDEPELK,,,,,,,,,,,,,,,,,,,,,,,,,,,,,
DGCSSPATLNDK,,,,,,,,,,,,,,,,,,,,,,,,,,,,,
LSSDAGEVK,,,,,,,,,,,,,,,,,,,,,,,,,,,,,
CTVTNGNLLWYTK,,,,,,,,,,,,,,,,,,,,,,,,,,,,,
FPPSYSLSK,,,,,,,,,,,,,,,,,,,,,,,,,,,,,
GYLHHYLK,,,,,,,,,,,,,,,,,,,,,,,,,,,,,
EEEWR,root,,,,,,,,,,,,,,,,,,,,,,,,,,,,
GYVQK,root,,,,,,,,,,,,,,,,,,,,,,,,,,,,
DPEYSK,root,,,,,,,,,,,,,,,,,,,,,,,,,,,,
MTTMK,root,,,,,,,,,,,,,,,,,,,,,,,,,,,,
QQLSGADGNTK,,,,,,,,,,,,,,,,,,,,,,,,,,,,,
MATVK,root,,,,,,,,,,,,,,,,,,,,,,,,,,,,
GLLTGQEK,,,,,,,,,,,,,,,,,,,,,,,,,,,,,
GHSNNHK,,,,,,,,,,,,,,,,,,,,,,,,,,,,,
MHLMHLYVPR,,,,,,,,,,,,,,,,,,,,,,,,,,,,,
YHCLK,root,,,,,,,,,,,,,,,,,,,,,,,,,,,,
FVNNTNGNFTLVDTK,,,,,,,,,,,,,,,,,,,,,,,,,,,,,
CVTTNGNFK,,,,,,,,,,,,,,,,,,,,,,,,,,,,,
HNDGNTLDCHK,,,,,,,,,,,,,,,,,,,,,,,,,,,,,
NNWGPLK,Pseudoalteromonas luteoviolacea DSM 6061,Bacteria,,,,Proteobacteria,,,Gammaproteobacteria,,,Alteromonadales,,,,Pseudoalteromonadaceae,,,,Pseudoalteromonas,,,,Pseudoalteromonas luteoviolacea,,Pseudoalteromonas luteoviolacea DSM 6061,,,
CGSVAVTLVLK,,,,,,,,,,,,,,,,,,,,,,,,,,,,,
LAAGDK,root,,,,,,,,,,,,,,,,,,,,,,,,,,,,
ALEEAHYEVLK,,,,,,,,,,,,,,,,,,,,,,,,,,,,,
WQNFSVQNK,,,,,,,,,,,,,,,,,,,,,,,,,,,,,
CLTSNGR,root,,,,,,,,,,,,,,,,,,,,,,,,,,,,
LSSNESSPLK,,,,,,,,,,,,,,,,,,,,,,,,,,,,,
NCLSTK,root,,,,,,,,,,,,,,,,,,,,,,,,,,,,
FFASYAYGK,,,,,,,,,,,,,,,,,,,,,,,,,,,,,
WWCLLSGWGNEK,,,,,,,,,,,,,,,,,,,,,,,,,,,,,
LSFPAPLK,root,,,,,,,,,,,,,,,,,,,,,,,,,,,,
QFNAGTECQPATK,,,,,,,,,,,,,,,,,,,,,,,,,,,,,
MHLMHLTK,Dorea,Bacteria,,,,Firmicutes,,,Clostridia,,,Eubacteriales,,,,Lachnospiraceae,,,,Dorea,,,,,,,,,
TVMNSVK,root,,,,,,,,,,,,,,,,,,,,,,,,,,,,
LLLLPK,root,,,,,,,,,,,,,,,,,,,,,,,,,,,,
LATVGPQAK,,,,,,,,,,,,,,,,,,,,,,,,,,,,,
VMFPFDR,Acidimicrobiaceae,Bacteria,,,,Actinobacteria,,,Acidimicrobiia,,,Acidimicrobiales,,,,Acidimicrobiaceae,,,,,,,,,,,,,
VGDVLLQR,root,,,,,,,,,,,,,,,,,,,,,,,,,,,,
EYTNPQHK,,,,,,,,,,,,,,,,,,,,,,,,,,,,,
QQMSTK,root,,,,,,,,,,,,,,,,,,,,,,,,,,,,
NSSDTK,root,,,,,,,,,,,,,,,,,,,,,,,,,,,,
GAATK,root,,,,,,,,,,,,,,,,,,,,,,,,,,,,
APNNLHK,Bacteroidetes,Bacteria,,,,Bacteroidetes,,,,,,,,,,,,,,,,,,,,,,,
MTNGNALPANPLK,,,,,,,,,,,,,,,,,,,,,,,,,,,,,
LYVTLPCWK,,,,,,,,,,,,,,,,,,,,,,,,,,,,,
QMWWCLLSGWGNTR,,,,,,,,,,,,,,,,,,,,,,,,,,,,,
LLTPGDPNK,,,,,,,,,,,,,,,,,,,,,,,,,,,,,
TAMPATLQTK,,,,,,,,,,,,,,,,,,,,,,,,,,,,,
TPQMTPNDSK,,,,,,,,,,,,,,,,,,,,,,,,,,,,,
CTGELVNNQYLK,,,,,,,,,,,,,,,,,,,,,,,,,,,,,
MMEVLK,root,,,,,,,,,,,,,,,,,,,,,,,,,,,,
MTYSCK,root,,,,,,,,,,,,,,,,,,,,,,,,,,,,
MEEEQLK,root,,,,,,,,,,,,,,,,,,,,,,,,,,,,
GFEMLPAELK,,,,,,,,,,,,,,,,,,,,,,,,,,,,,
TVPYPTYMSK,,,,,,,,,,,,,,,,,,,,,,,,,,,,,
ELHLTATNK,,,,,,,,,,,,,,,,,,,,,,,,,,,,,
NPEDVK,root,,,,,,,,,,,,,,,,,,,,,,,,,,,,
MGAAATK,root,,,,,,,,,,,,,,,,,,,,,,,,,,,,
CNHPK,root,,,,,,,,,,,,,,,,,,,,,,,,,,,,
LPVPR,root,,,,,,,,,,,,,,,,,,,,,,,,,,,,
LSLPR,root,,,,,,,,,,,,,,,,,,,,,,,,,,,,
CSHESK,root,,,,,,,,,,,,,,,,,,,,,,,,,,,,
DVELDLMHAK,,,,,,,,,,,,,,,,,,,,,,,,,,,,,
SCLLSGWGNTK,,,,,,,,,,,,,,,,,,,,,,,,,,,,,
SSGSSYPSLLQCLK,Sus scrofa,Eukaryota,Metazoa,,,Chordata,Craniata,Sarcopterygii,Mammalia,,Laurasiatheria,Artiodactyla,Suina,,,Suidae,,,,Sus,,,,Sus scrofa,,,,,
LGEHNLDVLEGNEQ,,,,,,,,,,,,,,,,,,,,,,,,,,,,,
LLTHPNFNGNTLDND,,,,,,,,,,,,,,,,,,,,,,,,,,,,,
GNEQFLNAAK,,,,,,,,,,,,,,,,,,,,,,,,,,,,,
LGEHNLDVLEGNEQF,,,,,,,,,,,,,,,,,,,,,,,,,,,,,
LGEHNLDVLEGN,,,,,,,,,,,,,,,,,,,,,,,,,,,,,
LLTHPNFNGNTLDN,,,,,,,,,,,,,,,,,,,,,,,,,,,,,
LLTHPNFNGNTLD,,,,,,,,,,,,,,,,,,,,,,,,,,,,,
AAGTECLLSGWGNTK,,,,,,,,,,,,,,,,,,,,,,,,,,,,,
LLTHPNFN,,,,,,,,,,,,,,,,,,,,,,,,,,,,,
TNEFVTLK,,,,,,,,,,,,,,,,,,,,,,,,,,,,,
NEQFLNAAK,,,,,,,,,,,,,,,,,,,,,,,,,,,,,
SLVNLGGSK,Mammalia,Eukaryota,Metazoa,,,Chordata,Craniata,Sarcopterygii,Mammalia,,,,,,,,,,,,,,,,,,,,
FLEQTK,root,,,,,,,,,,,,,,,,,,,,,,,,,,,,
DAEAWFNEK,Sarcopterygii,Eukaryota,Metazoa,,,Chordata,Craniata,Sarcopterygii,,,,,,,,,,,,,,,,,,,,,
LGEHNLDVLEGNE,,,,,,,,,,,,,,,,,,,,,,,,,,,,,
VTMDR,root,,,,,,,,,,,,,,,,,,,,,,,,,,,,
SHFCGGSLLNSQ,,,,,,,,,,,,,,,,,,,,,,,,,,,,,
LVGGYTCAAN,,,,,,,,,,,,,,,,,,,,,,,,,,,,,
LVGGYTCAANSLPY,,,,,,,,,,,,,,,,,,,,,,,,,,,,,
VATVSLPR,root,,,,,,,,,,,,,,,,,,,,,,,,,,,,
LPLLSTTK,root,,,,,,,,,,,,,,,,,,,,,,,,,,,,
LGEHNLDVL,,,,,,,,,,,,,,,,,,,,,,,,,,,,,
LLTHPNFNGNTL,,,,,,,,,,,,,,,,,,,,,,,,,,,,,
LATVSLPR,root,,,,,,,,,,,,,,,,,,,,,,,,,,,,
DVLEGNEQFLNAAK,,,,,,,,,,,,,,,,,,,,,,,,,,,,,
VVTVTVPR,Bacteria,Bacteria,,,,,,,,,,,,,,,,,,,,,,,,,,,
LSDDLATK,root,,,,,,,,,,,,,,,,,,,,,,,,,,,,
NDLMLLK,root,,,,,,,,,,,,,,,,,,,,,,,,,,,,
LVGGYTCAA,,,,,,,,,,,,,,,,,,,,,,,,,,,,,
SCLLS,root,,,,,,,,,,,,,,,,,,,,,,,,,,,,
LGEHNLD,,,,,,,,,,,,,,,,,,,,,,,,,,,,,
LSTHYQK,Glossina hytrosavirus,Viruses,,,,,,,Naldaviricetes,,,Lefavirales,,,,Hytrosaviridae,,,,Glossinavirus,,,,Glossina hytrosavirus,,,,,
MHLHQHQPLGV,,,,,,,,,,,,,,,,,,,,,,,,,,,,,
NSLPYQVSLNSG,,,,,,,,,,,,,,,,,,,,,,,,,,,,,
LGEHNLDVLE,,,,,,,,,,,,,,,,,,,,,,,,,,,,,
LVGGYTCAANSLPYQVSLNSG,,,,,,,,,,,,,,,,,,,,,,,,,,,,,
VPYQVSLNSG,,,,,,,,,,,,,,,,,,,,,,,,,,,,,
VAQVALLR,root,,,,,,,,,,,,,,,,,,,,,,,,,,,,
LTAVLSPR,root,,,,,,,,,,,,,,,,,,,,,,,,,,,,
NLDVLEGNEQFLNAAK,,,,,,,,,,,,,,,,,,,,,,,,,,,,,
AEYEDLATR,,,,,,,,,,,,,,,,,,,,,,,,,,,,,
SSPATLNSR,,,,,,,,,,,,,,,,,,,,,,,,,,,,,
NLDALSLR,root,,,,,,,,,,,,,,,,,,,,,,,,,,,,
PGGFLLLAR,,,,,,,,,,,,,,,,,,,,,,,,,,,,,
TSPAACLLSSSVR,,,,,,,,,,,,,,,,,,,,,,,,,,,,,
YVSSGALGGPLVTFDMR,Petrocella atlantisensis,Bacteria,,,,Firmicutes,,,Clostridia,,,Eubacteriales,,,,Vallitaleaceae,,,,Petrocella,,,,Petrocella atlantisensis,,,,,
TVTVLSPR,,,,,,,,,,,,,,,,,,,,,,,,,,,,,
GSTLLLQASK,,,,,,,,,,,,,,,,,,,,,,,,,,,,,
QYFGR,root,,,,,,,,,,,,,,,,,,,,,,,,,,,,
ATSVLFPVLYK,,,,,,,,,,,,,,,,,,,,,,,,,,,,,
NSLPYQVSLNS,,,,,,,,,,,,,,,,,,,,,,,,,,,,,
AANSLPYQVSLNSG,,,,,,,,,,,,,,,,,,,,,,,,,,,,,
LLSGGR,root,,,,,,,,,,,,,,,,,,,,,,,,,,,,
STSSFSCLSR,Mammalia,Eukaryota,Metazoa,,,Chordata,Craniata,Sarcopterygii,Mammalia,,,,,,,,,,,,,,,,,,,,
NPQAHVR,Arundo donax,Eukaryota,Viridiplantae,,,Streptophyta,Streptophytina,,Magnoliopsida,Petrosaviidae,,Poales,,,,Poaceae,Arundinoideae,Arundineae,,Arundo,,,,Arundo donax,,,,,
AVMDDFAAFVEK,Homininae,Eukaryota,Metazoa,,,Chordata,Craniata,Sarcopterygii,Mammalia,,Euarchontoglires,Primates,Haplorrhini,Simiiformes,Hominoidea,Hominidae,Homininae,,,,,,,,,,,,
GTECLLSGWGNTK,,,,,,,,,,,,,,,,,,,,,,,,,,,,,
SCLLSGW,,,,,,,,,,,,,,,,,,,,,,,,,,,,,
LASYLDK,root,,,,,,,,,,,,,,,,,,,,,,,,,,,,
PELQER,root,,,,,,,,,,,,,,,,,,,,,,,,,,,,
SSGSSYPSLLQC,,,,,,,,,,,,,,,,,,,,,,,,,,,,,
STMSR,root,,,,,,,,,,,,,,,,,,,,,,,,,,,,
ALEEANADLEVK,root,,,,,,,,,,,,,,,,,,,,,,,,,,,,
EQFLNAAK,,,,,,,,,,,,,,,,,,,,,,,,,,,,,
ANSLPYQVSLNSG,,,,,,,,,,,,,,,,,,,,,,,,,,,,,
NDPVLLK,root,,,,,,,,,,,,,,,,,,,,,,,,,,,,
STMELNSR,,,,,,,,,,,,,,,,,,,,,,,,,,,,,
ALLHK,root,,,,,,,,,,,,,,,,,,,,,,,,,,,,
LDVLEGNEQFLN,,,,,,,,,,,,,,,,,,,,,,,,,,,,,
NPDLWQK,root,,,,,,,,,,,,,,,,,,,,,,,,,,,,
LGTDGTER,,,,,,,,,,,,,,,,,,,,,,,,,,,,,
SSGSSYPSLL,,,,,,,,,,,,,,,,,,,,,,,,,,,,,
PLLAAFSA,,,,,,,,,,,,,,,,,,,,,,,,,,,,,
NVELDPELQK,,,,,,,,,,,,,,,,,,,,,,,,,,,,,
LLPSLATSWK,,,,,,,,,,,,,,,,,,,,,,,,,,,,,
CHSYNDK,,,,,,,,,,,,,,,,,,,,,,,,,,,,,
MGGALQGK,Gemmobacter megaterium,Bacteria,,,,Proteobacteria,,,Alphaproteobacteria,,,Rhodobacterales,,,,Rhodobacteraceae,,,,Gemmobacter,,,,Gemmobacter megaterium,,,,,
NALKPPSK,Trichoderma arundinaceum,Eukaryota,Fungi,Dikarya,,Ascomycota,Pezizomycotina,,Sordariomycetes,Hypocreomycetidae,,Hypocreales,,,,Hypocreaceae,,,,Trichoderma,,,,Trichoderma arundinaceum,,,,,
VCNYVNWLQQ,,,,,,,,,,,,,,,,,,,,,,,,,,,,,
LATVLPSR,Bacteria,Bacteria,,,,,,,,,,,,,,,,,,,,,,,,,,,
NVGVSGMDLDR,,,,,,,,,,,,,,,,,,,,,,,,,,,,,
LMEGK,root,,,,,,,,,,,,,,,,,,,,,,,,,,,,
APLLLLMTK,,,,,,,,,,,,,,,,,,,,,,,,,,,,,
GSAATAGAVDLLK,,,,,,,,,,,,,,,,,,,,,,,,,,,,,
SAGLGLLNR,,,,,,,,,,,,,,,,,,,,,,,,,,,,,
FQVGFGAR,,,,,,,,,,,,,,,,,,,,,,,,,,,,,
VCPLTHLR,,,,,,,,,,,,,,,,,,,,,,,,,,,,,
YTAPVLALSK,,,,,,,,,,,,,,,,,,,,,,,,,,,,,
LTGLTDALHR,,,,,,,,,,,,,,,,,,,,,,,,,,,,,
MHVARPR,root,,,,,,,,,,,,,,,,,,,,,,,,,,,,
DVQASK,root,,,,,,,,,,,,,,,,,,,,,,,,,,,,
TCAANSLPYQVSLNSG,,,,,,,,,,,,,,,,,,,,,,,,,,,,,
PVTVSLPR,,,,,,,,,,,,,,,,,,,,,,,,,,,,,
NPLLFNR,root,,,,,,,,,,,,,,,,,,,,,,,,,,,,
ATSMPDSSLVR,,,,,,,,,,,,,,,,,,,,,,,,,,,,,
TMAGVQK,root,,,,,,,,,,,,,,,,,,,,,,,,,,,,
VVSLSLPR,root,,,,,,,,,,,,,,,,,,,,,,,,,,,,
MLDAVNSGLLK,,,,,,,,,,,,,,,,,,,,,,,,,,,,,
LASHPSDK,,,,,,,,,,,,,,,,,,,,,,,,,,,,,
NVVELNDYMLK,,,,,,,,,,,,,,,,,,,,,,,,,,,,,
VFDEFKPLVEEPQNLLK,Hominoidea,Eukaryota,Metazoa,,,Chordata,Craniata,Sarcopterygii,Mammalia,,Euarchontoglires,Primates,Haplorrhini,Simiiformes,Hominoidea,,,,,,,,,,,,,,
LFPGSEVSELNDDLTVLK,,,,,,,,,,,,,,,,,,,,,,,,,,,,,
DASLSNWK,,,,,,,,,,,,,,,,,,,,,,,,,,,,,
LGVVAEPR,Micromonospora globbae,Bacteria,,,,Actinobacteria,,,Actinomycetia,,,Micromonosporales,,,,Micromonosporaceae,,,,Micromonospora,,,,Micromonospora globbae,,,,,
ATSASVLLEWVQ,,,,,,,,,,,,,,,,,,,,,,,,,,,,,
NTFGGLSVQNK,,,,,,,,,,,,,,,,,,,,,,,,,,,,,
FNGNTLDND,,,,,,,,,,,,,,,,,,,,,,,,,,,,,
HASLCTE,,,,,,,,,,,,,,,,,,,,,,,,,,,,,
WVVSAAH,,,,,,,,,,,,,,,,,,,,,,,,,,,,,
VAEVLALR,root,,,,,,,,,,,,,,,,,,,,,,,,,,,,
VGDVLLAR,root,,,,,,,,,,,,,,,,,,,,,,,,,,,,
VGFLEGGK,,,,,,,,,,,,,,,,,,,,,,,,,,,,,
