Fraction,Scan,Source File,Peptide,Tag Length,ALC (%),length,m/z,z,RT,Area,Mass,ppm,Accession,PTM,local confidence (%),tag (>=0%),mode
2,20533,20200714_584_TROCAS7_109_SMPCR_50%_gf75com_1_01.raw,VTN(+.98)AELAWELR,11,97,11,651.8459,2,71.35,,1301.6616,12.1,,Deamidation (NQ),92 98 100 100 100 100 97 96 99 99 95,VTN(+.98)AELAWELR,CID
2,11203,20200714_584_TROCAS7_109_SMPCR_50%_gf75com_1_01.raw,LSSPAELNSR,10,97,10,537.2836,2,39.84,9.04E4,1072.5513,1.3,,,98 100 99 98 98 99 97 96 93 92,LSSPAELNSR,CID
2,5716,20200714_584_TROCAS7_109_SMPCR_50%_gf75com_1_01.raw,GYGC(+57.02)AKR,7,96,7,406.1922,2,17.98,5.62E5,810.3806,-13.4,,Carbamidomethylation,84 99 99 99 99 98 96,GYGC(+57.02)AKR,CID
2,11076,20200714_584_TROCAS7_109_SMPCR_50%_gf75com_1_01.raw,LN(+.98)SPATLNSR,10,95,10,537.2839,2,39.30,1.2E7,1072.5513,1.9,,Deamidation (NQ),96 92 94 99 99 99 97 94 90 90,LN(+.98)SPATLNSR,CID
2,12920,20200714_584_TROCAS7_109_SMPCR_50%_gf75com_1_01.raw,VATVSLPGR,9,94,9,450.2694,2,46.80,3.03E6,898.5236,0.7,KNOT_5879241_PROKKA_348517,,95 98 100 100 99 99 97 94 71,VATVSLPGR,CID
2,13749,20200714_584_TROCAS7_109_SMPCR_50%_gf75com_1_01.raw,LAEVSLPR,8,94,8,442.7640,2,50.01,7.85E5,883.5127,0.9,KNOT_11443525_PROKKA_534238,,99 99 100 99 99 98 98 62,LAEVSLPR,CID
2,14342,20200714_584_TROCAS7_109_SMPCR_50%_gf75com_1_01.raw,VEPVLLEFYK,10,93,10,618.8521,2,52.36,7.24E5,1235.6802,7.6,,,60 88 100 100 100 99 99 97 95 94,VEPVLLEFYK,CID
2,16650,20200714_584_TROCAS7_109_SMPCR_50%_gf75com_1_01.raw,QQPVLLGEFYK,11,93,11,661.3614,2,60.43,1.03E5,1320.7078,0.4,gi|54036848,,62 78 99 100 100 100 94 99 98 96 97,QQPVLLGEFYK,CID
2,22502,20200714_584_TROCAS7_109_SMPCR_50%_gf75com_1_01.raw,MHFPHLYVPR,10,92,10,432.9002,3,77.54,2.94E4,1295.6597,14.8,,,96 99 99 99 99 100 94 94 85 55,MHFPHLYVPR,CID
2,20384,20200714_584_TROCAS7_109_SMPCR_50%_gf75com_1_01.raw,VTDSTFAEVLAR,12,89,12,436.8968,3,71.06,,1307.6721,-2.8,gi|54036848:KNOT_4403361_PROKKA_299720,,97 99 98 79 75 73 95 100 100 99 99 62,VTDSTFAEVLAR,CID
2,19326,20200714_584_TROCAS7_109_SMPCR_50%_gf75com_1_01.raw,VYLHPPGSR,9,89,9,513.2827,2,68.28,,1024.5454,5.2,,,94 97 99 99 98 73 74 92 76,VYLHPPGSR,CID
2,12020,20200714_584_TROCAS7_109_SMPCR_50%_gf75com_1_01.raw,LSSPAELNDR,10,88,10,551.2814,2,43.22,6.06E4,1100.5461,2.0,,,98 99 99 98 98 99 94 80 70 55,LSSPAELNDR,CID
2,18822,20200714_584_TROCAS7_109_SMPCR_50%_gf75com_1_01.raw,SC(+57.02)AAAGTEC(+57.02)LLSGWGSKR,18,88,18,955.9424,2,67.11,2.91E6,1909.8774,-3.8,,Carbamidomethylation,62 67 99 100 100 100 100 100 100 100 100 100 98 95 85 74 61 52,SC(+57.02)AAAGTEC(+57.02)LLSGWGSKR,CID
2,14151,20200714_584_TROCAS7_109_SMPCR_50%_gf75com_1_01.raw,MPPVLLGWFYK,11,88,11,675.8738,2,51.62,,1349.7205,9.4,,,65 63 82 94 100 100 92 92 97 93 93,MPPVLLGWFYK,CID
2,18619,20200714_584_TROCAS7_109_SMPCR_50%_gf75com_1_01.raw,LHSPYPR,7,88,7,435.2356,2,66.67,8.29E4,868.4555,1.2,,,98 97 88 71 90 84 90,LHSPYPR,CID
2,13623,20200714_584_TROCAS7_109_SMPCR_50%_gf75com_1_01.raw,VATPATVC(+57.02)M(+15.99)K,10,88,10,547.2739,2,49.51,1.83E5,1092.5308,2.2,,Carbamidomethylation; Oxidation (M),96 98 99 96 96 94 74 72 70 84,VATPATVC(+57.02)M(+15.99)K,CID
2,11899,20200714_584_TROCAS7_109_SMPCR_50%_gf75com_1_01.raw,LN(+.98)SPATLNDR,10,88,10,551.2794,2,42.71,1.22E6,1100.5461,-1.8,,Deamidation (NQ),97 98 99 98 99 97 92 61 67 70,LN(+.98)SPATLNDR,CID
2,20446,20200714_584_TROCAS7_109_SMPCR_50%_gf75com_1_01.raw,FMVTWELAVTVLR,13,87,13,782.9385,2,71.17,1.35E5,1563.8484,9.0,,,60 71 96 94 94 98 97 96 88 85 89 93 79,FMVTWELAVTVLR,CID
2,18489,20200714_584_TROCAS7_109_SMPCR_50%_gf75com_1_01.raw,EWAGTEC(+57.02)LLSGN(+.98)AGNTK,17,87,17,904.9177,2,66.35,4.41E4,1807.8047,8.9,,Carbamidomethylation; Deamidation (NQ),60 37 94 92 98 100 99 99 99 99 93 95 94 93 94 73 74,EWAGTEC(+57.02)LLSGN(+.98)AGNTK,CID
2,14373,20200714_584_TROCAS7_109_SMPCR_50%_gf75com_1_01.raw,TSSDPVLLWFYK,12,87,12,728.3890,2,52.48,1.48E5,1454.7446,13.0,,,74 54 59 80 96 98 99 99 97 97 98 99,TSSDPVLLWFYK,CID
2,14436,20200714_584_TROCAS7_109_SMPCR_50%_gf75com_1_01.raw,EVPVLLWAFYK,11,87,11,682.8825,2,52.68,1.46E5,1363.7539,-2.5,,,73 55 99 100 100 100 94 94 92 75 80,EVPVLLWAFYK,CID
2,16001,20200714_584_TROCAS7_109_SMPCR_50%_gf75com_1_01.raw,LSHVLLGEFYK,11,87,11,653.3635,2,58.08,9.76E5,1304.7129,-0.3,,,49 45 83 99 100 100 98 98 97 95 96,LSHVLLGEFYK,CID
2,14343,20200714_584_TROCAS7_109_SMPCR_50%_gf75com_1_01.raw,NPVLLWPGVK,10,87,10,561.8304,2,52.36,3.22E5,1121.6597,-11.9,,,89 95 100 100 99 98 77 65 78 70,NPVLLWPGVK,CID
2,20796,20200714_584_TROCAS7_109_SMPCR_50%_gf75com_1_01.raw,DSGSSYPSLLKC(+57.02)LK,14,86,14,777.8954,2,72.05,1.31E3,1553.7759,0.3,,Carbamidomethylation,96 96 70 92 99 99 88 73 83 98 96 73 80 67,DSGSSYPSLLKC(+57.02)LK,CID
2,20534,20200714_584_TROCAS7_109_SMPCR_50%_gf75com_1_01.raw,MTWELAAEVLR,11,86,11,659.8445,2,71.35,,1317.6750,-0.4,KNOT_18640465_PROKKA_666734,,55 57 93 99 94 92 88 93 90 97 92,MTWELAAEVLR,CID
2,19878,20200714_584_TROCAS7_109_SMPCR_50%_gf75com_1_01.raw,AM(+15.99)YEAVN(+.98)AVSNALR,14,86,14,763.3718,2,69.73,,1524.7241,3.3,gi|54036848,Oxidation (M); Deamidation (NQ),39 40 65 100 100 100 98 98 98 99 92 94 97 90,AM(+15.99)YEAVN(+.98)AVSNALR,CID
2,13303,20200714_584_TROCAS7_109_SMPCR_50%_gf75com_1_01.raw,MTLPVPR,7,86,7,407.2402,2,48.28,2.2E5,812.4578,10.0,,,65 71 93 95 93 92 95,MTLPVPR,CID
2,11325,20200714_584_TROCAS7_109_SMPCR_50%_gf75com_1_01.raw,MTSPVTLNDK,10,86,10,553.2774,2,40.32,6.75E4,1104.5486,-7.5,,,85 86 96 95 96 96 93 85 73 56,MTSPVTLNDK,CID
2,18533,20200714_584_TROCAS7_109_SMPCR_50%_gf75com_1_01.raw,NPWNTAVDAVSNALR,15,85,15,814.4062,2,66.43,1.11E5,1626.8113,-8.3,gi|54036848,,56 50 93 99 98 97 97 98 99 95 92 89 71 81 68,NPWNTAVDAVSNALR,CID
2,10573,20200714_584_TROCAS7_109_SMPCR_50%_gf75com_1_01.raw,LSSPATLEER,10,85,10,551.7967,2,37.22,4.39E5,1101.5667,11.1,,,97 99 99 98 99 98 95 66 69 35,LSSPATLEER,CID
2,20383,20200714_584_TROCAS7_109_SMPCR_50%_gf75com_1_01.raw,EYLTN(+.98)AELAEVLAR,14,85,14,796.9116,2,71.06,6.04E4,1591.8093,-0.4,gi|54036848:KNOT_4403361_PROKKA_299720,Deamidation (NQ),55 41 40 95 96 97 99 99 98 99 94 95 95 91,EYLTN(+.98)AELAEVLAR,CID
2,11820,20200714_584_TROCAS7_109_SMPCR_50%_gf75com_1_01.raw,LSSPAELDSR,10,85,10,537.7757,2,42.37,9.88E4,1073.5352,1.6,,,97 98 99 97 88 92 74 71 67 70,LSSPAELDSR,CID
2,18616,20200714_584_TROCAS7_109_SMPCR_50%_gf75com_1_01.raw,MHFPHLYPVR,10,84,10,432.9002,3,66.66,2.59E7,1295.6597,14.8,,,96 99 99 99 99 99 88 52 83 27,MHFPHLYPVR,CID
2,18486,20200714_584_TROCAS7_109_SMPCR_50%_gf75com_1_01.raw,DPKQEAVN(+.98)AVSTGAPK,16,84,16,806.9136,2,66.35,8.8E4,1611.8103,1.4,,Deamidation (NQ),66 54 96 96 100 97 98 97 98 97 98 92 62 88 76 29,DPKQEAVN(+.98)AVSTGAPK,CID
2,18646,20200714_584_TROCAS7_109_SMPCR_50%_gf75com_1_01.raw,EM(+15.99)HPRLK,7,83,7,463.7481,2,66.71,,925.4803,1.5,,Oxidation (M),85 73 99 93 81 77 78,EM(+15.99)HPRLK,CID
2,18649,20200714_584_TROCAS7_109_SMPCR_50%_gf75com_1_01.raw,MWAETEC(+57.02)LLSTNAAATK,17,83,17,948.9343,2,66.72,2.86E5,1895.8757,-11.4,,Carbamidomethylation,33 37 92 99 97 99 97 98 98 85 32 80 99 99 97 92 89,MWAETEC(+57.02)LLSTNAAATK,CID
2,11330,20200714_584_TROCAS7_109_SMPCR_50%_gf75com_1_01.raw,LSSPAERAN(+.98)K,10,83,10,537.2834,2,40.34,1.01E7,1072.5513,0.9,,Deamidation (NQ),98 99 99 98 95 95 69 71 60 51,LSSPAERAN(+.98)K,CID
2,14502,20200714_584_TROCAS7_109_SMPCR_50%_gf75com_1_01.raw,NNPVLLGEPRK,11,83,11,618.8517,2,52.86,2.26E6,1235.6985,-7.7,gi|54036848,,69 74 99 100 100 100 88 97 55 56 81,NNPVLLGEPRK,CID
2,19367,20200714_584_TROCAS7_109_SMPCR_50%_gf75com_1_01.raw,DC(+57.02)NAGTEC(+57.02)LLSGWKATK,17,83,17,955.9434,2,68.36,,1909.8662,3.2,,Carbamidomethylation,31 31 59 99 97 99 100 98 98 99 98 95 96 99 99 86 28,DC(+57.02)NAGTEC(+57.02)LLSGWKATK,CID
2,18433,20200714_584_TROCAS7_109_SMPCR_50%_gf75com_1_01.raw,MLGKNEAVN(+.98)AVMNAPK,16,82,16,844.4357,2,66.21,2.14E5,1686.8433,8.1,gi|54036848,Deamidation (NQ),38 49 44 69 94 99 98 98 99 99 99 99 95 97 91 54,MLGKNEAVN(+.98)AVMNAPK,CID
2,13911,20200714_584_TROCAS7_109_SMPCR_50%_gf75com_1_01.raw,QLTLVPDK,8,82,8,457.2776,2,50.67,,912.5280,13.8,,,80 95 75 70 70 80 93 89,QLTLVPDK,CID
2,23047,20200714_584_TROCAS7_109_SMPCR_50%_gf75com_1_01.raw,ALDLLEEAGANGSK,14,82,14,694.3651,2,79.23,,1386.6990,12.0,,,45 59 98 99 98 99 99 90 55 87 82 80 85 71,ALDLLEEAGANGSK,CID
2,19857,20200714_584_TROCAS7_109_SMPCR_50%_gf75com_1_01.raw,SC(+57.02)AAAGTEC(+57.02)LLSRMGSQR,18,82,18,977.9365,2,69.66,6.97E3,1953.8818,-11.9,,Carbamidomethylation,49 33 70 99 100 99 99 100 98 99 99 98 88 84 75 66 63 54,SC(+57.02)AAAGTEC(+57.02)LLSRMGSQR,CID
2,18452,20200714_584_TROCAS7_109_SMPCR_50%_gf75com_1_01.raw,VLKNEC(+57.02)FAVSNALR,14,81,14,540.9489,3,66.27,2.97E4,1619.8452,-12.5,gi|54036848,Carbamidomethylation,96 98 97 82 85 37 37 96 92 92 83 79 87 83,VLKNEC(+57.02)FAVSNALR,CID
2,12826,20200714_584_TROCAS7_109_SMPCR_50%_gf75com_1_01.raw,SLVAYPPK,8,81,8,437.7535,2,46.43,3.33E4,873.4960,-4.1,,,80 91 96 94 79 59 74 79,SLVAYPPK,CID
2,13591,20200714_584_TROCAS7_109_SMPCR_50%_gf75com_1_01.raw,VVTVSLPGR,9,81,9,464.2855,2,49.38,4.71E4,926.5549,1.8,,,98 99 99 99 94 89 55 57 44,VVTVSLPGR,CID
2,22012,20200714_584_TROCAS7_109_SMPCR_50%_gf75com_1_01.raw,MHFPHLYVPR,10,81,10,432.9000,3,75.77,5.61E4,1295.6597,14.2,,,93 99 97 95 99 99 74 79 54 23,MHFPHLYVPR,CID
2,22887,20200714_584_TROCAS7_109_SMPCR_50%_gf75com_1_01.raw,WQM(+15.99)LC(+57.02)ETGAAASR,13,81,13,748.8334,2,78.76,,1495.6548,-1.6,,Oxidation (M); Carbamidomethylation,51 61 57 97 96 98 82 69 92 98 96 93 61,WQM(+15.99)LC(+57.02)ETGAAASR,CID
2,14456,20200714_584_TROCAS7_109_SMPCR_50%_gf75com_1_01.raw,NNPVLLWANM(+15.99)K,11,81,11,658.3536,2,52.73,1.59E5,1314.6755,13.1,gi|54036848,Oxidation (M),90 97 99 100 100 99 84 48 66 51 56,NNPVLLWANM(+15.99)K,CID
2,18499,20200714_584_TROCAS7_109_SMPCR_50%_gf75com_1_01.raw,VLGQNEALDAVSNN(+.98)PK,16,81,16,835.4269,2,66.37,,1668.8318,4.4,gi|54036848,Deamidation (NQ),77 83 54 68 93 98 97 98 97 99 98 92 89 79 38 35,VLGQNEALDAVSNN(+.98)PK,CID
2,13818,20200714_584_TROCAS7_109_SMPCR_50%_gf75com_1_01.raw,VAEVSLPGR,9,80,9,464.2671,2,50.29,3.76E4,926.5185,1.3,KNOT_11443525_PROKKA_534238,,94 99 100 100 97 95 54 52 35,VAEVSLPGR,CID
2,19313,20200714_584_TROCAS7_109_SMPCR_50%_gf75com_1_01.raw,M(+15.99)EHPLRK,7,80,7,463.7482,2,68.26,1.87E4,925.4803,1.7,,Oxidation (M),82 96 99 94 81 48 65,M(+15.99)EHPLRK,CID
2,18733,20200714_584_TROCAS7_109_SMPCR_50%_gf75com_1_01.raw,VYLHPPGSR,9,80,9,513.2838,2,66.92,4.9E4,1024.5454,7.4,,,97 99 100 100 97 70 33 61 68,VYLHPPGSR,CID
2,19081,20200714_584_TROCAS7_109_SMPCR_50%_gf75com_1_01.raw,MHFPHLVFER,10,80,10,438.2316,3,67.72,,1311.6545,14.0,,,96 99 99 98 99 99 52 48 75 39,MHFPHLVFER,CID
2,18622,20200714_584_TROCAS7_109_SMPCR_50%_gf75com_1_01.raw,WFAGTEC(+57.02)LLSGWGGADK,17,80,17,927.9360,2,66.67,,1853.8406,9.1,,Carbamidomethylation,32 35 93 92 98 99 97 98 99 98 92 96 86 76 86 45 38,WFAGTEC(+57.02)LLSGWGGADK,CID
2,20364,20200714_584_TROCAS7_109_SMPCR_50%_gf75com_1_01.raw,SGHMVELR,8,79,8,464.7352,2,71.02,1.07E4,927.4597,-4.0,,,49 40 87 94 94 92 89 86,SGHMVELR,CID
2,22641,20200714_584_TROCAS7_109_SMPCR_50%_gf75com_1_01.raw,HKLVDLLN(+.98)EAASSLR,15,78,15,833.9611,2,78.06,1.75E5,1665.9050,1.5,gi|54036848,Deamidation (NQ),28 30 40 37 95 98 99 97 99 97 98 93 90 94 86,HKLVDLLN(+.98)EAASSLR,CID
2,15370,20200714_584_TROCAS7_109_SMPCR_50%_gf75com_1_01.raw,MPQPLGTDNHQPSQDLVR,18,78,18,508.9959,4,55.95,9.34E5,2031.9795,-12.2,gi|54036848,,60 60 72 49 86 88 99 80 72 35 66 85 97 94 93 92 91 91,MPQPLGTDNHQPSQDLVR,CID
2,12974,20200714_584_TROCAS7_109_SMPCR_50%_gf75com_1_01.raw,LAAVSTHK,8,78,8,413.7438,2,47.01,,825.4708,2.7,,,97 95 92 87 65 71 62 57,LAAVSTHK,CID
2,14038,20200714_584_TROCAS7_109_SMPCR_50%_gf75com_1_01.raw,VVTVSLESMR,10,78,10,560.7977,2,51.18,,1119.5957,-13.2,,,95 97 96 89 69 90 82 55 55 54,VVTVSLESMR,CID
2,18694,20200714_584_TROCAS7_109_SMPCR_50%_gf75com_1_01.raw,HEPAGTEC(+57.02)LLSGWGAGSR,18,78,18,942.9266,2,66.82,1.8E5,1883.8584,-10.4,,Carbamidomethylation,48 49 18 92 88 97 99 97 98 99 97 93 94 91 93 46 55 49,HEPAGTEC(+57.02)LLSGWGAGSR,CID
2,12709,20200714_584_TROCAS7_109_SMPCR_50%_gf75com_1_01.raw,VATVSHAK,8,78,8,406.7355,2,45.99,4.78E5,811.4552,1.6,,,95 96 99 96 62 50 62 65,VATVSHAK,CID
2,19500,20200714_584_TROCAS7_109_SMPCR_50%_gf75com_1_01.raw,MHFPHLTASKK,11,77,11,432.9004,3,68.70,7.62E5,1295.6809,-1.1,,,93 99 97 96 99 100 93 48 57 41 28,MHFPHLTASKK,CID
2,18077,20200714_584_TROCAS7_109_SMPCR_50%_gf75com_1_01.raw,MHFPHLYVPR,10,77,10,432.9001,3,65.12,3.13E5,1295.6597,14.4,,,92 98 91 87 96 96 70 74 49 21,MHFPHLYVPR,CID
2,20744,20200714_584_TROCAS7_109_SMPCR_50%_gf75com_1_01.raw,MHFVLRSHNR,10,77,10,648.8469,2,71.91,,1295.6670,9.5,,,94 94 85 43 49 68 90 89 79 83,MHFVLRSHNR,CID
2,20226,20200714_584_TROCAS7_109_SMPCR_50%_gf75com_1_01.raw,LHMVHK,6,77,6,382.7191,2,70.61,2.57E4,763.4163,9.6,,,95 95 98 56 52 66,LHMVHK,CID
2,16811,20200714_584_TROCAS7_109_SMPCR_50%_gf75com_1_01.raw,VLWNEAVN(+.98)AVFNAPK,15,77,15,836.9406,2,60.95,,1671.8621,2.8,,Deamidation (NQ),34 46 79 93 99 99 98 97 92 89 75 71 83 65 31,VLWNEAVN(+.98)AVFNAPK,CID
2,13751,20200714_584_TROCAS7_109_SMPCR_50%_gf75com_1_01.raw,LATVSLSEMR,10,77,10,553.7900,2,50.02,,1105.5801,-13.2,KNOT_5879241_PROKKA_348517,,97 98 99 99 99 92 33 74 46 29,LATVSLSEMR,CID
2,13776,20200714_584_TROCAS7_109_SMPCR_50%_gf75com_1_01.raw,TLLLFYASR,9,76,9,542.3135,2,50.12,,1082.6123,0.1,,,55 69 93 97 89 82 65 79 56,TLLLFYASR,CID
2,18612,20200714_584_TROCAS7_109_SMPCR_50%_gf75com_1_01.raw,NMGSAGTEC(+57.02)LLSGN(+.98)SKATK,19,76,19,963.9412,2,66.65,2.71E6,1925.8823,-7.6,,Carbamidomethylation; Deamidation (NQ),30 31 15 68 99 93 97 99 97 98 98 96 88 70 70 90 96 88 27,NMGSAGTEC(+57.02)LLSGN(+.98)SKATK,CID
2,18618,20200714_584_TROCAS7_109_SMPCR_50%_gf75com_1_01.raw,DNC(+57.02)AGTEC(+57.02)LMSGLSKATK,18,76,18,971.9332,2,66.67,1.6E6,1941.8594,-3.9,,Carbamidomethylation,23 22 49 98 98 97 99 96 97 95 94 84 78 48 92 95 85 21,DNC(+57.02)AGTEC(+57.02)LMSGLSKATK,CID
2,11402,20200714_584_TROCAS7_109_SMPCR_50%_gf75com_1_01.raw,EASPATLGYC(+57.02)PK,12,76,12,647.3090,2,40.64,2.96E4,1292.6069,-2.7,,Carbamidomethylation,80 62 97 97 98 97 92 26 61 77 63 60,EASPATLGYC(+57.02)PK,CID
2,12564,20200714_584_TROCAS7_109_SMPCR_50%_gf75com_1_01.raw,VATVTHGK,8,75,8,406.7351,2,45.48,3.88E4,811.4552,0.5,,,93 95 99 89 72 50 43 65,VATVTHGK,CID
2,19530,20200714_584_TROCAS7_109_SMPCR_50%_gf75com_1_01.raw,MHFPDRLKPR,10,75,10,648.8461,2,68.77,6.28E5,1295.6921,-11.2,,,96 97 94 88 68 44 66 82 66 54,MHFPDRLKPR,CID
2,19677,20200714_584_TROCAS7_109_SMPCR_50%_gf75com_1_01.raw,SC(+57.02)AAAGTEC(+57.02)HQLSGWGNTR,19,75,19,1031.9398,2,69.11,8.47E5,2061.8745,-4.6,,Carbamidomethylation,50 55 98 99 99 99 99 100 79 31 35 99 98 93 90 55 54 59 41,SC(+57.02)AAAGTEC(+57.02)HQLSGWGNTR,CID
2,10475,20200714_584_TROCAS7_109_SMPCR_50%_gf75com_1_01.raw,C(+57.02)C(+57.02)C(+57.02)C(+57.02)TPATLNSR,12,75,12,750.2891,2,36.84,3.5E5,1498.5786,-10.0,,Carbamidomethylation,28 34 84 82 95 96 97 92 93 73 72 55,C(+57.02)C(+57.02)C(+57.02)C(+57.02)TPATLNSR,CID
2,18480,20200714_584_TROCAS7_109_SMPCR_50%_gf75com_1_01.raw,VMWADVAENPGPK,13,75,13,707.3517,2,66.34,,1412.6758,9.2,,,71 75 92 93 97 95 89 82 56 72 72 48 34,VMWADVAENPGPK,CID
2,18601,20200714_584_TROCAS7_109_SMPCR_50%_gf75com_1_01.raw,VLEAVDAVSALNR,13,74,13,678.8779,2,66.62,,1355.7407,0.3,gi|54036848,,55 69 100 99 98 97 90 89 74 45 51 45 55,VLEAVDAVSALNR,CID
2,13875,20200714_584_TROCAS7_109_SMPCR_50%_gf75com_1_01.raw,LAEVSLPR,8,74,8,442.7639,2,50.52,1.47E6,883.5127,0.7,KNOT_11443525_PROKKA_534238,,98 98 99 89 55 57 65 32,LAEVSLPR,CID
2,25908,20200714_584_TROCAS7_109_SMPCR_50%_gf75com_1_01.raw,MHFPHLTKASK,11,74,11,432.9016,3,89.67,6.27E3,1295.6809,1.5,,,94 99 97 95 99 99 90 31 40 43 26,MHFPHLTKASK,CID
2,21459,20200714_584_TROCAS7_109_SMPCR_50%_gf75com_1_01.raw,MHFPHLTKASK,11,74,11,432.9001,3,74.08,2.38E5,1295.6809,-2.0,,,93 99 96 94 99 99 90 31 40 44 25,MHFPHLTKASK,CID
2,18834,20200714_584_TROCAS7_109_SMPCR_50%_gf75com_1_01.raw,QM(+15.99)NAGTEC(+57.02)LLSGDSKATK,18,73,18,963.9390,2,67.15,,1925.8823,-9.8,,Oxidation (M); Carbamidomethylation,23 25 51 99 95 97 99 95 96 98 97 88 38 38 82 94 82 24,QM(+15.99)NAGTEC(+57.02)LLSGDSKATK,CID
2,17053,20200714_584_TROCAS7_109_SMPCR_50%_gf75com_1_01.raw,EEM(+15.99)AGTEC(+57.02)LLSFNAAATK,18,73,18,979.9345,2,61.83,,1957.8760,-11.0,,Oxidation (M); Carbamidomethylation,43 44 21 94 91 96 99 96 97 97 90 34 33 61 89 91 79 68,EEM(+15.99)AGTEC(+57.02)LLSFNAAATK,CID
2,19531,20200714_584_TROCAS7_109_SMPCR_50%_gf75com_1_01.raw,YLHPPGSR,8,73,8,463.7479,2,68.77,4.34E4,925.4770,4.6,,,90 96 99 94 71 38 61 38,YLHPPGSR,CID
2,23026,20200714_584_TROCAS7_109_SMPCR_50%_gf75com_1_01.raw,MHLMHLYVPR,10,73,10,432.9014,3,79.15,,1295.6631,15.0,,,89 96 73 71 97 99 69 73 48 18,MHLMHLYVPR,CID
2,12143,20200714_584_TROCAS7_109_SMPCR_50%_gf75com_1_01.raw,LSDPATGTPN(+.98)K,11,73,11,551.2812,2,43.73,2.02E5,1100.5349,11.8,,Deamidation (NQ),97 98 99 98 98 93 24 37 59 56 46,LSDPATGTPN(+.98)K,CID
2,19293,20200714_584_TROCAS7_109_SMPCR_50%_gf75com_1_01.raw,MHFPHLTKASK,11,73,11,432.9008,3,68.20,2.19E1,1295.6809,-0.2,,,94 99 99 98 99 99 78 30 39 39 28,MHFPHLTKASK,CID
2,18859,20200714_584_TROCAS7_109_SMPCR_50%_gf75com_1_01.raw,LNAAGTEC(+57.02)LLSGWHYK,16,73,16,910.4343,2,67.20,,1818.8723,-10.1,,Carbamidomethylation,29 24 61 95 92 97 99 96 98 98 98 79 77 37 41 45,LNAAGTEC(+57.02)LLSGWHYK,CID
2,16395,20200714_584_TROCAS7_109_SMPCR_50%_gf75com_1_01.raw,MVEDYKLK,8,73,8,513.2689,2,59.49,,1024.5264,-3.1,,,93 93 90 75 52 55 80 44,MVEDYKLK,CID
2,19211,20200714_584_TROCAS7_109_SMPCR_50%_gf75com_1_01.raw,C(+57.02)RSHLDVLQ(+.98)GNEGAFLNAAK,20,72,20,1101.0409,2,68.00,,2200.0693,-1.0,,Carbamidomethylation; Deamidation (NQ),23 18 23 28 98 99 99 99 99 84 82 92 34 61 95 97 90 88 79 65,C(+57.02)RSHLDVLQ(+.98)GNEGAFLNAAK,CID
2,15745,20200714_584_TROCAS7_109_SMPCR_50%_gf75com_1_01.raw,KPPLLGEAPNR,11,72,11,596.3410,2,57.18,3.87E4,1190.6770,-8.0,,,56 93 94 99 99 82 96 41 49 50 34,KPPLLGEAPNR,CID
2,19070,20200714_584_TROCAS7_109_SMPCR_50%_gf75com_1_01.raw,RYAAGTEC(+57.02)EPSGMGAAATK,19,72,19,964.4399,2,67.69,2.9E4,1926.8564,4.5,,Carbamidomethylation,15 23 86 96 91 96 99 94 98 90 95 46 38 59 72 86 82 57 46,RYAAGTEC(+57.02)EPSGMGAAATK,CID
2,19113,20200714_584_TROCAS7_109_SMPCR_50%_gf75com_1_01.raw,AFGQGTEC(+57.02)LLSGWNADK,17,72,17,927.4268,2,67.79,,1852.8413,-1.3,,Carbamidomethylation,26 26 15 31 95 98 99 97 98 99 98 94 90 85 85 46 40,AFGQGTEC(+57.02)LLSGWNADK,CID
2,12547,20200714_584_TROCAS7_109_SMPCR_50%_gf75com_1_01.raw,RM(+15.99)VTVPR,7,72,7,437.7534,2,45.42,8.99E4,873.4855,7.9,,Oxidation (M),45 59 88 74 93 90 52,RM(+15.99)VTVPR,CID
2,18520,20200714_584_TROCAS7_109_SMPCR_50%_gf75com_1_01.raw,WPN(+.98)QAVDAVSSAAPK,15,72,15,771.3844,2,66.40,,1540.7522,1.3,gi|54036848,Deamidation (NQ),71 33 22 26 90 97 98 96 89 86 88 90 95 70 26,WPN(+.98)QAVDAVSSAAPK,CID
2,16546,20200714_584_TROCAS7_109_SMPCR_50%_gf75com_1_01.raw,M(+15.99)VVEAGYLK,9,72,9,513.2687,2,60.01,5.66E4,1024.5264,-3.4,,Oxidation (M),93 86 80 91 73 28 46 79 69,M(+15.99)VVEAGYLK,CID
2,15716,20200714_584_TROCAS7_109_SMPCR_50%_gf75com_1_01.raw,M(+15.99)LVMHNLHK,9,71,9,569.7924,2,57.08,1.53E4,1137.5786,-7.4,,Oxidation (M),98 99 94 32 30 32 87 86 85,M(+15.99)LVMHNLHK,CID
2,19730,20200714_584_TROCAS7_109_SMPCR_50%_gf75com_1_01.raw,MHLMHLEFVR,10,71,10,438.2306,3,69.25,3.66E5,1311.6580,9.1,,,91 97 78 72 94 89 55 46 65 28,MHLMHLEFVR,CID
2,22014,20200714_584_TROCAS7_109_SMPCR_50%_gf75com_1_01.raw,ALDLLDEAWLK,11,71,11,643.8510,2,75.77,1.31E4,1285.6917,-3.2,gi|54036848:KNOT_16829144_PROKKA_644084,,45 54 96 100 99 97 98 67 41 55 33,ALDLLDEAWLK,CID
2,11308,20200714_584_TROCAS7_109_SMPCR_50%_gf75com_1_01.raw,LSSPVN(+.98)PNMK,10,71,10,544.2733,2,40.26,1.85E5,1086.5378,-5.4,,Deamidation (NQ),94 95 96 86 84 66 26 49 63 52,LSSPVN(+.98)PNMK,CID
2,18839,20200714_584_TROCAS7_109_SMPCR_50%_gf75com_1_01.raw,MHFPHLHHLK,10,71,10,432.9008,3,67.17,4.31E6,1295.6709,7.4,,,95 99 98 97 99 97 44 33 30 17,MHFPHLHHLK,CID
2,17439,20200714_584_TROCAS7_109_SMPCR_50%_gf75com_1_01.raw,M(+15.99)QNAGTEC(+57.02)LLC(+57.02)VQATK,16,71,16,920.4142,2,63.09,,1838.8325,-10.2,,Oxidation (M); Carbamidomethylation,25 27 51 99 92 96 99 94 95 90 32 34 80 86 69 65,M(+15.99)QNAGTEC(+57.02)LLC(+57.02)VQATK,CID
2,26499,20200714_584_TROCAS7_109_SMPCR_50%_gf75com_1_01.raw,MHLMHLTASKK,11,71,11,432.9016,3,91.95,1.05E4,1295.6843,-1.1,,,90 98 89 88 99 99 93 27 37 34 26,MHLMHLTASKK,CID
2,15404,20200714_584_TROCAS7_109_SMPCR_50%_gf75com_1_01.raw,LPQVEGTNHVQPSKDDPR,18,70,18,673.0031,3,56.01,,2016.0024,-7.4,gi|54036848,,97 96 98 99 99 72 74 51 50 89 91 79 46 48 62 45 32 35,LPQVEGTNHVQPSKDDPR,CID
2,5885,20200714_584_TROCAS7_109_SMPCR_50%_gf75com_1_01.raw,SSRSPGYEDK,10,70,10,375.8476,3,18.56,1.55E5,1124.5098,9.9,,,96 95 32 39 31 29 91 99 98 92,SSRSPGYEDK,CID
2,13157,20200714_584_TROCAS7_109_SMPCR_50%_gf75com_1_01.raw,VATVSSFHSR,10,70,10,545.7820,2,47.74,9.03E4,1089.5566,-6.5,,,95 99 99 95 50 43 40 62 62 54,VATVSSFHSR,CID
2,22329,20200714_584_TROCAS7_109_SMPCR_50%_gf75com_1_01.raw,ALPLLDEALESGK,13,70,13,678.3818,2,76.95,,1354.7344,10.9,,,54 71 96 98 98 97 98 87 34 68 43 26 35,ALPLLDEALESGK,CID
2,11077,20200714_584_TROCAS7_109_SMPCR_50%_gf75com_1_01.raw,VTM(+15.99)PATLNN(+.98)K,10,70,10,553.2783,2,39.30,8.87E4,1104.5486,-6.0,,Oxidation (M); Deamidation (NQ),55 62 35 88 95 93 90 77 51 50,VTM(+15.99)PATLNN(+.98)K,CID
2,15514,20200714_584_TROCAS7_109_SMPCR_50%_gf75com_1_01.raw,NPKNNASKTNQSC(+57.02)HRVR,17,69,17,1006.0069,2,56.34,,2009.9927,3.3,,Carbamidomethylation,82 93 90 78 91 75 74 52 49 82 85 71 67 37 29 63 63,NPKNNASKTNQSC(+57.02)HRVR,CID
2,13786,20200714_584_TROCAS7_109_SMPCR_50%_gf75com_1_01.raw,VVTVC(+57.02)C(+57.02)KPR,9,69,9,559.7968,2,50.16,2.33E5,1117.5735,4.9,,Carbamidomethylation,96 98 94 94 57 32 34 62 59,VVTVC(+57.02)C(+57.02)KPR,CID
2,19090,20200714_584_TROCAS7_109_SMPCR_50%_gf75com_1_01.raw,WQLRYC(+57.02)VFSDLSVQNK,16,69,16,1021.9988,2,67.75,5.69E4,2042.0044,-10.4,,Carbamidomethylation,40 49 54 15 22 93 96 76 67 72 96 95 96 93 67 82,WQLRYC(+57.02)VFSDLSVQNK,CID
2,20448,20200714_584_TROCAS7_109_SMPCR_50%_gf75com_1_01.raw,N(+.98)PEALVNQR,9,69,9,521.2762,2,71.17,4.31E4,1040.5250,12.4,,Deamidation (NQ),75 68 97 92 82 65 33 52 60,N(+.98)PEALVNQR,CID
2,18484,20200714_584_TROCAS7_109_SMPCR_50%_gf75com_1_01.raw,C(+57.02)TGFPHLYVPR,11,69,11,673.8446,2,66.35,,1345.6602,10.8,,Carbamidomethylation,66 77 76 86 89 89 70 52 68 56 32,C(+57.02)TGFPHLYVPR,CID
2,16171,20200714_584_TROCAS7_109_SMPCR_50%_gf75com_1_01.raw,QNM(+15.99)AGTEC(+57.02)LLSGC(+57.02)SKATK,18,69,18,986.4474,2,58.72,3.43E4,1970.8860,-2.9,,Oxidation (M); Carbamidomethylation,21 22 24 98 92 97 99 96 97 98 97 71 37 37 70 94 82 21,QNM(+15.99)AGTEC(+57.02)LLSGC(+57.02)SKATK,CID
2,18596,20200714_584_TROCAS7_109_SMPCR_50%_gf75com_1_01.raw,M(+15.99)VN(+.98)VGTEC(+57.02)LLSGWGAATK,18,69,18,955.9410,2,66.60,3.07E6,1909.8914,-12.5,,Oxidation (M); Deamidation (NQ); Carbamidomethylation,30 31 26 27 67 97 99 96 97 98 89 18 35 76 94 96 88 86,M(+15.99)VN(+.98)VGTEC(+57.02)LLSGWGAATK,CID
2,18474,20200714_584_TROCAS7_109_SMPCR_50%_gf75com_1_01.raw,MHNASKPLKR,10,69,10,394.5577,3,66.33,,1180.6499,1.1,,,92 97 73 32 32 95 88 76 50 56,MHNASKPLKR,CID
2,17212,20200714_584_TROCAS7_109_SMPCR_50%_gf75com_1_01.raw,SC(+57.02)AAAGTEC(+57.02)LLSGYTPTK,18,69,18,943.9235,2,62.35,1.23E5,1885.8550,-11.9,,Carbamidomethylation,27 28 93 99 100 96 98 99 96 97 99 98 43 35 35 41 34 28,SC(+57.02)AAAGTEC(+57.02)LLSGYTPTK,CID
2,17315,20200714_584_TROCAS7_109_SMPCR_50%_gf75com_1_01.raw,LRFPHLTEER,10,69,10,433.2346,3,62.74,5.39E3,1296.6938,-9.2,,,54 38 79 79 98 96 73 68 70 34,LRFPHLTEER,CID
2,12773,20200714_584_TROCAS7_109_SMPCR_50%_gf75com_1_01.raw,LLVMHGK,7,69,7,399.2413,2,46.25,1.75E5,796.4630,6.4,,,86 91 95 89 66 25 32,LLVMHGK,CID
2,17393,20200714_584_TROCAS7_109_SMPCR_50%_gf75com_1_01.raw,LPLLGEQPGR,10,69,10,540.3110,2,63.00,,1078.6135,-5.7,,,38 51 84 99 95 97 71 57 45 51,LPLLGEQPGR,CID
2,20452,20200714_584_TROCAS7_109_SMPCR_50%_gf75com_1_01.raw,LVNAEN(+.98)AQ(+.98)LAAEVLR,15,69,15,806.9189,2,71.17,,1611.8467,-14.5,KNOT_18640465_PROKKA_666734,Deamidation (NQ),33 27 21 23 54 94 97 97 98 96 88 92 81 76 55,LVNAEN(+.98)AQ(+.98)LAAEVLR,CID
2,22103,20200714_584_TROCAS7_109_SMPCR_50%_gf75com_1_01.raw,WVPPLR,6,69,6,384.2354,2,76.08,,766.4490,9.4,,,55 79 52 69 77 79,WVPPLR,CID
2,13802,20200714_584_TROCAS7_109_SMPCR_50%_gf75com_1_01.raw,NNPVLLNRK,9,69,9,534.3154,2,50.23,,1066.6248,-7.9,gi|54036848,,65 82 90 95 93 73 34 43 43,NNPVLLNRK,CID
2,18736,20200714_584_TROCAS7_109_SMPCR_50%_gf75com_1_01.raw,MHNASKPLKR,10,68,10,394.5573,3,66.92,8.49E4,1180.6499,0.2,,,92 97 68 34 34 87 91 74 49 55,MHNASKPLKR,CID
2,18843,20200714_584_TROCAS7_109_SMPCR_50%_gf75com_1_01.raw,FQNAGTEC(+57.02)LLSC(+57.02)DQATK,17,68,17,971.9376,2,67.18,8.45E4,1941.8560,2.4,,Carbamidomethylation,21 23 49 99 86 77 97 95 96 89 81 38 43 77 78 56 49,FQNAGTEC(+57.02)LLSC(+57.02)DQATK,CID
2,19301,20200714_584_TROCAS7_109_SMPCR_50%_gf75com_1_01.raw,MHFPHLTSKSK,11,67,11,438.2330,3,68.23,8.91E5,1311.6758,1.1,,,92 96 80 72 84 89 76 44 46 34 26,MHFPHLTSKSK,CID
2,12623,20200714_584_TROCAS7_109_SMPCR_50%_gf75com_1_01.raw,C(+57.02)C(+57.02)EVATVHC(+57.02)R,10,67,10,646.2743,2,45.70,,1290.5269,5.6,,Carbamidomethylation,49 63 65 89 91 89 70 50 55 50,C(+57.02)C(+57.02)EVATVHC(+57.02)R,CID
2,18505,20200714_584_TROCAS7_109_SMPCR_50%_gf75com_1_01.raw,TLWEPAAGSK,10,67,10,530.2770,2,66.38,1.31E4,1058.5396,0.0,,,39 51 79 97 78 71 67 82 79 28,TLWEPAAGSK,CID
2,20541,20200714_584_TROCAS7_109_SMPCR_50%_gf75com_1_01.raw,LDN(+.98)ELAEPTLK,11,67,11,622.3218,2,71.36,,1242.6343,-4.1,,Deamidation (NQ),34 29 27 96 97 94 95 57 68 76 63,LDN(+.98)ELAEPTLK,CID
2,12675,20200714_584_TROCAS7_109_SMPCR_50%_gf75com_1_01.raw,C(+57.02)GYVATVSLPR,11,67,11,611.8108,2,45.87,,1221.6177,-8.7,KNOT_5879241_PROKKA_348517,Carbamidomethylation,23 18 37 86 91 92 91 79 87 66 68,C(+57.02)GYVATVSLPR,CID
2,20969,20200714_584_TROCAS7_109_SMPCR_50%_gf75com_1_01.raw,LSN(+.98)AELAVNRK,11,67,11,608.3339,2,72.58,,1214.6619,-7.2,,Deamidation (NQ),51 48 99 99 97 89 68 66 45 38 37,LSN(+.98)AELAVNRK,CID
2,15328,20200714_584_TROCAS7_109_SMPCR_50%_gf75com_1_01.raw,LTWALDYK,8,67,8,505.2703,2,55.84,6.64E5,1008.5280,-1.9,,,39 32 31 85 95 89 83 78,LTWALDYK,CID
2,22667,20200714_584_TROCAS7_109_SMPCR_50%_gf75com_1_01.raw,HSAYLDEAASLSR,13,66,13,710.3496,2,78.09,,1418.6790,4.0,gi|54036848,,28 31 59 33 88 87 99 96 95 92 52 45 57,HSAYLDEAASLSR,CID
2,17902,20200714_584_TROCAS7_109_SMPCR_50%_gf75com_1_01.raw,DPGQAVVAVDAVHYLK,16,66,16,841.4487,2,64.66,,1680.8835,-0.5,,,78 73 88 83 35 38 20 75 90 82 85 82 62 66 61 41,DPGQAVVAVDAVHYLK,CID
2,10370,20200714_584_TROCAS7_109_SMPCR_50%_gf75com_1_01.raw,C(+57.02)EM(+15.99)NSSPADVNN(+.98)K,13,66,13,741.7879,2,36.49,5.4E4,1481.5762,-10.1,,Carbamidomethylation; Oxidation (M); Deamidation (NQ),56 60 33 86 96 98 93 71 46 62 66 52 43,C(+57.02)EM(+15.99)NSSPADVNN(+.98)K,CID
2,13571,20200714_584_TROCAS7_109_SMPCR_50%_gf75com_1_01.raw,TGPVAEPR,8,66,8,413.7247,2,49.30,,825.4344,0.6,,,60 21 32 77 86 92 85 77,TGPVAEPR,CID
2,18545,20200714_584_TROCAS7_109_SMPCR_50%_gf75com_1_01.raw,RC(+57.02)PSPAVDAVSNALR,15,66,15,538.2812,3,66.47,1.18E5,1611.8152,4.2,gi|54036848,Carbamidomethylation,14 19 54 43 34 68 48 79 93 84 95 89 93 97 82,RC(+57.02)PSPAVDAVSNALR,CID
2,18746,20200714_584_TROCAS7_109_SMPCR_50%_gf75com_1_01.raw,LNYDYAPR,8,66,8,506.2421,2,66.94,,1010.4821,-12.3,,,34 28 27 69 96 96 92 85,LNYDYAPR,CID
2,18451,20200714_584_TROCAS7_109_SMPCR_50%_gf75com_1_01.raw,HLFLVR,6,65,6,392.7482,2,66.27,8.81E4,783.4755,8.1,,,92 95 60 49 41 57,HLFLVR,CID
2,18748,20200714_584_TROCAS7_109_SMPCR_50%_gf75com_1_01.raw,QM(+15.99)WFHHLSGAATK,13,65,13,765.3665,2,66.94,,1528.7246,-4.0,,Oxidation (M),24 25 21 46 83 91 91 85 66 90 94 72 60,QM(+15.99)WFHHLSGAATK,CID
2,13547,20200714_584_TROCAS7_109_SMPCR_50%_gf75com_1_01.raw,C(+57.02)DEVAEVHC(+57.02)R,10,65,10,637.7606,2,49.21,4.33E5,1273.5178,-8.7,,Carbamidomethylation,24 28 55 89 96 98 82 54 59 65,C(+57.02)DEVAEVHC(+57.02)R,CID
2,16024,20200714_584_TROCAS7_109_SMPCR_50%_gf75com_1_01.raw,C(+57.02)TGLVN(+.98)AALVYR,12,65,12,669.3394,2,58.16,,1336.6809,-12.4,,Carbamidomethylation; Deamidation (NQ),50 52 34 86 95 56 32 33 85 91 84 79,C(+57.02)TGLVN(+.98)AALVYR,CID
2,13820,20200714_584_TROCAS7_109_SMPCR_50%_gf75com_1_01.raw,NNLVLLWFYK,10,65,10,655.3602,2,50.29,,1308.7229,-13.0,,,34 61 40 37 93 91 79 65 62 84,NNLVLLWFYK,CID
2,10516,20200714_584_TROCAS7_109_SMPCR_50%_gf75com_1_01.raw,C(+57.02)C(+57.02)N(+.98)N(+.98)SSPATLNDK,13,64,13,741.7862,2,37.00,1.58E5,1481.5762,-12.4,,Carbamidomethylation; Deamidation (NQ),50 48 29 39 92 97 95 96 90 84 54 38 29,C(+57.02)C(+57.02)N(+.98)N(+.98)SSPATLNDK,CID
2,13838,20200714_584_TROCAS7_109_SMPCR_50%_gf75com_1_01.raw,NATPAVHEGGR,11,64,11,554.7820,2,50.36,,1107.5420,6.7,,,86 96 92 77 87 70 41 59 48 32 21,NATPAVHEGGR,CID
2,15329,20200714_584_TROCAS7_109_SMPCR_50%_gf75com_1_01.raw,LSLATPQNK,9,64,9,486.2805,2,55.84,5.1E5,970.5447,1.8,,,70 85 98 96 92 22 32 48 37,LSLATPQNK,CID
2,20034,20200714_584_TROCAS7_109_SMPCR_50%_gf75com_1_01.raw,MHKRGHLYHSK,11,64,11,465.2516,3,70.15,3.13E5,1392.7197,9.4,,,52 78 50 34 32 97 94 72 76 66 55,MHKRGHLYHSK,CID
2,15371,20200714_584_TROCAS7_109_SMPCR_50%_gf75com_1_01.raw,NVVN(+.98)GGTGEKYK,12,64,12,633.8206,2,55.96,2.07E5,1265.6252,1.0,,Deamidation (NQ),38 66 94 68 44 48 82 70 92 45 52 68,NVVN(+.98)GGTGEKYK,CID
2,12581,20200714_584_TROCAS7_109_SMPCR_50%_gf75com_1_01.raw,NFHKPR,6,64,6,399.7250,2,45.55,2.66E4,797.4296,7.3,,,37 66 62 69 70 79,NFHKPR,CID
2,20455,20200714_584_TROCAS7_109_SMPCR_50%_gf75com_1_01.raw,AEEANGAVLR,10,64,10,515.2761,2,71.18,,1028.5250,12.2,,,30 78 60 68 93 51 65 82 79 30,AEEANGAVLR,CID
2,22796,20200714_584_TROCAS7_109_SMPCR_50%_gf75com_1_01.raw,RC(+57.02)KLN(+.98)EAASSLR,12,64,12,703.3621,2,78.47,,1404.7144,-3.4,gi|54036848,Carbamidomethylation; Deamidation (NQ),30 48 24 94 95 97 93 90 84 32 43 35,RC(+57.02)KLN(+.98)EAASSLR,CID
2,13948,20200714_584_TROCAS7_109_SMPCR_50%_gf75com_1_01.raw,NATVLLVK,8,64,8,429.2705,2,50.82,,856.5382,-13.8,,,81 89 65 62 72 55 54 31,NATVLLVK,CID
2,20538,20200714_584_TROCAS7_109_SMPCR_50%_gf75com_1_01.raw,C(+57.02)NN(+.98)AGTEM(+15.99)M(+15.99)MLSGWRATK,18,64,18,1045.9412,2,71.36,,2089.8689,-0.5,,Carbamidomethylation; Deamidation (NQ); Oxidation (M),15 17 18 98 86 76 89 19 16 18 91 97 84 85 85 94 82 79,C(+57.02)NN(+.98)AGTEM(+15.99)M(+15.99)MLSGWRATK,CID
2,15421,20200714_584_TROCAS7_109_SMPCR_50%_gf75com_1_01.raw,NQQVESC(+57.02)NFQPSQDLVR,17,64,17,683.6431,3,56.07,9.21E4,2047.9382,-15.0,gi|54036848,Carbamidomethylation,67 82 81 89 89 52 26 29 35 49 82 84 72 73 67 59 45,NQQVESC(+57.02)NFQPSQDLVR,CID
2,18857,20200714_584_TROCAS7_109_SMPCR_50%_gf75com_1_01.raw,DM(+15.99)HAAAGTESWLSGWDER,18,64,18,1017.9213,2,67.20,,2033.8538,-12.7,,Oxidation (M),18 21 21 96 99 99 85 92 91 15 18 93 96 83 74 31 63 52,DM(+15.99)HAAAGTESWLSGWDER,CID
2,19190,20200714_584_TROCAS7_109_SMPCR_50%_gf75com_1_01.raw,HWWWDVLELLVDLTDFR,17,63,17,1122.0521,2,67.95,,2242.1211,-14.0,,,22 24 23 25 92 96 98 94 88 97 90 82 86 81 28 30 25,HWWWDVLELLVDLTDFR,CID
2,17275,20200714_584_TROCAS7_109_SMPCR_50%_gf75com_1_01.raw,NEEMLSWLMLK,11,63,11,697.3424,2,62.58,2.08E4,1392.6782,-5.7,,,34 63 61 57 80 82 49 62 85 86 34,NEEMLSWLMLK,CID
2,16200,20200714_584_TROCAS7_109_SMPCR_50%_gf75com_1_01.raw,C(+57.02)ELPTFC(+57.02)LLSGSC(+57.02)GAATK,18,63,18,657.9691,3,58.82,2.71E5,1970.8899,-2.2,,Carbamidomethylation,14 50 43 23 34 57 91 98 98 91 79 56 60 65 85 86 68 46,C(+57.02)ELPTFC(+57.02)LLSGSC(+57.02)GAATK,CID
2,16689,20200714_584_TROCAS7_109_SMPCR_50%_gf75com_1_01.raw,VVTVLPSR,8,63,8,435.7744,2,60.51,,869.5334,0.9,,,62 80 85 90 80 32 52 22,VVTVLPSR,CID
2,18379,20200714_584_TROCAS7_109_SMPCR_50%_gf75com_1_01.raw,SPPLVNK,7,63,7,377.7254,2,66.09,3.54E3,753.4385,-3.0,,,33 51 71 86 82 48 70,SPPLVNK,CID
2,19186,20200714_584_TROCAS7_109_SMPCR_50%_gf75com_1_01.raw,YHLHLPHEENGELAQYLNAAK,21,63,21,816.4028,3,67.94,,2446.2029,-6.6,,,12 18 34 29 43 20 10 46 98 78 70 91 85 85 82 85 98 93 96 80 66,YHLHLPHEENGELAQYLNAAK,CID
2,19409,20200714_584_TROCAS7_109_SMPCR_50%_gf75com_1_01.raw,MHNASKPRLK,10,63,10,394.5582,3,68.47,5.01E4,1180.6499,2.4,,,91 96 44 29 29 85 82 60 63 48,MHNASKPRLK,CID
2,13310,20200714_584_TROCAS7_109_SMPCR_50%_gf75com_1_01.raw,HPEC(+57.02)LPVPR,9,62,9,552.7927,2,48.30,,1103.5544,14.8,,Carbamidomethylation,21 17 85 85 85 55 82 68 63,HPEC(+57.02)LPVPR,CID
2,19176,20200714_584_TROCAS7_109_SMPCR_50%_gf75com_1_01.raw,MHKNPALGAPR,11,62,11,397.8872,3,67.91,,1190.6343,4.6,,,90 95 84 50 18 25 88 63 86 70 18,MHKNPALGAPR,CID
2,10503,20200714_584_TROCAS7_109_SMPCR_50%_gf75com_1_01.raw,C(+57.02)M(+15.99)DLSSPATPGC(+57.02)R,13,62,13,734.2958,2,36.95,1.71E7,1466.5952,-12.3,,Carbamidomethylation; Oxidation (M),32 37 40 96 98 98 96 97 83 44 29 41 23,C(+57.02)M(+15.99)DLSSPATPGC(+57.02)R,CID
2,14437,20200714_584_TROCAS7_109_SMPCR_50%_gf75com_1_01.raw,NNPVLLHAFYK,11,62,11,439.2401,3,52.68,,1314.7085,-7.5,gi|54036848,,35 63 75 86 93 80 32 31 74 63 51,NNPVLLHAFYK,CID
2,18440,20200714_584_TROCAS7_109_SMPCR_50%_gf75com_1_01.raw,WWPKWVDAVSNALR,14,62,14,576.6313,3,66.23,9.75E3,1726.8943,-12.8,gi|54036848,,33 28 6 9 12 86 92 91 91 94 85 79 90 74,WWPKWVDAVSNALR,CID
2,11964,20200714_584_TROCAS7_109_SMPCR_50%_gf75com_1_01.raw,LSSNHPATC(+57.02)PGR,12,62,12,648.8013,2,42.98,7.32E4,1295.6040,-12.4,,Carbamidomethylation,90 91 89 40 49 89 93 76 44 34 23 22,LSSNHPATC(+57.02)PGR,CID
2,14170,20200714_584_TROCAS7_109_SMPCR_50%_gf75com_1_01.raw,SEHQAPVLLWFYK,13,62,13,809.4177,2,51.70,1.18E5,1616.8350,-8.8,,,24 51 21 23 30 82 91 97 96 82 71 61 73,SEHQAPVLLWFYK,CID
2,10472,20200714_584_TROCAS7_109_SMPCR_50%_gf75com_1_01.raw,C(+57.02)N(+.98)ELSSPATC(+57.02)GPR,13,62,13,725.2998,2,36.83,3.73E4,1448.6023,-11.9,,Carbamidomethylation; Deamidation (NQ),51 27 57 95 97 97 95 92 79 41 23 26 19,C(+57.02)N(+.98)ELSSPATC(+57.02)GPR,CID
2,5733,20200714_584_TROCAS7_109_SMPCR_50%_gf75com_1_01.raw,SSLTYNTPDK,10,61,10,375.8478,3,18.04,1.55E5,1124.5349,-11.9,,,95 96 57 32 28 27 29 73 92 85,SSLTYNTPDK,CID
2,18283,20200714_584_TROCAS7_109_SMPCR_50%_gf75com_1_01.raw,FKKPC(+57.02)K,6,61,6,404.2336,2,65.80,,806.4473,6.6,,Carbamidomethylation,56 51 51 54 67 88,FKKPC(+57.02)K,CID
2,11880,20200714_584_TROCAS7_109_SMPCR_50%_gf75com_1_01.raw,EASPASSTPLK,11,61,11,544.2892,2,42.63,1.21E4,1086.5557,7.6,,,59 35 82 92 89 59 23 26 66 79 68,EASPASSTPLK,CID
2,21878,20200714_584_TROCAS7_109_SMPCR_50%_gf75com_1_01.raw,MYWWRWDVSSDLSVQNK,17,61,17,1100.5182,2,75.36,,2199.0208,0.5,,,17 18 16 23 11 55 62 82 86 88 72 89 91 94 93 66 79,MYWWRWDVSSDLSVQNK,CID
2,20449,20200714_584_TROCAS7_109_SMPCR_50%_gf75com_1_01.raw,C(+57.02)SNWKAVEALR,11,61,11,667.3322,2,71.17,5.22E4,1332.6609,-8.3,,Carbamidomethylation,56 61 30 32 79 88 29 56 62 85 92,C(+57.02)SNWKAVEALR,CID
2,11242,20200714_584_TROCAS7_109_SMPCR_50%_gf75com_1_01.raw,C(+57.02)C(+57.02)ELSSPAEPGC(+57.02)R,13,61,13,761.7979,2,40.00,3.64E5,1521.6011,-13.0,,Carbamidomethylation,25 35 63 95 97 97 95 94 85 31 22 34 18,C(+57.02)C(+57.02)ELSSPAEPGC(+57.02)R,CID
2,22684,20200714_584_TROCAS7_109_SMPCR_50%_gf75com_1_01.raw,RM(+15.99)QEDM(+15.99)AASSLR,12,61,12,476.2164,3,78.12,3.37E4,1425.6340,-4.7,gi|54036848,Oxidation (M),21 34 29 32 33 33 93 89 95 96 97 79,RM(+15.99)QEDM(+15.99)AASSLR,CID
2,12921,20200714_584_TROCAS7_109_SMPCR_50%_gf75com_1_01.raw,RKN(+.98)AGPR,7,60,7,400.2308,2,46.80,2.74E4,798.4460,1.4,,Deamidation (NQ),35 56 73 68 56 74 60,RKN(+.98)AGPR,CID
2,11368,20200714_584_TROCAS7_109_SMPCR_50%_gf75com_1_01.raw,C(+57.02)EC(+57.02)LSSPAEGPC(+57.02)R,13,60,13,761.7980,2,40.50,4.79E5,1521.6011,-12.9,,Carbamidomethylation,25 61 37 90 97 97 95 93 81 25 31 37 19,C(+57.02)EC(+57.02)LSSPAEGPC(+57.02)R,CID
2,19625,20200714_584_TROCAS7_109_SMPCR_50%_gf75com_1_01.raw,MHLMHKKTR,9,60,9,394.5570,3,69.01,9.35E4,1180.6321,14.5,,,84 93 75 70 85 44 20 33 39,MHLMHKKTR,CID
2,13461,20200714_584_TROCAS7_109_SMPCR_50%_gf75com_1_01.raw,VVSLSLGPR,9,60,9,464.2857,2,48.87,2.65E6,926.5549,2.1,,,96 95 41 51 72 80 28 51 28,VVSLSLGPR,CID
2,18450,20200714_584_TROCAS7_109_SMPCR_50%_gf75com_1_01.raw,DNHPFSALSHNR,12,60,12,697.8287,2,66.27,2.13E5,1393.6487,-4.2,,,84 79 87 25 35 69 59 69 78 46 48 43,DNHPFSALSHNR,CID
2,14545,20200714_584_TROCAS7_109_SMPCR_50%_gf75com_1_01.raw,MPPVLLWGFYK,11,60,11,675.8733,2,52.99,2.29E5,1349.7205,8.6,,,34 28 38 66 98 98 80 43 74 52 49,MPPVLLWGFYK,CID
2,18831,20200714_584_TROCAS7_109_SMPCR_50%_gf75com_1_01.raw,RM(+15.99)EWEC(+57.02)LLSGMAGAATK,17,60,17,642.9615,3,67.15,1.99E5,1925.8796,-8.7,,Oxidation (M); Carbamidomethylation,10 14 30 34 87 80 97 98 91 49 33 43 43 85 87 78 62,RM(+15.99)EWEC(+57.02)LLSGMAGAATK,CID
2,10358,20200714_584_TROCAS7_109_SMPCR_50%_gf75com_1_01.raw,C(+57.02)M(+15.99)DLSSPATC(+57.02)GPR,13,60,13,734.2961,2,36.45,1.72E7,1466.5952,-12.0,,Carbamidomethylation; Oxidation (M),55 34 34 86 97 97 92 90 69 46 27 31 22,C(+57.02)M(+15.99)DLSSPATC(+57.02)GPR,CID
2,18669,20200714_584_TROCAS7_109_SMPCR_50%_gf75com_1_01.raw,YC(+57.02)HWKM(+15.99)LVSGM(+15.99)AGNTR,16,60,16,648.2928,3,66.75,7.29E5,1941.8647,-4.1,,Carbamidomethylation; Oxidation (M),26 17 37 37 66 79 96 85 89 59 56 54 61 68 74 55,YC(+57.02)HWKM(+15.99)LVSGM(+15.99)AGNTR,CID
2,17383,20200714_584_TROCAS7_109_SMPCR_50%_gf75com_1_01.raw,MHDEHLKKFK,10,60,10,438.2332,3,62.99,,1311.6758,1.6,,,49 82 37 66 88 89 60 56 50 22,MHDEHLKKFK,CID
2,22697,20200714_584_TROCAS7_109_SMPCR_50%_gf75com_1_01.raw,RMTLN(+.98)EAATWR,11,59,11,675.3304,2,78.15,,1348.6558,-7.0,,Deamidation (NQ),32 25 25 93 96 98 92 78 33 37 48,RMTLN(+.98)EAATWR,CID
2,20251,20200714_584_TROCAS7_109_SMPCR_50%_gf75com_1_01.raw,MHLMPHLSKTAK,12,59,12,465.2484,3,70.67,1.44E5,1392.7371,-9.9,,,79 91 45 38 34 88 90 75 71 46 37 18,MHLMPHLSKTAK,CID
2,13470,20200714_584_TROCAS7_109_SMPCR_50%_gf75com_1_01.raw,LATVGPQAK,9,59,9,442.7644,2,48.91,8.2E6,883.5127,1.8,,,97 96 93 88 45 19 27 40 29,LATVGPQAK,CID
2,22639,20200714_584_TROCAS7_109_SMPCR_50%_gf75com_1_01.raw,SPAANADLLN(+.98)EAASEAR,17,59,17,850.9138,2,78.05,4.82E5,1699.8013,7.0,,Deamidation (NQ),24 19 27 30 20 25 91 97 97 95 98 97 95 72 61 35 21,SPAANADLLN(+.98)EAASEAR,CID
2,22187,20200714_584_TROCAS7_109_SMPCR_50%_gf75com_1_01.raw,LSVLLEAAEESGK,13,59,13,673.3707,2,76.42,,1344.7136,9.9,,,26 21 54 78 97 99 95 82 60 74 31 19 32,LSVLLEAAEESGK,CID
2,14872,20200714_584_TROCAS7_109_SMPCR_50%_gf75com_1_01.raw,EM(+15.99)LGELVATSM(+15.99)EGPK,15,59,15,812.3860,2,54.24,,1622.7532,2.7,,Oxidation (M),72 21 29 51 96 96 80 25 22 21 37 93 62 85 95,EM(+15.99)LGELVATSM(+15.99)EGPK,CID
2,19865,20200714_584_TROCAS7_109_SMPCR_50%_gf75com_1_01.raw,C(+57.02)NDSWELLSGWGNTK,15,59,15,883.8969,2,69.69,7.23E3,1765.7729,3.5,,Carbamidomethylation,19 21 21 19 19 46 79 93 96 83 85 86 82 55 82,C(+57.02)NDSWELLSGWGNTK,CID
2,10520,20200714_584_TROCAS7_109_SMPCR_50%_gf75com_1_01.raw,HC(+57.02)C(+57.02)PN(+.98)SPATLNSR,13,59,13,757.8215,2,37.01,,1513.6401,-7.8,,Carbamidomethylation; Deamidation (NQ),44 51 50 21 34 89 88 85 60 71 56 61 51,HC(+57.02)C(+57.02)PN(+.98)SPATLNSR,CID
2,23049,20200714_584_TROCAS7_109_SMPCR_50%_gf75com_1_01.raw,LRSRHENTTAK,11,58,11,438.2365,3,79.23,6.01E2,1311.7007,-10.0,,,37 38 39 56 95 95 83 77 69 37 19,LRSRHENTTAK,CID
2,21876,20200714_584_TROCAS7_109_SMPCR_50%_gf75com_1_01.raw,MHSRHLVFNR,10,58,10,648.8469,2,75.36,,1295.6670,9.5,,,93 90 30 25 79 80 37 49 57 44,MHSRHLVFNR,CID
2,15414,20200714_584_TROCAS7_109_SMPCR_50%_gf75com_1_01.raw,LPVEGTGGDVRFQHAR,16,58,16,869.9521,2,56.04,7.34E4,1737.8911,-0.9,gi|54036848,,95 91 97 97 14 28 46 54 88 78 24 33 35 73 65 17,LPVEGTGGDVRFQHAR,CID
2,22654,20200714_584_TROCAS7_109_SMPCR_50%_gf75com_1_01.raw,WGVEVTFLVDGLFATM(+15.99)QHK,19,58,19,732.0316,3,78.07,2.73E5,2193.0928,-9.0,,Oxidation (M),38 30 90 67 18 55 78 78 71 90 49 73 73 78 71 43 49 27 29,WGVEVTFLVDGLFATM(+15.99)QHK,CID
2,11306,20200714_584_TROCAS7_109_SMPCR_50%_gf75com_1_01.raw,LSETLHEMK,9,58,9,544.2733,2,40.26,1.85E5,1086.5378,-5.4,,,89 86 81 31 35 29 57 62 50,LSETLHEMK,CID
2,18478,20200714_584_TROCAS7_109_SMPCR_50%_gf75com_1_01.raw,M(+15.99)RC(+57.02)VHLYVPR,10,58,10,449.5666,3,66.34,3.88E6,1345.6748,2.4,,Oxidation (M); Carbamidomethylation,32 21 33 38 88 96 91 93 71 15,M(+15.99)RC(+57.02)VHLYVPR,CID
2,10382,20200714_584_TROCAS7_109_SMPCR_50%_gf75com_1_01.raw,C(+57.02)M(+15.99)MSSPATVKDK,12,58,12,685.8001,2,36.53,3.06E5,1369.6040,-13.4,,Carbamidomethylation; Oxidation (M),25 29 31 94 97 95 95 84 38 37 40 30,C(+57.02)M(+15.99)MSSPATVKDK,CID
2,18477,20200714_584_TROCAS7_109_SMPCR_50%_gf75com_1_01.raw,MHFEHLYVPR,10,58,10,443.5623,3,66.34,6.52E6,1327.6494,11.9,,,25 51 46 50 80 92 74 83 60 15,MHFEHLYVPR,CID
2,15830,20200714_584_TROCAS7_109_SMPCR_50%_gf75com_1_01.raw,HKTEGTGN(+.98)GVQPTNDVLR,18,58,18,962.4755,2,57.51,,1922.9446,-4.2,,Deamidation (NQ),21 24 26 99 96 93 57 25 13 74 77 31 43 72 85 52 69 85,HKTEGTGN(+.98)GVQPTNDVLR,CID
2,22702,20200714_584_TROCAS7_109_SMPCR_50%_gf75com_1_01.raw,RGFSNDLLN(+.98)EAASSLR,16,58,16,875.9374,2,78.15,,1749.8645,-2.5,gi|54036848:KNOT_32205743_PROKKA_844625,Deamidation (NQ),25 10 19 19 22 91 96 97 95 98 97 92 46 40 50 24,RGFSNDLLN(+.98)EAASSLR,CID
2,21625,20200714_584_TROCAS7_109_SMPCR_50%_gf75com_1_01.raw,WQWHRC(+57.02)LVSSDLSVQNK,17,57,17,1072.0157,2,74.59,,2142.0427,-12.0,,Carbamidomethylation,43 44 33 32 28 31 65 71 57 39 44 89 88 90 86 60 79,WQWHRC(+57.02)LVSSDLSVQNK,CID
2,19183,20200714_584_TROCAS7_109_SMPCR_50%_gf75com_1_01.raw,MWFNHLYVPR,10,57,10,454.8984,3,67.94,2.15E4,1361.6702,2.3,,,50 30 33 18 82 95 90 93 69 12,MWFNHLYVPR,CID
2,20694,20200714_584_TROCAS7_109_SMPCR_50%_gf75com_1_01.raw,KWWWMHMHHNLSVNQK,16,57,16,1081.5067,2,71.79,,2161.0251,-12.2,,,30 31 18 17 39 46 82 90 83 52 78 85 86 67 32 79,KWWWMHMHHNLSVNQK,CID
2,18737,20200714_584_TROCAS7_109_SMPCR_50%_gf75com_1_01.raw,NFGFPHLSSGKR,12,57,12,673.8455,2,66.93,7.8E4,1345.6890,-9.3,,,30 65 85 89 85 89 66 38 49 21 39 31,NFGFPHLSSGKR,CID
2,18878,20200714_584_TROCAS7_109_SMPCR_50%_gf75com_1_01.raw,FFLTGWR,7,57,7,463.7482,2,67.23,7.99E4,925.4810,1.0,,,74 73 90 51 29 35 43,FFLTGWR,CID
2,20072,20200714_584_TROCAS7_109_SMPCR_50%_gf75com_1_01.raw,MHLMHLTAKSK,11,57,11,432.9006,3,70.24,1.69E5,1295.6843,-3.4,,,43 80 62 61 97 98 69 25 34 37 17,MHLMHLTAKSK,CID
2,15515,20200714_584_TROCAS7_109_SMPCR_50%_gf75com_1_01.raw,NPENEAVKLYYLK,13,56,13,790.9240,2,56.34,,1579.8245,5.7,,,23 35 43 54 97 95 88 22 25 34 79 75 62,NPENEAVKLYYLK,CID
2,24835,20200714_584_TROCAS7_109_SMPCR_50%_gf75com_1_01.raw,MHLMHLTKASK,11,56,11,432.9040,3,85.71,,1295.6843,4.6,,,45 79 61 60 96 98 75 21 30 33 18,MHLMHLTKASK,CID
2,20450,20200714_584_TROCAS7_109_SMPCR_50%_gf75com_1_01.raw,EATWELLVRN(+.98)R,11,56,11,694.3712,2,71.17,6.05E4,1386.7256,1.7,,Deamidation (NQ),66 44 79 90 96 91 35 26 29 38 21,EATWELLVRN(+.98)R,CID
2,18620,20200714_584_TROCAS7_109_SMPCR_50%_gf75com_1_01.raw,QWWYQM(+15.99)LTC(+57.02)WAAATK,15,56,15,653.9595,3,66.67,2.67E3,1958.8809,-12.4,,Oxidation (M); Carbamidomethylation,14 13 10 41 78 55 63 51 66 68 82 92 92 66 49,QWWYQM(+15.99)LTC(+57.02)WAAATK,CID
2,16533,20200714_584_TROCAS7_109_SMPCR_50%_gf75com_1_01.raw,VLANNEAVN(+.98)AVDAPLK,16,56,16,819.9310,2,59.97,1.84E4,1637.8623,-9.0,,Deamidation (NQ),32 39 18 18 68 98 96 96 95 93 89 25 24 34 39 30,VLANNEAVN(+.98)AVDAPLK,CID
2,11107,20200714_584_TROCAS7_109_SMPCR_50%_gf75com_1_01.raw,C(+57.02)C(+57.02)ELDSPATC(+57.02)GPR,13,56,13,761.7987,2,39.43,4.62E4,1521.6011,-12.0,,Carbamidomethylation,22 31 55 86 79 83 95 94 82 38 21 24 17,C(+57.02)C(+57.02)ELDSPATC(+57.02)GPR,CID
2,18146,20200714_584_TROCAS7_109_SMPCR_50%_gf75com_1_01.raw,SPDLLQQWQLK,11,56,11,678.3633,2,65.34,,1354.7244,-9.0,,,70 60 97 99 90 18 18 18 45 56 44,SPDLLQQWQLK,CID
2,13383,20200714_584_TROCAS7_109_SMPCR_50%_gf75com_1_01.raw,SPHLPVPR,8,56,8,451.7684,2,48.55,1.36E5,901.5134,9.9,,,43 21 27 77 70 62 70 77,SPHLPVPR,CID
2,22662,20200714_584_TROCAS7_109_SMPCR_50%_gf75com_1_01.raw,ALDAANHVAASEAR,14,56,14,465.9069,3,78.09,9.57E4,1394.6902,6.3,,,93 96 91 40 33 21 20 21 29 79 83 70 44 57,ALDAANHVAASEAR,CID
2,18666,20200714_584_TROCAS7_109_SMPCR_50%_gf75com_1_01.raw,VLWQM(+15.99)AVN(+.98)AVLQGSR,15,56,15,844.9357,2,66.74,,1687.8716,-8.7,,Oxidation (M); Deamidation (NQ),38 33 24 25 27 72 95 90 83 83 93 60 23 41 46,VLWQM(+15.99)AVN(+.98)AVLQGSR,CID
2,18425,20200714_584_TROCAS7_109_SMPCR_50%_gf75com_1_01.raw,VMC(+57.02)AHAVDAVPKC(+57.02)R,14,55,14,807.3960,2,66.20,,1612.7637,8.5,,Carbamidomethylation,24 24 21 22 34 93 94 93 90 90 30 39 71 52,VMC(+57.02)AHAVDAVPKC(+57.02)R,CID
2,18453,20200714_584_TROCAS7_109_SMPCR_50%_gf75com_1_01.raw,C(+57.02)HC(+57.02)M(+15.99)GDLLDTPWGNTK,16,55,16,480.9520,4,66.28,5.18E4,1919.7964,-9.2,,Carbamidomethylation; Oxidation (M),10 11 10 11 63 60 85 85 44 44 56 88 85 79 78 78,C(+57.02)HC(+57.02)M(+15.99)GDLLDTPWGNTK,CID
2,15532,20200714_584_TROCAS7_109_SMPCR_50%_gf75com_1_01.raw,NN(+.98)PVLLYLYK,10,55,10,619.3455,2,56.40,1.25E4,1236.6753,0.9,gi|54036848,Deamidation (NQ),34 63 24 41 95 96 55 67 43 37,NN(+.98)PVLLYLYK,CID
2,9173,20200714_584_TROCAS7_109_SMPCR_50%_gf75com_1_01.raw,VPLVTTC(+57.02)SN(+.98)K,10,55,10,560.2898,2,31.61,1.62E5,1118.5642,0.7,,Carbamidomethylation; Deamidation (NQ),94 75 48 34 39 40 52 79 65 26,VPLVTTC(+57.02)SN(+.98)K,CID
2,15985,20200714_584_TROCAS7_109_SMPCR_50%_gf75com_1_01.raw,EAHVLLWGPVK,11,55,11,624.8531,2,58.03,5.43E5,1247.7026,-8.8,,,50 28 29 97 99 97 86 17 32 41 31,EAHVLLWGPVK,CID
2,12612,20200714_584_TROCAS7_109_SMPCR_50%_gf75com_1_01.raw,RYLWAR,6,55,6,432.7488,2,45.66,,863.4766,7.5,,,59 49 52 51 51 67,RYLWAR,CID
2,15991,20200714_584_TROCAS7_109_SMPCR_50%_gf75com_1_01.raw,HLSVLLWQM(+15.99)GK,11,55,11,664.3552,2,58.04,4.27E4,1326.7119,-12.2,,Oxidation (M),24 38 59 94 90 54 37 30 41 75 65,HLSVLLWQM(+15.99)GK,CID
2,20835,20200714_584_TROCAS7_109_SMPCR_50%_gf75com_1_01.raw,DDC(+57.02)NAQAQAANSLPSNPTTQNK,22,55,22,1173.0132,2,72.18,,2344.0349,-9.9,,Carbamidomethylation,31 28 22 21 46 46 26 28 79 98 97 97 98 82 69 60 35 74 44 50 35 37,DDC(+57.02)NAQAQAANSLPSNPTTQNK,CID
2,13201,20200714_584_TROCAS7_109_SMPCR_50%_gf75com_1_01.raw,C(+57.02)NM(+15.99)VVTAHTDK,11,55,11,646.2950,2,47.90,3.94E4,1290.5696,4.6,,Carbamidomethylation; Oxidation (M),43 21 24 82 86 83 73 57 59 43 31,C(+57.02)NM(+15.99)VVTAHTDK,CID
2,19325,20200714_584_TROCAS7_109_SMPCR_50%_gf75com_1_01.raw,MHYYHLYVPR,10,55,10,460.2302,3,68.28,5.49E4,1377.6653,2.5,,,30 66 28 28 51 79 76 93 75 21,MHYYHLYVPR,CID
2,18625,20200714_584_TROCAS7_109_SMPCR_50%_gf75com_1_01.raw,WWYALYVPR,9,55,9,418.5484,3,66.68,2.65E4,1252.6392,-12.6,,,56 60 30 59 89 57 56 60 23,WWYALYVPR,CID
2,20160,20200714_584_TROCAS7_109_SMPCR_50%_gf75com_1_01.raw,FRPLAAVDFYEGSK,14,54,14,800.4086,2,70.45,,1598.8093,-4.2,,,24 17 14 28 29 90 93 89 77 57 82 69 52 43,FRPLAAVDFYEGSK,CID
2,20451,20200714_584_TROCAS7_109_SMPCR_50%_gf75com_1_01.raw,WKFYWPGWGSNLSVKNK,17,54,17,1049.0269,2,71.17,,2096.0632,-11.5,,,15 16 35 14 14 12 10 80 86 95 86 96 97 96 74 39 62,WKFYWPGWGSNLSVKNK,CID
2,19550,20200714_584_TROCAS7_109_SMPCR_50%_gf75com_1_01.raw,WRYWWLEGNEKFLNAAGK,18,54,18,756.7169,3,68.81,5.08E4,2267.1274,0.7,,,18 10 17 8 11 40 94 70 66 88 78 95 95 85 89 86 24 6,WRYWWLEGNEKFLNAAGK,CID
2,22694,20200714_584_TROCAS7_109_SMPCR_50%_gf75com_1_01.raw,RSSKDLLN(+.98)EAALTTK,15,54,15,824.4528,2,78.14,,1646.8838,4.4,,Deamidation (NQ),18 15 14 21 86 95 96 92 97 91 88 41 29 20 13,RSSKDLLN(+.98)EAALTTK,CID
2,22695,20200714_584_TROCAS7_109_SMPCR_50%_gf75com_1_01.raw,C(+57.02)M(+15.99)DRPSDLLDEAAMRR,16,54,16,976.4413,2,78.15,,1950.8708,-1.5,gi|54036848:KNOT_16829144_PROKKA_644084,Carbamidomethylation; Oxidation (M),18 19 18 11 14 23 78 89 94 88 97 90 83 49 35 63,C(+57.02)M(+15.99)DRPSDLLDEAAMRR,CID
2,21612,20200714_584_TROCAS7_109_SMPCR_50%_gf75com_1_01.raw,FKKPC(+57.02)K,6,54,6,404.2333,2,74.57,,806.4473,5.9,,Carbamidomethylation,21 39 44 72 66 83,FKKPC(+57.02)K,CID
2,18754,20200714_584_TROCAS7_109_SMPCR_50%_gf75com_1_01.raw,RYC(+57.02)VC(+57.02)C(+57.02)LMC(+57.02)WANTR,14,54,14,975.4050,2,66.95,1.25E5,1948.7988,-1.7,,Carbamidomethylation,25 33 43 24 46 51 57 46 51 66 90 69 77 76,RYC(+57.02)VC(+57.02)C(+57.02)LMC(+57.02)WANTR,CID
2,14231,20200714_584_TROCAS7_109_SMPCR_50%_gf75com_1_01.raw,VM(+15.99)TMLLNVLDYK,12,54,12,728.3878,2,51.95,5.16E4,1454.7512,6.8,,Oxidation (M),31 32 30 34 84 75 22 26 94 86 69 66,VM(+15.99)TMLLNVLDYK,CID
2,18973,20200714_584_TROCAS7_109_SMPCR_50%_gf75com_1_01.raw,LHWHLDFPR,9,54,9,407.5451,3,67.46,,1219.6250,-9.4,,,39 21 22 85 91 68 50 57 51,LHWHLDFPR,CID
2,11378,20200714_584_TROCAS7_109_SMPCR_50%_gf75com_1_01.raw,C(+57.02)DQLSN(+.98)PC(+57.02)DNPR,12,54,12,738.7948,2,40.54,8.54E5,1475.5769,-1.3,,Carbamidomethylation; Deamidation (NQ),46 27 28 99 96 95 62 39 59 37 28 30,C(+57.02)DQLSN(+.98)PC(+57.02)DNPR,CID
2,18732,20200714_584_TROCAS7_109_SMPCR_50%_gf75com_1_01.raw,MGNFLHLYVPR,11,54,11,449.5675,3,66.92,3.49E5,1345.6965,-11.8,,,13 18 37 59 48 84 95 87 89 54 9,MGNFLHLYVPR,CID
2,18731,20200714_584_TROCAS7_109_SMPCR_50%_gf75com_1_01.raw,HMFEHLYVPR,10,54,10,443.5620,3,66.92,5.28E4,1327.6494,11.1,,,39 31 39 43 65 86 80 83 59 11,HMFEHLYVPR,CID
2,19314,20200714_584_TROCAS7_109_SMPCR_50%_gf75com_1_01.raw,VWYNHLYVPR,10,54,10,449.5662,3,68.26,6.53E4,1345.6931,-12.1,,,19 21 22 26 88 96 90 92 68 13,VWYNHLYVPR,CID
2,19082,20200714_584_TROCAS7_109_SMPCR_50%_gf75com_1_01.raw,WKYWKEAWGVGSQFLNNR,18,53,18,757.0460,3,67.73,7.59E3,2268.1228,-2.9,,,5 5 5 13 21 89 69 77 38 60 72 93 85 91 92 75 30 44,WKYWKEAWGVGSQFLNNR,CID
2,18414,20200714_584_TROCAS7_109_SMPCR_50%_gf75com_1_01.raw,LVPSDEAVVWN(+.98)NAPK,15,53,15,820.4246,2,66.19,5.62E4,1638.8252,5.8,,Deamidation (NQ),45 34 14 20 65 99 96 95 60 60 31 33 76 51 19,LVPSDEAVVWN(+.98)NAPK,CID
2,19408,20200714_584_TROCAS7_109_SMPCR_50%_gf75com_1_01.raw,WC(+57.02)WYDVLQTLSQFLNAAK,18,53,18,748.3698,3,68.47,8.49E4,2242.0881,-0.2,,Carbamidomethylation,7 6 5 5 21 22 79 74 84 75 65 82 92 94 82 85 50 33,WC(+57.02)WYDVLQTLSQFLNAAK,CID
2,19263,20200714_584_TROCAS7_109_SMPCR_50%_gf75com_1_01.raw,HTENPWHQQSLEGRSQM(+15.99)LNAAK,22,53,22,860.0778,3,68.10,,2577.2141,-1.0,,Oxidation (M),10 15 21 8 16 26 9 10 25 72 85 95 69 74 86 89 92 94 88 90 57 40,HTENPWHQQSLEGRSQM(+15.99)LNAAK,CID
2,17061,20200714_584_TROCAS7_109_SMPCR_50%_gf75com_1_01.raw,SGEATVEPVK,10,53,10,508.7678,2,61.84,,1015.5186,2.5,,,21 11 77 98 92 78 49 30 54 21,SGEATVEPVK,CID
2,20535,20200714_584_TROCAS7_109_SMPCR_50%_gf75com_1_01.raw,WKHVNYGPWGSNLSVQNK,18,53,18,1057.5220,2,71.35,7.09E4,2113.0493,-9.4,,,32 30 29 12 12 12 7 10 71 74 91 92 96 90 89 86 51 70,WKHVNYGPWGSNLSVQNK,CID
2,18504,20200714_584_TROCAS7_109_SMPCR_50%_gf75com_1_01.raw,LVQNNAVDAVMNAPK,15,53,15,792.4142,2,66.38,1.51E4,1582.8137,0.1,,,24 19 39 16 21 87 95 95 92 80 33 34 82 57 18,LVQNNAVDAVMNAPK,CID
2,15439,20200714_584_TROCAS7_109_SMPCR_50%_gf75com_1_01.raw,QATC(+57.02)KQNC(+57.02)HK,10,53,10,637.7862,2,56.09,,1273.5657,-6.2,,Carbamidomethylation,73 90 72 39 23 25 57 46 50 50,QATC(+57.02)KQNC(+57.02)HK,CID
2,20417,20200714_584_TROCAS7_109_SMPCR_50%_gf75com_1_01.raw,YNRDHHM(+15.99)LMGSNLSVQNK,18,53,18,1080.4967,2,71.11,9.58E4,2159.0000,-9.8,,Oxidation (M),15 16 10 13 13 13 12 65 82 85 93 85 90 90 89 78 44 59,YNRDHHM(+15.99)LMGSNLSVQNK,CID
2,14594,20200714_584_TROCAS7_109_SMPCR_50%_gf75com_1_01.raw,NFKADVEC(+57.02)YLK,11,53,11,693.8481,2,53.18,1.28E4,1385.6648,12.1,,Carbamidomethylation,22 45 27 83 82 41 45 22 76 71 62,NFKADVEC(+57.02)YLK,CID
2,18741,20200714_584_TROCAS7_109_SMPCR_50%_gf75com_1_01.raw,LNGM(+15.99)PQAVDAVLKGDK,16,52,16,836.4359,2,66.93,3.85E4,1670.8662,-5.3,,Oxidation (M),26 20 12 21 14 24 93 93 93 91 95 93 67 48 30 21,LNGM(+15.99)PQAVDAVLKGDK,CID
2,13656,20200714_584_TROCAS7_109_SMPCR_50%_gf75com_1_01.raw,NDWNEALWGRAPLK,14,52,14,835.4289,2,49.64,,1668.8372,3.6,,,32 40 81 87 98 90 41 39 11 25 48 50 56 37,NDWNEALWGRAPLK,CID
2,18485,20200714_584_TROCAS7_109_SMPCR_50%_gf75com_1_01.raw,M(+15.99)M(+15.99)YWTWSEHWAAATK,15,52,15,644.2786,3,66.35,2.15E5,1929.8179,-2.0,,Oxidation (M),22 10 10 10 12 27 69 84 79 51 83 91 89 70 79,M(+15.99)M(+15.99)YWTWSEHWAAATK,CID
2,21174,20200714_584_TROCAS7_109_SMPCR_50%_gf75com_1_01.raw,TFHLQK,6,52,6,387.2136,2,73.16,6.12E3,772.4232,-13.6,,,40 41 65 44 40 83,TFHLQK,CID
2,13636,20200714_584_TROCAS7_109_SMPCR_50%_gf75com_1_01.raw,QAAWPLAR,8,52,8,456.7615,2,49.56,3.87E4,911.4977,11.8,,,66 76 46 39 32 59 59 41,QAAWPLAR,CID
2,12781,20200714_584_TROCAS7_109_SMPCR_50%_gf75com_1_01.raw,AVTVGDLPK,9,52,9,450.2696,2,46.28,1.57E5,898.5123,13.7,GROUPS_10899042_PROKKA_327400,,38 62 80 76 52 56 40 37 28,AVTVGDLPK,CID
2,16204,20200714_584_TROCAS7_109_SMPCR_50%_gf75com_1_01.raw,C(+57.02)TWELVDHTAHVK,13,52,13,798.3825,2,58.83,,1594.7561,-3.5,,Carbamidomethylation,24 26 25 85 92 95 82 27 29 51 51 65 28,C(+57.02)TWELVDHTAHVK,CID
2,19719,20200714_584_TROCAS7_109_SMPCR_50%_gf75com_1_01.raw,MHLMHLTASKK,11,52,11,432.9000,3,69.21,,1295.6843,-4.8,,,46 51 49 59 96 98 84 19 28 26 18,MHLMHLTASKK,CID
2,14414,20200714_584_TROCAS7_109_SMPCR_50%_gf75com_1_01.raw,FLPPNLWFYK,10,52,10,662.8546,2,52.59,4.17E5,1323.7014,-5.2,,,25 35 19 19 25 79 72 86 79 81,FLPPNLWFYK,CID
2,18868,20200714_584_TROCAS7_109_SMPCR_50%_gf75com_1_01.raw,KWTPHLTHHR,10,52,10,438.2329,3,67.22,,1311.6948,-13.7,,,22 21 51 45 88 93 63 49 49 38,KWTPHLTHHR,CID
2,12717,20200714_584_TROCAS7_109_SMPCR_50%_gf75com_1_01.raw,NGDN(+.98)DVATVGHMK,13,52,13,679.7953,2,46.02,,1357.5933,-12.6,,Deamidation (NQ),18 18 43 33 79 84 86 85 68 29 48 65 20,NGDN(+.98)DVATVGHMK,CID
2,20669,20200714_584_TROCAS7_109_SMPCR_50%_gf75com_1_01.raw,C(+57.02)C(+57.02)VATC(+57.02)AANSLPYQVPVVK,19,52,19,1069.0078,2,71.72,,2136.0166,-7.3,,Carbamidomethylation,17 18 18 84 94 94 95 93 48 14 22 66 83 76 80 29 21 22 14,C(+57.02)C(+57.02)VATC(+57.02)AANSLPYQVPVVK,CID
2,15986,20200714_584_TROCAS7_109_SMPCR_50%_gf75com_1_01.raw,NPWNEAVGLPRAASR,15,52,15,819.4367,2,58.03,4.57E4,1636.8433,9.5,,,40 55 71 81 98 95 89 11 26 12 21 30 31 63 55,NPWNEAVGLPRAASR,CID
2,21068,20200714_584_TROCAS7_109_SMPCR_50%_gf75com_1_01.raw,NGM(+15.99)RRYNMNSSLK,13,52,13,793.8915,2,72.87,1.72E4,1585.7454,14.6,,Oxidation (M),44 9 38 12 22 73 20 22 70 94 92 93 86,NGM(+15.99)RRYNMNSSLK,CID
2,10505,20200714_584_TROCAS7_109_SMPCR_50%_gf75com_1_01.raw,DDEN(+.98)SSPATEGQR,13,52,13,703.7786,2,36.96,3.8E5,1405.5593,-11.9,,Deamidation (NQ),24 25 46 29 86 96 93 92 54 59 16 31 19,DDEN(+.98)SSPATEGQR,CID
2,18660,20200714_584_TROCAS7_109_SMPCR_50%_gf75com_1_01.raw,ESRRSAC(+57.02)HSLKGSR,14,52,14,815.9235,2,66.73,,1629.8118,12.7,,Carbamidomethylation,37 38 10 11 18 80 94 93 90 93 69 18 34 39,ESRRSAC(+57.02)HSLKGSR,CID
2,18401,20200714_584_TROCAS7_109_SMPCR_50%_gf75com_1_01.raw,MHLMHPKVYR,10,51,10,437.8952,3,66.16,4.12E4,1310.6741,-7.8,,,61 78 56 51 70 17 25 41 52 62,MHLMHPKVYR,CID
2,22354,20200714_584_TROCAS7_109_SMPCR_50%_gf75com_1_01.raw,QKPLLGSK,8,51,8,435.7747,2,77.03,,869.5334,1.7,,,29 29 20 39 50 61 93 91,QKPLLGSK,CID
2,14562,20200714_584_TROCAS7_109_SMPCR_50%_gf75com_1_01.raw,WVKKKPATLNSR,12,51,12,476.6252,3,53.06,,1426.8408,9.2,,,11 11 11 34 73 95 97 93 82 44 41 25,WVKKKPATLNSR,CID
2,21168,20200714_584_TROCAS7_109_SMPCR_50%_gf75com_1_01.raw,C(+57.02)HKSHLLQQK,10,51,10,426.8997,3,73.15,1.29E4,1277.6663,8.5,,Carbamidomethylation,56 52 63 80 73 79 30 22 29 27,C(+57.02)HKSHLLQQK,CID
2,18488,20200714_584_TROCAS7_109_SMPCR_50%_gf75com_1_01.raw,YHC(+57.02)TEEC(+57.02)LSKC(+57.02)AATK,15,51,15,929.4103,2,66.35,,1856.7854,11.1,,Carbamidomethylation,15 15 38 69 87 34 15 52 63 19 33 81 86 81 81,YHC(+57.02)TEEC(+57.02)LSKC(+57.02)AATK,CID
2,21499,20200714_584_TROCAS7_109_SMPCR_50%_gf75com_1_01.raw,KWQFC(+57.02)WFVFC(+57.02)LPAQNK,16,51,16,1080.0251,2,74.18,,2158.0281,3.6,,Carbamidomethylation,11 12 14 11 11 10 61 90 91 89 90 73 82 85 45 45,KWQFC(+57.02)WFVFC(+57.02)LPAQNK,CID
2,20850,20200714_584_TROCAS7_109_SMPCR_50%_gf75com_1_01.raw,RNYYPSLLNSGDR,13,51,13,518.9335,3,72.23,,1553.7585,13.0,,,23 30 32 30 50 73 92 92 77 68 20 40 35,RNYYPSLLNSGDR,CID
2,19462,20200714_584_TROCAS7_109_SMPCR_50%_gf75com_1_01.raw,NWC(+57.02)GTEC(+57.02)LLSWGGAATK,17,51,17,955.9272,2,68.62,3.81E5,1909.8450,-2.6,,Carbamidomethylation,14 15 18 75 88 90 13 20 65 51 12 11 50 98 93 81 76,NWC(+57.02)GTEC(+57.02)LLSWGGAATK,CID
2,21177,20200714_584_TROCAS7_109_SMPCR_50%_gf75com_1_01.raw,WLNPGSPR,8,51,8,463.7515,2,73.16,5.49E3,925.4770,12.4,,,24 33 40 81 62 85 62 19,WLNPGSPR,CID
2,23478,20200714_584_TROCAS7_109_SMPCR_50%_gf75com_1_01.raw,SNVEAGKVPTK,11,51,11,565.3150,2,80.73,2.37E3,1128.6138,1.5,,,33 35 83 97 78 21 35 62 33 45 35,SNVEAGKVPTK,CID
2,19069,20200714_584_TROCAS7_109_SMPCR_50%_gf75com_1_01.raw,NC(+57.02)WWTC(+57.02)LLSGWGAATK,16,50,16,637.6302,3,67.69,5.96E4,1909.8604,4.4,,Carbamidomethylation,8 9 8 24 25 65 92 85 87 54 74 38 60 70 67 45,NC(+57.02)WWTC(+57.02)LLSGWGAATK,CID
2,16942,20200714_584_TROCAS7_109_SMPCR_50%_gf75com_1_01.raw,FTEN(+.98)DK,6,50,6,377.6716,2,61.43,,753.3181,14.0,,Deamidation (NQ),22 24 50 67 70 69,FTEN(+.98)DK,CID
2,10373,20200714_584_TROCAS7_109_SMPCR_50%_gf75com_1_01.raw,NMC(+57.02)LSSPFHDN(+.98)K,12,50,12,725.8068,2,36.50,1.55E5,1449.6016,-1.8,,Carbamidomethylation; Deamidation (NQ),25 50 26 83 87 94 76 48 30 32 32 23,NMC(+57.02)LSSPFHDN(+.98)K,CID
2,15988,20200714_584_TROCAS7_109_SMPCR_50%_gf75com_1_01.raw,LPQVKQANGVQFMLM(+15.99)TR,17,50,17,989.0103,2,58.04,,1976.0334,-13.9,,Oxidation (M),94 91 76 96 16 18 16 18 10 70 63 24 26 34 61 82 57,LPQVKQANGVQFMLM(+15.99)TR,CID
2,19147,20200714_584_TROCAS7_109_SMPCR_50%_gf75com_1_01.raw,LGEHPEQSLEDRPRWNNR,18,50,18,745.0325,3,67.86,2.67E4,2232.0784,-1.2,,,79 55 92 84 15 44 79 52 61 72 14 15 41 17 24 74 44 37,LGEHPEQSLEDRPRWNNR,CID
2,10360,20200714_584_TROCAS7_109_SMPCR_50%_gf75com_1_01.raw,C(+57.02)C(+57.02)DNSSPATPNMK,13,50,13,741.2879,2,36.45,1.78E5,1480.5745,-8.9,,Carbamidomethylation,38 26 27 27 84 95 89 87 63 26 32 32 26,C(+57.02)C(+57.02)DNSSPATPNMK,CID
2,12628,20200714_584_TROCAS7_109_SMPCR_50%_gf75com_1_01.raw,EPM(+15.99)VAEAHC(+57.02)R,10,50,10,608.2609,2,45.72,2.75E5,1214.5171,-8.1,,Oxidation (M); Carbamidomethylation,50 19 29 94 65 69 39 39 48 46,EPM(+15.99)VAEAHC(+57.02)R,CID
2,23116,20200714_584_TROCAS7_109_SMPCR_50%_gf75com_1_01.raw,SKKKPPMK,8,50,8,472.2916,2,79.47,1.02E4,942.5684,0.2,,,20 23 56 82 71 38 50 57,SKKKPPMK,CID
2,17711,20200714_584_TROCAS7_109_SMPCR_50%_gf75com_1_01.raw,HSYKKTKGM(+15.99)SK,11,50,11,437.5712,3,64.03,,1309.6812,8.0,,Oxidation (M),46 57 82 51 29 21 27 61 87 69 17,HSYKKTKGM(+15.99)SK,CID
2,10406,20200714_584_TROCAS7_109_SMPCR_50%_gf75com_1_01.raw,HEC(+57.02)FSPGC(+57.02)SPLK,12,50,12,709.8141,2,36.60,,1417.6118,1.4,,Carbamidomethylation,18 45 20 21 75 59 12 26 79 81 85 78,HEC(+57.02)FSPGC(+57.02)SPLK,CID
