,Peptide,-10lgP,Mass,Length,ppm,m/z,RT,Area,Fraction,Scan,Source_File,A,C,D,E,F,G,H,I,K,L,M,N,P,Q,R,S,T,V,W,Y,c-carb,m-oxid,n-deam,q-deam,stripped_peptide,stripped_length,NAAF_num.,ptm-total,stripped_IL
0,LSSPATLNSR,45.56,1044.5564,10,1.6,523.2863,43.48,12700000.0,6,7158,20210623_Trocas8_680_SMCP63_surface_DDA_120min.raw,1,0,0,0,0,0,0,0,0,2,0,1,1,0,1,3,1,0,0,0,0,0,0,0,LSSPATLNSR,10,1270000.0,0,LSSPATLNSR
1,APVLSDSSC(+57.02)K,44.57,1062.5016,10,-1.3,532.2574,32.74,33800.0,6,4982,20210623_Trocas8_680_SMCP63_surface_DDA_120min.raw,1,1,1,0,0,0,0,0,1,1,0,0,1,0,0,3,0,1,0,0,1,0,0,0,APVLSDSSCK,10,3380.0,1,APVLSDSSCK
2,LSSPATLN(+.98)SR,42.07,1045.5404,10,-0.6,523.7772,46.58,160000.0,6,7959,20210623_Trocas8_680_SMCP63_surface_DDA_120min.raw,1,0,0,0,0,0,0,0,0,2,0,1,1,0,1,3,1,0,0,0,0,0,1,0,LSSPATLNSR,10,16000.0,1,LSSPATLNSR
3,LATVISPR,37.4,855.5178,8,-0.9,428.7658,57.89,4820000.0,6,9895,20210623_Trocas8_680_SMCP63_surface_DDA_120min.raw,1,0,0,0,0,0,0,1,0,1,0,0,1,0,1,1,1,1,0,0,0,0,0,0,LATVISPR,8,602500.0,0,LATVLSPR
4,LATVLSPR,37.4,855.5178,8,-0.9,428.7658,57.89,4820000.0,6,9895,20210623_Trocas8_680_SMCP63_surface_DDA_120min.raw,1,0,0,0,0,0,0,0,0,2,0,0,1,0,1,1,1,1,0,0,0,0,0,0,LATVLSPR,8,602500.0,0,LATVLSPR
5,SLVNLGGSK,36.84,873.4919,9,-2.3,437.7522,56.38,25900.0,6,9634,20210623_Trocas8_680_SMCP63_surface_DDA_120min.raw,0,0,0,0,0,2,0,0,1,2,0,1,0,0,0,2,0,1,0,0,0,0,0,0,SLVNLGGSK,9,2877.777777777778,0,SLVNLGGSK
6,IVGGYTC(+57.02)AANSIPYQVSLNSG,34.92,2170.0364,21,-2.0,724.3513,95.33,687.0,6,15682,20210623_Trocas8_680_SMCP63_surface_DDA_120min.raw,2,1,0,0,0,3,0,2,0,1,0,2,1,1,0,3,1,2,0,2,1,0,0,0,IVGGYTCAANSIPYQVSLNSG,21,32.714285714285715,1,LVGGYTCAANSLPYQVSLNSG
7,VATVSLPR,33.6,841.5021,8,-0.3,421.7582,56.49,11300000.0,6,9655,20210623_Trocas8_680_SMCP63_surface_DDA_120min.raw,1,0,0,0,0,0,0,0,0,1,0,0,1,0,1,1,1,2,0,0,0,0,0,0,VATVSLPR,8,1412500.0,0,VATVSLPR
8,MSVFDILK,29.21,951.5099,8,7.2,476.7657,92.2,13700.0,6,15177,20210623_Trocas8_680_SMCP63_surface_DDA_120min.raw,0,0,1,0,1,0,0,1,1,1,1,0,0,0,0,1,0,1,0,0,0,0,0,0,MSVFDILK,8,1712.5,0,MSVFDLLK
9,VVTIVSPR,26.66,869.5334,8,-0.7,435.7737,60.48,6340000.0,6,10356,20210623_Trocas8_680_SMCP63_surface_DDA_120min.raw,0,0,0,0,0,0,0,1,0,0,0,0,1,0,1,1,1,3,0,0,0,0,0,0,VVTIVSPR,8,792500.0,0,VVTLVSPR
10,LIAPQFVKPFVK,25.95,1385.8434,12,-8.3,693.9232,114.38,0.0,6,18976,20210623_Trocas8_680_SMCP63_surface_DDA_120min.raw,1,0,0,0,2,0,0,1,2,1,0,0,2,1,0,0,0,2,0,0,0,0,0,0,LIAPQFVKPFVK,12,0.0,0,LLAPQFVKPFVK
11,VVTVSLPR,25.2,869.5334,8,-0.4,435.7738,59.97,5920000.0,6,10255,20210623_Trocas8_680_SMCP63_surface_DDA_120min.raw,0,0,0,0,0,0,0,0,0,1,0,0,1,0,1,1,1,3,0,0,0,0,0,0,VVTVSLPR,8,740000.0,0,VVTVSLPR
12,VVTVSIPR,25.2,869.5334,8,-0.4,435.7738,59.97,5920000.0,6,10255,20210623_Trocas8_680_SMCP63_surface_DDA_120min.raw,0,0,0,0,0,0,0,1,0,0,0,0,1,0,1,1,1,3,0,0,0,0,0,0,VVTVSIPR,8,740000.0,0,VVTVSLPR
13,AHKVFKVYK,23.2,1118.66,9,2.8,560.3389,103.65,4790.0,6,17081,20210623_Trocas8_680_SMCP63_surface_DDA_120min.raw,1,0,0,0,1,0,1,0,3,0,0,0,0,0,0,0,0,2,0,1,0,0,0,0,AHKVFKVYK,9,532.2222222222222,0,AHKVFKVYK
14,SC(+57.02)AAAGTEC(+57.02)L,22.11,1038.411,10,-1.2,520.2122,48.69,49800.0,6,8296,20210623_Trocas8_680_SMCP63_surface_DDA_120min.raw,3,2,0,1,0,1,0,0,0,1,0,0,0,0,0,1,1,0,0,0,2,0,0,0,SCL,3,16600.0,2,SCL
15,SPATLNSR,21.24,844.4402,8,-2.8,423.2262,22.96,27400.0,6,3294,20210623_Trocas8_680_SMCP63_surface_DDA_120min.raw,1,0,0,0,0,0,0,0,0,1,0,1,1,0,1,2,1,0,0,0,0,0,0,0,SPATLNSR,8,3425.0,0,SPATLNSR
16,EGVIHRITPR,21.17,1176.6727,10,-3.7,589.3415,110.63,3980.0,6,18330,20210623_Trocas8_680_SMCP63_surface_DDA_120min.raw,0,0,0,1,0,1,1,2,0,0,0,0,1,0,2,0,1,1,0,0,0,0,0,0,EGVIHRITPR,10,398.0,0,EGVLHRLTPR
17,LGEHNIDVL,21.11,1008.524,9,-1.7,505.2684,76.16,218000.0,6,12773,20210623_Trocas8_680_SMCP63_surface_DDA_120min.raw,0,0,1,1,0,1,1,1,0,2,0,1,0,0,0,0,0,1,0,0,0,0,0,0,LGEHNIDVL,9,24222.222222222223,0,LGEHNLDVL
18,QEFLANAK,20.62,919.4763,8,0.0,460.7454,45.5,21300.0,6,7698,20210623_Trocas8_680_SMCP63_surface_DDA_120min.raw,2,0,0,1,1,0,0,0,1,1,0,1,0,1,0,0,0,0,0,0,0,0,0,0,QEFLANAK,8,2662.5,0,QEFLANAK
19,RPWHER,20.06,879.4464,6,2.7,440.7316,56.67,4610.0,6,9684,20210623_Trocas8_680_SMCP63_surface_DDA_120min.raw,0,0,0,1,0,0,1,0,0,0,0,0,1,0,2,0,0,0,1,0,0,0,0,0,RPWHER,6,768.3333333333334,0,RPWHER
20,HIIVGKNNKK,18.15,1149.6982,10,6.6,575.8602,113.85,786.0,6,18866,20210623_Trocas8_680_SMCP63_surface_DDA_120min.raw,0,0,0,0,0,1,1,2,3,0,0,2,0,0,0,0,0,1,0,0,0,0,0,0,HIIVGKNNKK,10,78.6,0,HLLVGKNNKK
21,SSPATLNSR,18.04,931.4723,9,-1.0,466.743,25.57,62300.0,6,3778,20210623_Trocas8_680_SMCP63_surface_DDA_120min.raw,1,0,0,0,0,0,0,0,0,1,0,1,1,0,1,3,1,0,0,0,0,0,0,0,SSPATLNSR,9,6922.222222222223,0,SSPATLNSR
22,NHNVC(+57.02)HIKN(+.98)YVQLYEGK,18.01,2116.0159,17,-0.1,1059.0151,127.21,1290.0,6,21013,20210623_Trocas8_680_SMCP63_surface_DDA_120min.raw,0,1,0,1,0,1,2,1,2,1,0,3,0,1,0,0,0,2,0,2,1,0,1,0,NHNVCYVQLYEGK,13,99.23076923076923,2,NHNVCYVQLYEGK
23,DLLPEPDK,17.78,925.4756,8,2.7,463.7463,86.08,4440.0,6,14252,20210623_Trocas8_680_SMCP63_surface_DDA_120min.raw,0,0,2,1,0,0,0,0,1,2,0,0,2,0,0,0,0,0,0,0,0,0,0,0,DLLPEPDK,8,555.0,0,DLLPEPDK
24,LNALFLGSGPDEAKLK,17.7,1671.9196,16,-5.8,558.3105,139.47,57100.0,6,22871,20210623_Trocas8_680_SMCP63_surface_DDA_120min.raw,2,0,1,1,1,2,0,0,2,4,0,1,1,0,0,1,0,0,0,0,0,0,0,0,LNALFLGSGPDEAKLK,16,3568.75,0,LNALFLGSGPDEAKLK
25,RMDARR,17.7,803.4184,6,8.2,402.7198,132.88,4620.0,6,21904,20210623_Trocas8_680_SMCP63_surface_DDA_120min.raw,1,0,1,0,0,0,0,0,0,0,1,0,0,0,3,0,0,0,0,0,0,0,0,0,RMDARR,6,770.0,0,RMDARR
26,GLEHRPR,17.42,863.4725,7,12.0,432.7487,56.65,58200.0,6,9680,20210623_Trocas8_680_SMCP63_surface_DDA_120min.raw,0,0,0,1,0,1,1,0,0,1,0,0,1,0,2,0,0,0,0,0,0,0,0,0,GLEHRPR,7,8314.285714285714,0,GLEHRPR
27,GIEHRPR,17.42,863.4725,7,12.0,432.7487,56.65,58200.0,6,9680,20210623_Trocas8_680_SMCP63_surface_DDA_120min.raw,0,0,0,1,0,1,1,1,0,0,0,0,1,0,2,0,0,0,0,0,0,0,0,0,GIEHRPR,7,8314.285714285714,0,GLEHRPR
28,AITC(+57.02)IGFADN(+.98)TGVPGDN(+.98)RWLGDR,17.2,2506.1545,23,1.4,1254.0863,33.34,7700.0,6,5100,20210623_Trocas8_680_SMCP63_surface_DDA_120min.raw,2,1,3,0,1,4,0,2,0,1,0,2,1,0,2,0,2,1,1,0,1,0,2,0,AITCRWLGDR,10,770.0,3,ALTCRWLGDR
29,AGLPKVHLV,17.09,932.5807,9,5.9,467.3004,94.7,2040.0,6,15574,20210623_Trocas8_680_SMCP63_surface_DDA_120min.raw,1,0,0,0,0,1,1,0,1,2,0,0,1,0,0,0,0,2,0,0,0,0,0,0,AGLPKVHLV,9,226.66666666666666,0,AGLPKVHLV
30,QAILLPAPQK,17.05,1077.6545,10,-6.9,539.8308,97.4,1270.0,6,16029,20210623_Trocas8_680_SMCP63_surface_DDA_120min.raw,2,0,0,0,0,0,0,1,1,2,0,0,2,2,0,0,0,0,0,0,0,0,0,0,QAILLPAPQK,10,127.0,0,QALLLPAPQK
31,M(+15.99)TIATIITATTGS,16.59,1295.6643,13,7.2,432.8985,99.37,5600.0,6,16365,20210623_Trocas8_680_SMCP63_surface_DDA_120min.raw,2,0,0,0,0,1,0,3,0,0,1,0,0,0,0,1,5,0,0,0,0,1,0,0,MTIATIITATTGS,13,430.7692307692308,1,MTLATLLTATTGS
32,TSQVVGVTIK,16.11,1030.6023,10,9.0,516.313,99.68,12100.0,6,16414,20210623_Trocas8_680_SMCP63_surface_DDA_120min.raw,0,0,0,0,0,1,0,1,1,0,0,0,0,1,0,1,2,3,0,0,0,0,0,0,TSQVVGVTIK,10,1210.0,0,TSQVVGVTLK
33,LLYQVQVIALAR,15.95,1385.8395,12,-7.3,462.9504,109.28,7040.0,6,18085,20210623_Trocas8_680_SMCP63_surface_DDA_120min.raw,2,0,0,0,0,0,0,1,0,3,0,0,0,2,1,0,0,2,0,1,0,0,0,0,LLYQVQVIALAR,12,586.6666666666666,0,LLYQVQVLALAR
34,WNLQAFVDFLK,15.86,1379.7238,11,-11.9,690.861,97.87,0.0,6,16120,20210623_Trocas8_680_SMCP63_surface_DDA_120min.raw,1,0,1,0,2,0,0,0,1,2,0,1,0,1,0,0,0,1,1,0,0,0,0,0,WNLQAFVDFLK,11,0.0,0,WNLQAFVDFLK
35,TTLILLTVYC(+57.02)L,15.68,1308.7363,11,10.3,655.3822,97.97,0.0,6,16145,20210623_Trocas8_680_SMCP63_surface_DDA_120min.raw,0,1,0,0,0,0,0,1,0,4,0,0,0,0,0,0,3,1,0,1,1,0,0,0,TTLILLTVYCL,11,0.0,1,TTLLLLTVYCL
36,LGEHNID,15.54,796.3715,7,-0.6,399.1928,30.32,366000.0,6,4543,20210623_Trocas8_680_SMCP63_surface_DDA_120min.raw,0,0,1,1,0,1,1,1,0,1,0,1,0,0,0,0,0,0,0,0,0,0,0,0,LGEHNID,7,52285.71428571428,0,LGEHNLD
37,FEEM(+15.99)KGN(+.98)FLAIIKNK,15.51,1797.9335,15,5.5,600.3217,97.6,0.0,6,16061,20210623_Trocas8_680_SMCP63_surface_DDA_120min.raw,1,0,0,2,2,1,0,2,3,1,1,2,0,0,0,0,0,0,0,0,0,1,1,0,FEEMFLAIIKNK,12,0.0,2,FEEMFLALLKNK
38,TRYGYPAK,15.48,954.4923,8,-1.1,478.2529,55.97,16100.0,6,9565,20210623_Trocas8_680_SMCP63_surface_DDA_120min.raw,1,0,0,0,0,1,0,0,1,0,0,0,1,0,1,0,1,0,0,2,0,0,0,0,TRYGYPAK,8,2012.5,0,TRYGYPAK
39,QRLVEQVTGLVR,15.36,1396.8151,12,-9.9,699.4079,103.73,0.0,6,17108,20210623_Trocas8_680_SMCP63_surface_DDA_120min.raw,0,0,0,1,0,1,0,0,0,2,0,0,0,2,2,0,1,3,0,0,0,0,0,0,QRLVEQVTGLVR,12,0.0,0,QRLVEQVTGLVR
40,GNLVVHQAK,15.07,964.5454,9,-3.8,483.2781,97.02,896.0,6,15954,20210623_Trocas8_680_SMCP63_surface_DDA_120min.raw,1,0,0,0,0,1,1,0,1,1,0,1,0,1,0,0,0,2,0,0,0,0,0,0,GNLVVHQAK,9,99.55555555555556,0,GNLVVHQAK
41,GEETFDYTIDDGN(+.98)GGTATAK,15.05,2061.865,20,-2.1,1031.9376,91.62,14700.0,6,15087,20210623_Trocas8_680_SMCP63_surface_DDA_120min.raw,2,0,3,2,1,4,0,1,1,0,0,1,0,0,0,0,4,0,0,1,0,0,1,0,GEETFDYTIDDGNGGTATAK,20,735.0,1,GEETFDYTLDDGNGGTATAK
